Linux 6.8.0-136-generic (testf) 	2026-07-26 	_x86_64_	(1 CPU)

04:48:06        IFACE   rxpck/s   txpck/s    rxkB/s    txkB/s   rxcmp/s   txcmp/s  rxmcst/s   %ifutil
04:48:16           lo      0.00      0.00      0.00      0.00      0.00      0.00      0.00      0.00
04:48:16       enp0s3      1.20      0.10      0.10      0.02      0.00      0.00      0.00      0.00
04:48:26           lo      0.00      0.00      0.00      0.00      0.00      0.00      0.00      0.00
04:48:26       enp0s3      0.90      1.30      0.09      1.48      0.00      0.00      0.00      0.00
04:48:36           lo      0.00      0.00      0.00      0.00      0.00      0.00      0.00      0.00
04:48:36       enp0s3      1.00      1.10      0.06      1.46      0.00      0.00      0.00      0.00
04:48:46           lo      0.00      0.00      0.00      0.00      0.00      0.00      0.00      0.00
04:48:46       enp0s3      1.30      1.20      0.13      1.47      0.00      0.00      0.00      0.00
04:48:56           lo      0.00      0.00      0.00      0.00      0.00      0.00      0.00      0.00
04:48:56       enp0s3      1.20      1.30      0.09      1.47      0.00      0.00      0.00      0.00
04:49:06           lo      0.00      0.00      0.00      0.00      0.00      0.00      0.00      0.00
04:49:06       enp0s3      0.90      1.20      0.07      1.47      0.00      0.00      0.10      0.00
04:49:16           lo      0.00      0.00      0.00      0.00      0.00      0.00      0.00      0.00
04:49:16       enp0s3      1.60      1.10      0.13      1.46      0.00      0.00      0.00      0.00
04:49:26           lo      0.00      0.00      0.00      0.00      0.00      0.00      0.00      0.00
04:49:26       enp0s3      1.60      1.30      0.11      1.47      0.00      0.00      0.00      0.00
04:49:36           lo      0.00      0.00      0.00      0.00      0.00      0.00      0.00      0.00
04:49:36       enp0s3      1.10      1.30      0.08      1.47      0.00      0.00      0.00      0.00
04:49:46           lo      0.00      0.00      0.00      0.00      0.00      0.00      0.00      0.00
04:49:46       enp0s3      0.80      1.20      0.10      1.47      0.00      0.00      0.00      0.00
04:49:56           lo      0.00      0.00      0.00      0.00      0.00      0.00      0.00      0.00
04:49:56       enp0s3      1.10      1.10      0.07      1.46      0.00      0.00      0.00      0.00
04:50:06           lo      0.00      0.00      0.00      0.00      0.00      0.00      0.00      0.00
04:50:06       enp0s3      2.10      1.20      0.14      1.47      0.00      0.00      0.00      0.00
04:50:16           lo      0.00      0.00      0.00      0.00      0.00      0.00      0.00      0.00
04:50:16       enp0s3      1.40      1.30      0.13      1.47      0.00      0.00      0.00      0.00
04:50:26           lo      0.00      0.00      0.00      0.00      0.00      0.00      0.00      0.00
04:50:26       enp0s3      0.80      1.20      0.07      1.47      0.00      0.00      0.00      0.00
04:50:36           lo      0.00      0.00      0.00      0.00      0.00      0.00      0.00      0.00
04:50:36       enp0s3      0.60      1.10      0.04      1.46      0.00      0.00      0.00      0.00
04:50:46           lo      0.00      0.00      0.00      0.00      0.00      0.00      0.00      0.00
04:50:46       enp0s3      1.00      1.20      0.11      1.47      0.00      0.00      0.00      0.00
04:50:56           lo      0.00      0.00      0.00      0.00      0.00      0.00      0.00      0.00
04:50:56       enp0s3      0.90      1.30      0.07      1.48      0.00      0.00      0.00      0.00
04:51:06           lo      0.00      0.00      0.00      0.00      0.00      0.00      0.00      0.00
04:51:06       enp0s3      1.20      1.30      0.09      1.47      0.00      0.00      0.00      0.00
04:51:16           lo      0.00      0.00      0.00      0.00      0.00      0.00      0.00      0.00
04:51:16       enp0s3      0.90      1.30      0.09      1.48      0.00      0.00      0.10      0.00
04:51:26           lo      0.00      0.00      0.00      0.00      0.00      0.00      0.00      0.00
04:51:26       enp0s3      0.90      1.20      0.07      1.47      0.00      0.00      0.00      0.00
04:51:36           lo      0.00      0.00      0.00      0.00      0.00      0.00      0.00      0.00
04:51:36       enp0s3      1.10      1.20      0.08      1.47      0.00      0.00      0.00      0.00
04:51:46           lo      0.00      0.00      0.00      0.00      0.00      0.00      0.00      0.00
04:51:46       enp0s3      1.10      1.30      0.11      1.47      0.00      0.00      0.00      0.00
04:51:56           lo      0.00      0.00      0.00      0.00      0.00      0.00      0.00      0.00
04:51:56       enp0s3      0.80      1.20      0.05      1.47      0.00      0.00      0.00      0.00
04:52:06           lo      0.00      0.00      0.00      0.00      0.00      0.00      0.00      0.00
04:52:06       enp0s3      0.90      1.20      0.07      1.47      0.00      0.00      0.00      0.00
04:52:16           lo      0.00      0.00      0.00      0.00      0.00      0.00      0.00      0.00
04:52:16       enp0s3      1.10      1.20      0.11      1.47      0.00      0.00      0.00      0.00
04:52:26           lo      0.00      0.00      0.00      0.00      0.00      0.00      0.00      0.00
04:52:26       enp0s3      0.80      1.20      0.07      1.47      0.00      0.00      0.00      0.00
04:52:36           lo      0.00      0.00      0.00      0.00      0.00      0.00      0.00      0.00
04:52:36       enp0s3      0.90      1.20      0.06      1.46      0.00      0.00      0.00      0.00
04:52:46           lo      0.00      0.00      0.00      0.00      0.00      0.00      0.00      0.00
04:52:46       enp0s3      1.10      1.20      0.11      1.47      0.00      0.00      0.00      0.00
04:52:56           lo      0.00      0.00      0.00      0.00      0.00      0.00      0.00      0.00
04:52:56       enp0s3      0.80      1.20      0.07      1.47      0.00      0.00      0.00      0.00
04:53:06           lo      0.00      0.00      0.00      0.00      0.00      0.00      0.00      0.00
04:53:06       enp0s3      0.90      1.20      0.07      1.47      0.00      0.00      0.00      0.00
04:53:16           lo      0.00      0.00      0.00      0.00      0.00      0.00      0.00      0.00
04:53:16       enp0s3      1.20      1.20      0.10      1.46      0.00      0.00      0.10      0.00
04:53:26           lo      0.00      0.00      0.00      0.00      0.00      0.00      0.00      0.00
04:53:26       enp0s3      1.10      1.20      0.08      1.47      0.00      0.00      0.00      0.00
04:53:36           lo      0.00      0.00      0.00      0.00      0.00      0.00      0.00      0.00
04:53:36       enp0s3      0.70      1.20      0.06      1.47      0.00      0.00      0.00      0.00
04:53:46           lo      0.00      0.00      0.00      0.00      0.00      0.00      0.00      0.00
04:53:46       enp0s3      1.00      1.20      0.11      1.47      0.00      0.00      0.00      0.00
04:53:56           lo      1.20      1.20      0.11      0.11      0.00      0.00      0.00      0.00
04:53:56       enp0s3      4.10      3.70      2.28      1.74      0.00      0.00      0.00      0.00
04:54:06           lo      0.00      0.00      0.00      0.00      0.00      0.00      0.00      0.00
04:54:06       enp0s3    136.00     26.40    196.83      3.15      0.00      0.00      0.00      0.16
04:54:16           lo      0.00      0.00      0.00      0.00      0.00      0.00      0.00      0.00
04:54:16       enp0s3      1.00      1.30      0.11      1.48      0.00      0.00      0.00      0.00
04:54:26           lo      0.00      0.00      0.00      0.00      0.00      0.00      0.00      0.00
04:54:26       enp0s3      1.10      1.20      0.08      1.47      0.00      0.00      0.00      0.00
04:54:36           lo      0.00      0.00      0.00      0.00      0.00      0.00      0.00      0.00
04:54:36       enp0s3      0.90      1.10      0.06      1.46      0.00      0.00      0.00      0.00
04:54:46           lo      0.00      0.00      0.00      0.00      0.00      0.00      0.00      0.00
04:54:46       enp0s3      1.10      1.40      0.12      1.49      0.00      0.00      0.00      0.00
04:54:56           lo      0.00      0.00      0.00      0.00      0.00      0.00      0.00      0.00
04:54:56       enp0s3      0.80      1.20      0.07      1.47      0.00      0.00      0.00      0.00
04:55:06           lo      0.00      0.00      0.00      0.00      0.00      0.00      0.00      0.00
04:55:06       enp0s3      1.20      1.20      0.09      1.47      0.00      0.00      0.00      0.00
04:55:16           lo      0.00      0.00      0.00      0.00      0.00      0.00      0.00      0.00
04:55:16       enp0s3      0.90      1.10      0.09      1.46      0.00      0.00      0.00      0.00
04:55:26           lo      0.00      0.00      0.00      0.00      0.00      0.00      0.00      0.00
04:55:26       enp0s3      1.10      1.20      0.08      1.47      0.00      0.00      0.10      0.00
04:55:36           lo      0.00      0.00      0.00      0.00      0.00      0.00      0.00      0.00
04:55:36       enp0s3      0.90      1.30      0.07      1.47      0.00      0.00      0.00      0.00
04:55:46           lo      0.00      0.00      0.00      0.00      0.00      0.00      0.00      0.00
04:55:46       enp0s3      0.90      1.20      0.10      1.47      0.00      0.00      0.00      0.00
04:55:56           lo      0.00      0.00      0.00      0.00      0.00      0.00      0.00      0.00
04:55:56       enp0s3      0.90      1.20      0.06      1.47      0.00      0.00      0.00      0.00
04:56:06           lo      0.00      0.00      0.00      0.00      0.00      0.00      0.00      0.00
04:56:06       enp0s3      1.00      1.30      0.08      1.48      0.00      0.00      0.00      0.00
04:56:16           lo      0.00      0.00      0.00      0.00      0.00      0.00      0.00      0.00
04:56:16       enp0s3      1.30      1.20      0.13      1.47      0.00      0.00      0.00      0.00
04:56:26           lo      0.00      0.00      0.00      0.00      0.00      0.00      0.00      0.00
04:56:26       enp0s3      1.10      1.30      0.08      1.47      0.00      0.00      0.00      0.00
04:56:36           lo      0.00      0.00      0.00      0.00      0.00      0.00      0.00      0.00
04:56:36       enp0s3      0.70      1.10      0.04      1.46      0.00      0.00      0.00      0.00
04:56:46           lo      0.00      0.00      0.00      0.00      0.00      0.00      0.00      0.00
04:56:46       enp0s3      0.80      1.20      0.10      1.47      0.00      0.00      0.00      0.00
04:56:56           lo      0.00      0.00      0.00      0.00      0.00      0.00      0.00      0.00
04:56:56       enp0s3      0.90      1.20      0.07      1.47      0.00      0.00      0.00      0.00
04:57:06           lo      0.00      0.00      0.00      0.00      0.00      0.00      0.00      0.00
04:57:06       enp0s3      1.30      1.30      0.10      1.47      0.00      0.00      0.00      0.00
04:57:16           lo      0.00      0.00      0.00      0.00      0.00      0.00      0.00      0.00
04:57:16       enp0s3      0.70      1.10      0.07      1.46      0.00      0.00      0.00      0.00
04:57:26           lo      0.00      0.00      0.00      0.00      0.00      0.00      0.00      0.00
04:57:26       enp0s3      1.10      1.20      0.08      1.47      0.00      0.00      0.10      0.00
04:57:36           lo      0.00      0.00      0.00      0.00      0.00      0.00      0.00      0.00
04:57:36       enp0s3      1.10      1.20      0.08      1.47      0.00      0.00      0.00      0.00
04:57:46           lo      0.00      0.00      0.00      0.00      0.00      0.00      0.00      0.00
04:57:46       enp0s3      0.90      1.20      0.10      1.47      0.00      0.00      0.00      0.00
04:57:56           lo      0.00      0.00      0.00      0.00      0.00      0.00      0.00      0.00
04:57:56       enp0s3      1.00      1.20      0.06      1.46      0.00      0.00      0.00      0.00
04:58:06           lo      0.00      0.00      0.00      0.00      0.00      0.00      0.00      0.00
04:58:06       enp0s3      0.90      1.30      0.07      1.48      0.00      0.00      0.00      0.00
04:58:16           lo      0.00      0.00      0.00      0.00      0.00      0.00      0.00      0.00
04:58:16       enp0s3      1.00      1.20      0.11      1.47      0.00      0.00      0.00      0.00
04:58:26           lo      0.00      0.00      0.00      0.00      0.00      0.00      0.00      0.00
04:58:26       enp0s3      1.10      1.20      0.08      1.47      0.00      0.00      0.00      0.00
04:58:36           lo      0.00      0.00      0.00      0.00      0.00      0.00      0.00      0.00
04:58:36       enp0s3      0.90      1.20      0.06      1.46      0.00      0.00      0.00      0.00
04:58:46           lo      0.00      0.00      0.00      0.00      0.00      0.00      0.00      0.00
04:58:46       enp0s3      1.10      1.20      0.11      1.47      0.00      0.00      0.00      0.00
04:58:56           lo      0.00      0.00      0.00      0.00      0.00      0.00      0.00      0.00
04:58:56       enp0s3      0.80      1.20      0.07      1.47      0.00      0.00      0.00      0.00
04:59:06           lo      0.00      0.00      0.00      0.00      0.00      0.00      0.00      0.00
04:59:06       enp0s3      1.00      1.20      0.08      1.47      0.00      0.00      0.00      0.00
04:59:16           lo      0.00      0.00      0.00      0.00      0.00      0.00      0.00      0.00
04:59:16       enp0s3     10.50      1.40      0.65      1.48      0.00      0.00      0.00      0.00
04:59:26           lo      0.00      0.00      0.00      0.00      0.00      0.00      0.00      0.00
04:59:26       enp0s3      1.00      1.20      0.08      1.47      0.00      0.00      0.00      0.00
04:59:36           lo      0.00      0.00      0.00      0.00      0.00      0.00      0.00      0.00
04:59:36       enp0s3     81.02      1.30      4.77      1.48      0.00      0.00      0.10      0.00
04:59:46           lo      0.00      0.00      0.00      0.00      0.00      0.00      0.00      0.00
04:59:46       enp0s3     32.20      1.30      1.94      1.47      0.00      0.00      0.00      0.00
04:59:56           lo      0.00      0.00      0.00      0.00      0.00      0.00      0.00      0.00
04:59:56       enp0s3     25.40      1.10      1.49      1.46      0.00      0.00      0.00      0.00
05:00:06           lo      0.00      0.00      0.00      0.00      0.00      0.00      0.00      0.00
05:00:06       enp0s3     11.60      1.20      0.70      1.47      0.00      0.00      0.00      0.00
05:00:16           lo      0.00      0.00      0.00      0.00      0.00      0.00      0.00      0.00
05:00:16       enp0s3     32.10      1.30      1.93      1.48      0.00      0.00      0.00      0.00
05:00:26           lo      0.00      0.00      0.00      0.00      0.00      0.00      0.00      0.00
05:00:26       enp0s3     25.40      1.20      1.51      1.47      0.00      0.00      0.00      0.00
05:00:36           lo      0.00      0.00      0.00      0.00      0.00      0.00      0.00      0.00
05:00:36       enp0s3      0.70      1.10      0.04      1.46      0.00      0.00      0.00      0.00
05:00:46           lo      0.00      0.00      0.00      0.00      0.00      0.00      0.00      0.00
05:00:46       enp0s3     24.30      1.20      1.47      1.47      0.00      0.00      0.00      0.00
05:00:56           lo      0.00      0.00      0.00      0.00      0.00      0.00      0.00      0.00
05:00:56       enp0s3      1.00      1.30      0.08      1.47      0.00      0.00      0.00      0.00
05:01:06           lo      0.00      0.00      0.00      0.00      0.00      0.00      0.00      0.00
05:01:06       enp0s3      1.60      1.30      0.11      1.47      0.00      0.00      0.00      0.00
05:01:16           lo      0.00      0.00      0.00      0.00      0.00      0.00      0.00      0.00
05:01:16       enp0s3      1.20      1.20      0.10      1.46      0.00      0.00      0.00      0.00
05:01:26           lo      0.00      0.00      0.00      0.00      0.00      0.00      0.00      0.00
05:01:26       enp0s3      0.90      1.20      0.07      1.47      0.00      0.00      0.00      0.00
05:01:36           lo      0.00      0.00      0.00      0.00      0.00      0.00      0.00      0.00
05:01:36       enp0s3      0.90      1.20      0.07      1.47      0.00      0.00      0.10      0.00
05:01:46           lo      0.00      0.00      0.00      0.00      0.00      0.00      0.00      0.00
05:01:46       enp0s3      0.90      1.20      0.10      1.47      0.00      0.00      0.00      0.00
05:01:56           lo      0.00      0.00      0.00      0.00      0.00      0.00      0.00      0.00
05:01:56       enp0s3      0.70      1.10      0.04      1.46      0.00      0.00      0.00      0.00
05:02:06           lo      0.00      0.00      0.00      0.00      0.00      0.00      0.00      0.00
05:02:06       enp0s3      1.20      1.20      0.09      1.47      0.00      0.00      0.00      0.00
05:02:16           lo      0.00      0.00      0.00      0.00      0.00      0.00      0.00      0.00
05:02:16       enp0s3      1.00      1.30      0.11      1.47      0.00      0.00      0.00      0.00
05:02:26           lo      0.00      0.00      0.00      0.00      0.00      0.00      0.00      0.00
05:02:26       enp0s3      0.80      1.20      0.07      1.47      0.00      0.00      0.00      0.00
05:02:36           lo      0.00      0.00      0.00      0.00      0.00      0.00      0.00      0.00
05:02:36       enp0s3      0.90      1.10      0.06      1.46      0.00      0.00      0.00      0.00
05:02:46           lo      0.00      0.00      0.00      0.00      0.00      0.00      0.00      0.00
05:02:46       enp0s3      1.00      1.20      0.11      1.47      0.00      0.00      0.00      0.00
05:02:56           lo      0.00      0.00      0.00      0.00      0.00      0.00      0.00      0.00
05:02:56       enp0s3      1.00      1.20      0.08      1.47      0.00      0.00      0.00      0.00
05:03:06           lo      0.00      0.00      0.00      0.00      0.00      0.00      0.00      0.00
05:03:06       enp0s3      1.10      1.30      0.08      1.47      0.00      0.00      0.00      0.00
05:03:16           lo      0.00      0.00      0.00      0.00      0.00      0.00      0.00      0.00
05:03:16       enp0s3      0.80      1.20      0.08      1.47      0.00      0.00      0.00      0.00
05:03:26           lo      0.00      0.00      0.00      0.00      0.00      0.00      0.00      0.00
05:03:26       enp0s3      0.90      1.20      0.07      1.47      0.00      0.00      0.00      0.00
05:03:36           lo      0.00      0.00      0.00      0.00      0.00      0.00      0.00      0.00
05:03:36       enp0s3      0.90      1.20      0.07      1.47      0.00      0.00      0.00      0.00
05:03:46           lo      0.00      0.00      0.00      0.00      0.00      0.00      0.00      0.00
05:03:46       enp0s3      1.10      1.20      0.11      1.47      0.00      0.00      0.10      0.00
05:03:56           lo      0.00      0.00      0.00      0.00      0.00      0.00      0.00      0.00
05:03:56       enp0s3      0.80      1.20      0.05      1.46      0.00      0.00      0.00      0.00
05:04:06           lo      0.00      0.00      0.00      0.00      0.00      0.00      0.00      0.00
05:04:06       enp0s3      1.30      1.40      0.10      1.48      0.00      0.00      0.00      0.00
05:04:16           lo      0.00      0.00      0.00      0.00      0.00      0.00      0.00      0.00
05:04:16       enp0s3      1.20      1.30      0.12      1.47      0.00      0.00      0.00      0.00
05:04:26           lo      0.00      0.00      0.00      0.00      0.00      0.00      0.00      0.00
05:04:26       enp0s3      0.90      1.20      0.07      1.47      0.00      0.00      0.00      0.00
05:04:36           lo      0.00      0.00      0.00      0.00      0.00      0.00      0.00      0.00
05:04:36       enp0s3      0.90      1.20      0.06      1.46      0.00      0.00      0.00      0.00
05:04:46           lo      0.00      0.00      0.00      0.00      0.00      0.00      0.00      0.00
05:04:46       enp0s3      0.90      1.20      0.10      1.47      0.00      0.00      0.00      0.00
05:04:56           lo      0.00      0.00      0.00      0.00      0.00      0.00      0.00      0.00
05:04:56       enp0s3      0.90      1.20      0.07      1.47      0.00      0.00      0.00      0.00
05:05:06           lo      0.00      0.00      0.00      0.00      0.00      0.00      0.00      0.00
05:05:06       enp0s3      0.90      1.20      0.07      1.47      0.00      0.00      0.00      0.00
05:05:16           lo      0.00      0.00      0.00      0.00      0.00      0.00      0.00      0.00
05:05:16       enp0s3      1.00      1.10      0.09      1.46      0.00      0.00      0.00      0.00
05:05:26           lo      0.00      0.00      0.00      0.00      0.00      0.00      0.00      0.00
05:05:26       enp0s3      1.10      1.40      0.08      1.49      0.00      0.00      0.00      0.00
05:05:36           lo      0.00      0.00      0.00      0.00      0.00      0.00      0.00      0.00
05:05:36       enp0s3      0.90      1.20      0.07      1.47      0.00      0.00      0.00      0.00
05:05:46           lo      0.00      0.00      0.00      0.00      0.00      0.00      0.00      0.00
05:05:46       enp0s3      1.30      1.20      0.13      1.47      0.00      0.00      0.10      0.00
05:05:56           lo      0.00      0.00      0.00      0.00      0.00      0.00      0.00      0.00
05:05:56       enp0s3      0.70      1.10      0.04      1.46      0.00      0.00      0.00      0.00
05:06:06           lo      0.00      0.00      0.00      0.00      0.00      0.00      0.00      0.00
05:06:06       enp0s3      1.10      1.30      0.08      1.47      0.00      0.00      0.00      0.00
05:06:16           lo      0.00      0.00      0.00      0.00      0.00      0.00      0.00      0.00
05:06:16       enp0s3      9.60      1.50      0.62      1.49      0.00      0.00      0.00      0.00
05:06:26           lo      0.00      0.00      0.00      0.00      0.00      0.00      0.00      0.00
05:06:26       enp0s3      0.90      1.20      0.07      1.47      0.00      0.00      0.00      0.00
05:06:36           lo      0.00      0.00      0.00      0.00      0.00      0.00      0.00      0.00
05:06:36       enp0s3     83.20      1.20      4.88      1.47      0.00      0.00      0.00      0.00
05:06:46           lo      0.00      0.00      0.00      0.00      0.00      0.00      0.00      0.00
05:06:46       enp0s3     31.00      1.30      1.87      1.48      0.00      0.00      0.00      0.00
05:06:56           lo      0.00      0.00      0.00      0.00      0.00      0.00      0.00      0.00
05:06:56       enp0s3     24.50      1.20      1.46      1.47      0.00      0.00      0.00      0.00
05:07:06           lo      0.00      0.00      0.00      0.00      0.00      0.00      0.00      0.00
05:07:06       enp0s3     13.40      1.20      0.80      1.47      0.00      0.00      0.00      0.00
05:07:16           lo      0.00      0.00      0.00      0.00      0.00      0.00      0.00      0.00
05:07:16       enp0s3     31.20      1.10      1.86      1.46      0.00      0.00      0.00      0.00
05:07:26           lo      0.00      0.00      0.00      0.00      0.00      0.00      0.00      0.00
05:07:26       enp0s3     24.50      1.20      1.46      1.47      0.00      0.00      0.00      0.00
05:07:36           lo      0.00      0.00      0.00      0.00      0.00      0.00      0.00      0.00
05:07:36       enp0s3      0.90      1.30      0.07      1.48      0.00      0.00      0.00      0.00
05:07:46           lo      0.00      0.00      0.00      0.00      0.00      0.00      0.00      0.00
05:07:46       enp0s3      0.90      1.20      0.10      1.47      0.00      0.00      0.00      0.00
05:07:56           lo      0.00      0.00      0.00      0.00      0.00      0.00      0.00      0.00
05:07:56       enp0s3      0.90      1.10      0.06      1.46      0.00      0.00      0.10      0.00
05:08:06           lo      0.00      0.00      0.00      0.00      0.00      0.00      0.00      0.00
05:08:06       enp0s3      0.80      1.20      0.07      1.47      0.00      0.00      0.00      0.00
05:08:16           lo      0.00      0.00      0.00      0.00      0.00      0.00      0.00      0.00
05:08:16       enp0s3      1.20      1.30      0.12      1.47      0.00      0.00      0.00      0.00
05:08:26           lo      0.00      0.00      0.00      0.00      0.00      0.00      0.00      0.00
05:08:26       enp0s3      6.80      1.20      0.42      1.47      0.00      0.00      0.00      0.00
05:08:36           lo      0.00      0.00      0.00      0.00      0.00      0.00      0.00      0.00
05:08:36       enp0s3      1.80      1.20      0.11      1.46      0.00      0.00      0.00      0.00
05:08:46           lo      0.00      0.00      0.00      0.00      0.00      0.00      0.00      0.00
05:08:46       enp0s3      1.50      1.30      0.14      1.47      0.00      0.00      0.00      0.00
05:08:56           lo      0.00      0.00      0.00      0.00      0.00      0.00      0.00      0.00
05:08:56       enp0s3      0.90      1.20      0.07      1.47      0.00      0.00      0.00      0.00
05:09:06           lo      0.00      0.00      0.00      0.00      0.00      0.00      0.00      0.00
05:09:06       enp0s3      0.90      1.20      0.07      1.47      0.00      0.00      0.00      0.00
05:09:16           lo      0.00      0.00      0.00      0.00      0.00      0.00      0.00      0.00
05:09:16       enp0s3      1.00      1.20      0.09      1.46      0.00      0.00      0.00      0.00
05:09:26           lo      0.00      0.00      0.00      0.00      0.00      0.00      0.00      0.00
05:09:26       enp0s3      1.00      1.20      0.08      1.47      0.00      0.00      0.00      0.00
05:09:36           lo      0.00      0.00      0.00      0.00      0.00      0.00      0.00      0.00
05:09:36       enp0s3      0.80      1.20      0.07      1.47      0.00      0.00      0.00      0.00
05:09:46           lo      0.00      0.00      0.00      0.00      0.00      0.00      0.00      0.00
05:09:46       enp0s3      0.90      1.20      0.10      1.47      0.00      0.00      0.00      0.00
05:09:56           lo      0.00      0.00      0.00      0.00      0.00      0.00      0.00      0.00
05:09:56       enp0s3      1.00      1.20      0.06      1.46      0.00      0.00      0.10      0.00
05:10:06           lo      0.00      0.00      0.00      0.00      0.00      0.00      0.00      0.00
05:10:06       enp0s3      0.80      1.20      0.07      1.47      0.00      0.00      0.00      0.00
05:10:16           lo      0.00      0.00      0.00      0.00      0.00      0.00      0.00      0.00
05:10:16       enp0s3      1.90      1.20      0.16      1.47      0.00      0.00      0.00      0.00
05:10:26           lo      0.00      0.00      0.00      0.00      0.00      0.00      0.00      0.00
05:10:26       enp0s3      1.40      1.30      0.10      1.47      0.00      0.00      0.00      0.00
05:10:36           lo      0.00      0.00      0.00      0.00      0.00      0.00      0.00      0.00
05:10:36       enp0s3      1.70      1.20      0.10      1.46      0.00      0.00      0.00      0.00
05:10:46           lo      0.00      0.00      0.00      0.00      0.00      0.00      0.00      0.00
05:10:46       enp0s3      1.30      1.30      0.13      1.47      0.00      0.00      0.00      0.00
05:10:56           lo      0.00      0.00      0.00      0.00      0.00      0.00      0.00      0.00
05:10:56       enp0s3      0.80      1.20      0.07      1.47      0.00      0.00      0.00      0.00
05:11:06           lo      0.00      0.00      0.00      0.00      0.00      0.00      0.00      0.00
05:11:06       enp0s3      1.00      1.20      0.08      1.47      0.00      0.00      0.00      0.00
05:11:16           lo      0.00      0.00      0.00      0.00      0.00      0.00      0.00      0.00
05:11:16       enp0s3      0.90      1.20      0.09      1.47      0.00      0.00      0.00      0.00
05:11:26           lo      0.00      0.00      0.00      0.00      0.00      0.00      0.00      0.00
05:11:26       enp0s3      1.20      1.30      0.09      1.47      0.00      0.00      0.00      0.00
05:11:36           lo      0.00      0.00      0.00      0.00      0.00      0.00      0.00      0.00
05:11:36       enp0s3      1.70      1.20      0.12      1.47      0.00      0.00      0.00      0.00
05:11:46           lo      0.00      0.00      0.00      0.00      0.00      0.00      0.00      0.00
05:11:46       enp0s3      1.20      1.30      0.12      1.47      0.00      0.00      0.00      0.00
05:11:56           lo      0.00      0.00      0.00      0.00      0.00      0.00      0.00      0.00
05:11:56       enp0s3      0.90      1.10      0.06      1.46      0.00      0.00      0.00      0.00
05:12:06           lo      0.00      0.00      0.00      0.00      0.00      0.00      0.00      0.00
05:12:06       enp0s3      1.60      1.20      0.11      1.47      0.00      0.00      0.10      0.00
05:12:16           lo      0.00      0.00      0.00      0.00      0.00      0.00      0.00      0.00
05:12:16       enp0s3      1.30      1.30      0.13      1.47      0.00      0.00      0.00      0.00
05:12:26           lo      0.00      0.00      0.00      0.00      0.00      0.00      0.00      0.00
05:12:26       enp0s3      1.20      1.30      0.09      1.47      0.00      0.00      0.00      0.00
05:12:36           lo      0.00      0.00      0.00      0.00      0.00      0.00      0.00      0.00
05:12:36       enp0s3      0.90      1.10      0.06      1.46      0.00      0.00      0.00      0.00
05:12:46           lo      0.00      0.00      0.00      0.00      0.00      0.00      0.00      0.00
05:12:46       enp0s3      0.90      1.20      0.10      1.47      0.00      0.00      0.00      0.00
05:12:56           lo      0.00      0.00      0.00      0.00      0.00      0.00      0.00      0.00
05:12:56       enp0s3      1.00      1.30      0.08      1.47      0.00      0.00      0.00      0.00
05:13:06           lo      0.00      0.00      0.00      0.00      0.00      0.00      0.00      0.00
05:13:06       enp0s3      1.10      1.20      0.08      1.47      0.00      0.00      0.00      0.00
05:13:16           lo      0.00      0.00      0.00      0.00      0.00      0.00      0.00      0.00
05:13:16       enp0s3     10.40      1.50      0.65      1.49      0.00      0.00      0.00      0.00
05:13:26           lo      0.00      0.00      0.00      0.00      0.00      0.00      0.00      0.00
05:13:26       enp0s3      1.10      1.30      0.08      1.47      0.00      0.00      0.00      0.00
05:13:36           lo      0.00      0.00      0.00      0.00      0.00      0.00      0.00      0.00
05:13:36       enp0s3     82.60      1.20      4.86      1.47      0.00      0.00      0.00      0.00
05:13:46           lo      0.00      0.00      0.00      0.00      0.00      0.00      0.00      0.00
05:13:46       enp0s3     31.40      1.30      1.89      1.47      0.00      0.00      0.00      0.00
05:13:56           lo      0.00      0.00      0.00      0.00      0.00      0.00      0.00      0.00
05:13:56       enp0s3     24.70      1.10      1.45      1.46      0.00      0.00      0.00      0.00
05:14:06           lo      0.00      0.00      0.00      0.00      0.00      0.00      0.00      0.00
05:14:06       enp0s3     13.20      1.20      0.79      1.47      0.00      0.00      0.10      0.00
05:14:16           lo      0.00      0.00      0.00      0.00      0.00      0.00      0.00      0.00
05:14:16       enp0s3     37.70      1.30      2.26      1.47      0.00      0.00      0.00      0.00
05:14:26           lo      0.00      0.00      0.00      0.00      0.00      0.00      0.00      0.00
05:14:26       enp0s3     22.20      1.30      1.32      1.47      0.00      0.00      0.00      0.00
05:14:36           lo      0.00      0.00      0.00      0.00      0.00      0.00      0.00      0.00
05:14:36       enp0s3      0.90      1.20      0.06      1.46      0.00      0.00      0.00      0.00
05:14:46           lo      0.00      0.00      0.00      0.00      0.00      0.00      0.00      0.00
05:14:46       enp0s3      1.10      1.20      0.11      1.47      0.00      0.00      0.00      0.00
05:14:56           lo      0.00      0.00      0.00      0.00      0.00      0.00      0.00      0.00
05:14:56       enp0s3      0.90      1.20      0.07      1.47      0.00      0.00      0.00      0.00
05:15:06           lo      0.00      0.00      0.00      0.00      0.00      0.00      0.00      0.00
05:15:06       enp0s3      1.00      1.30      0.08      1.47      0.00      0.00      0.00      0.00
05:15:16           lo      0.00      0.00      0.00      0.00      0.00      0.00      0.00      0.00
05:15:16       enp0s3      0.90      1.20      0.09      1.47      0.00      0.00      0.00      0.00
05:15:26           lo      0.00      0.00      0.00      0.00      0.00      0.00      0.00      0.00
05:15:26       enp0s3      8.30      1.20      0.51      1.47      0.00      0.00      0.00      0.00
05:15:36           lo      0.00      0.00      0.00      0.00      0.00      0.00      0.00      0.00
05:15:36       enp0s3      1.00      1.30      0.08      1.47      0.00      0.00      0.00      0.00
05:15:46           lo      0.00      0.00      0.00      0.00      0.00      0.00      0.00      0.00
05:15:46       enp0s3      0.90      1.20      0.10      1.47      0.00      0.00      0.00      0.00
05:15:56           lo      0.00      0.00      0.00      0.00      0.00      0.00      0.00      0.00
05:15:56       enp0s3      1.00      1.10      0.06      1.46      0.00      0.00      0.00      0.00
05:16:06           lo      0.00      0.00      0.00      0.00      0.00      0.00      0.00      0.00
05:16:06       enp0s3      1.20      1.20      0.09      1.47      0.00      0.00      0.00      0.00
05:16:16           lo      0.00      0.00      0.00      0.00      0.00      0.00      0.00      0.00
05:16:16       enp0s3      1.10      1.20      0.11      1.47      0.00      0.00      0.10      0.00
05:16:26           lo      0.00      0.00      0.00      0.00      0.00      0.00      0.00      0.00
05:16:26       enp0s3      0.90      1.40      0.07      1.49      0.00      0.00      0.00      0.00
05:16:36           lo      0.00      0.00      0.00      0.00      0.00      0.00      0.00      0.00
05:16:36       enp0s3      0.90      1.20      0.06      1.46      0.00      0.00      0.00      0.00
05:16:46           lo      0.00      0.00      0.00      0.00      0.00      0.00      0.00      0.00
05:16:46       enp0s3      0.90      1.20      0.10      1.47      0.00      0.00      0.00      0.00
05:16:56           lo      0.00      0.00      0.00      0.00      0.00      0.00      0.00      0.00
05:16:56       enp0s3      0.80      1.20      0.07      1.47      0.00      0.00      0.00      0.00
05:17:06           lo      0.00      0.00      0.00      0.00      0.00      0.00      0.00      0.00
05:17:06       enp0s3      1.20      1.20      0.09      1.47      0.00      0.00      0.00      0.00
05:17:16           lo      0.00      0.00      0.00      0.00      0.00      0.00      0.00      0.00
05:17:16       enp0s3      1.00      1.20      0.09      1.46      0.00      0.00      0.00      0.00
05:17:26           lo      0.00      0.00      0.00      0.00      0.00      0.00      0.00      0.00
05:17:26       enp0s3      0.90      1.20      0.07      1.47      0.00      0.00      0.00      0.00
05:17:36           lo      0.00      0.00      0.00      0.00      0.00      0.00      0.00      0.00
05:17:36       enp0s3      2.20      1.20      0.15      1.47      0.00      0.00      0.00      0.00
05:17:46           lo      0.00      0.00      0.00      0.00      0.00      0.00      0.00      0.00
05:17:46       enp0s3      1.40      1.30      0.13      1.47      0.00      0.00      0.00      0.00
05:17:56           lo      0.00      0.00      0.00      0.00      0.00      0.00      0.00      0.00
05:17:56       enp0s3      1.00      1.20      0.06      1.46      0.00      0.00      0.00      0.00
05:18:06           lo      0.00      0.00      0.00      0.00      0.00      0.00      0.00      0.00
05:18:06       enp0s3      1.60      1.20      0.11      1.47      0.00      0.00      0.00      0.00
05:18:16           lo      0.00      0.00      0.00      0.00      0.00      0.00      0.00      0.00
05:18:16       enp0s3      1.00      1.20      0.11      1.47      0.00      0.00      0.10      0.00
05:18:26           lo      0.00      0.00      0.00      0.00      0.00      0.00      0.00      0.00
05:18:26       enp0s3      0.90      1.20      0.07      1.47      0.00      0.00      0.00      0.00
05:18:36           lo      0.00      0.00      0.00      0.00      0.00      0.00      0.00      0.00
05:18:36       enp0s3      0.80      1.10      0.05      1.46      0.00      0.00      0.00      0.00
05:18:46           lo      0.00      0.00      0.00      0.00      0.00      0.00      0.00      0.00
05:18:46       enp0s3      1.10      1.30      0.11      1.47      0.00      0.00      0.00      0.00
05:18:56           lo      0.00      0.00      0.00      0.00      0.00      0.00      0.00      0.00
05:18:56       enp0s3      1.10      1.20      0.08      1.47      0.00      0.00      0.00      0.00
05:19:06           lo      0.00      0.00      0.00      0.00      0.00      0.00      0.00      0.00
05:19:06       enp0s3      0.80      1.20      0.07      1.47      0.00      0.00      0.00      0.00
05:19:16           lo      0.00      0.00      0.00      0.00      0.00      0.00      0.00      0.00
05:19:16       enp0s3      2.00      1.10      0.15      1.46      0.00      0.00      0.00      0.00
05:19:26           lo      0.00      0.00      0.00      0.00      0.00      0.00      0.00      0.00
05:19:26       enp0s3      1.30      1.30      0.10      1.47      0.00      0.00      0.00      0.00
05:19:36           lo      0.00      0.00      0.00      0.00      0.00      0.00      0.00      0.00
05:19:36       enp0s3     11.20      1.70      0.68      1.51      0.00      0.00      0.00      0.00
05:19:46           lo      0.00      0.00      0.00      0.00      0.00      0.00      0.00      0.00
05:19:46       enp0s3      1.30      1.30      0.13      1.47      0.00      0.00      0.00      0.00
05:19:56           lo      0.00      0.00      0.00      0.00      0.00      0.00      0.00      0.00
05:19:56       enp0s3     72.70      1.10      4.26      1.46      0.00      0.00      0.00      0.00
05:20:06           lo      0.00      0.00      0.00      0.00      0.00      0.00      0.00      0.00
05:20:06       enp0s3     31.10      1.30      1.84      1.47      0.00      0.00      0.00      0.00
05:20:16           lo      0.00      0.00      0.00      0.00      0.00      0.00      0.00      0.00
05:20:16       enp0s3     31.00      1.20      1.87      1.47      0.00      0.00      0.00      0.00
05:20:26           lo      0.00      0.00      0.00      0.00      0.00      0.00      0.00      0.00
05:20:26       enp0s3      7.50      1.20      0.46      1.47      0.00      0.00      0.10      0.00
05:20:36           lo      0.00      0.00      0.00      0.00      0.00      0.00      0.00      0.00
05:20:36       enp0s3     30.90      1.10      1.81      1.46      0.00      0.00      0.00      0.00
05:20:46           lo      0.00      0.00      0.00      0.00      0.00      0.00      0.00      0.00
05:20:46       enp0s3     30.90      1.20      1.86      1.47      0.00      0.00      0.00      0.00
05:20:56           lo      0.00      0.00      0.00      0.00      0.00      0.00      0.00      0.00
05:20:56       enp0s3      4.80      1.20      0.30      1.47      0.00      0.00      0.00      0.00
05:21:06           lo      0.00      0.00      0.00      0.00      0.00      0.00      0.00      0.00
05:21:06       enp0s3      1.10      1.30      0.08      1.47      0.00      0.00      0.00      0.00
05:21:16           lo      0.00      0.00      0.00      0.00      0.00      0.00      0.00      0.00
05:21:16       enp0s3      0.90      1.10      0.09      1.46      0.00      0.00      0.00      0.00
05:21:26           lo      0.00      0.00      0.00      0.00      0.00      0.00      0.00      0.00
05:21:26       enp0s3      0.90      1.20      0.07      1.47      0.00      0.00      0.00      0.00
05:21:36           lo      0.00      0.00      0.00      0.00      0.00      0.00      0.00      0.00
05:21:36       enp0s3     18.90      1.20      1.13      1.47      0.00      0.00      0.00      0.00
05:21:46           lo      0.00      0.00      0.00      0.00      0.00      0.00      0.00      0.00
05:21:46       enp0s3      1.50      1.30      0.14      1.47      0.00      0.00      0.00      0.00
05:21:56           lo      0.00      0.00      0.00      0.00      0.00      0.00      0.00      0.00
05:21:56       enp0s3      1.60      1.10      0.10      1.46      0.00      0.00      0.00      0.00
05:22:06           lo      0.00      0.00      0.00      0.00      0.00      0.00      0.00      0.00
05:22:06       enp0s3      1.10      1.30      0.08      1.47      0.00      0.00      0.00      0.00
05:22:16           lo      0.00      0.00      0.00      0.00      0.00      0.00      0.00      0.00
05:22:16       enp0s3      1.20      1.20      0.12      1.47      0.00      0.00      0.00      0.00
05:22:26           lo      0.00      0.00      0.00      0.00      0.00      0.00      0.00      0.00
05:22:26       enp0s3      1.30      1.20      0.10      1.47      0.00      0.00      0.10      0.00
05:22:36           lo      0.00      0.00      0.00      0.00      0.00      0.00      0.00      0.00
05:22:36       enp0s3      0.80      1.20      0.05      1.46      0.00      0.00      0.00      0.00
05:22:46           lo      0.00      0.00      0.00      0.00      0.00      0.00      0.00      0.00
05:22:46       enp0s3      0.90      1.20      0.10      1.47      0.00      0.00      0.00      0.00
05:22:56           lo      0.00      0.00      0.00      0.00      0.00      0.00      0.00      0.00
05:22:56       enp0s3      0.90      1.20      0.07      1.47      0.00      0.00      0.00      0.00
05:23:06           lo      0.00      0.00      0.00      0.00      0.00      0.00      0.00      0.00
05:23:06       enp0s3      1.10      1.20      0.08      1.47      0.00      0.00      0.00      0.00
05:23:16           lo      0.00      0.00      0.00      0.00      0.00      0.00      0.00      0.00
05:23:16       enp0s3      1.00      1.10      0.09      1.46      0.00      0.00      0.00      0.00
05:23:26           lo      0.00      0.00      0.00      0.00      0.00      0.00      0.00      0.00
05:23:26       enp0s3      1.00      1.30      0.08      1.48      0.00      0.00      0.00      0.00
05:23:36           lo      0.00      0.00      0.00      0.00      0.00      0.00      0.00      0.00
05:23:36       enp0s3      0.80      1.20      0.07      1.47      0.00      0.00      0.00      0.00
05:23:46           lo      0.00      0.00      0.00      0.00      0.00      0.00      0.00      0.00
05:23:46       enp0s3      1.00      1.20      0.11      1.47      0.00      0.00      0.00      0.00
05:23:56           lo      0.00      0.00      0.00      0.00      0.00      0.00      0.00      0.00
05:23:56       enp0s3      1.10      1.10      0.07      1.46      0.00      0.00      0.00      0.00
05:24:06           lo      0.00      0.00      0.00      0.00      0.00      0.00      0.00      0.00
05:24:06       enp0s3      1.00      1.30      0.08      1.47      0.00      0.00      0.00      0.00
05:24:16           lo      0.00      0.00      0.00      0.00      0.00      0.00      0.00      0.00
05:24:16       enp0s3      1.00      1.20      0.11      1.47      0.00      0.00      0.00      0.00
05:24:26           lo      0.00      0.00      0.00      0.00      0.00      0.00      0.00      0.00
05:24:26       enp0s3      1.00      1.20      0.08      1.47      0.00      0.00      0.00      0.00
05:24:36           lo      0.00      0.00      0.00      0.00      0.00      0.00      0.00      0.00
05:24:36       enp0s3      0.90      1.10      0.06      1.46      0.00      0.00      0.10      0.00
05:24:46           lo      0.00      0.00      0.00      0.00      0.00      0.00      0.00      0.00
05:24:46       enp0s3      1.30      1.30      0.13      1.47      0.00      0.00      0.00      0.00
05:24:56           lo      0.00      0.00      0.00      0.00      0.00      0.00      0.00      0.00
05:24:56       enp0s3      0.80      1.20      0.07      1.47      0.00      0.00      0.00      0.00
05:25:06           lo      0.00      0.00      0.00      0.00      0.00      0.00      0.00      0.00
05:25:06       enp0s3      0.90      1.20      0.07      1.47      0.00      0.00      0.00      0.00
05:25:16           lo      0.00      0.00      0.00      0.00      0.00      0.00      0.00      0.00
05:25:16       enp0s3      0.90      1.10      0.09      1.46      0.00      0.00      0.00      0.00
05:25:26           lo      0.00      0.00      0.00      0.00      0.00      0.00      0.00      0.00
05:25:26       enp0s3      1.00      1.20      0.08      1.47      0.00      0.00      0.00      0.00
05:25:36           lo      0.00      0.00      0.00      0.00      0.00      0.00      0.00      0.00
05:25:36       enp0s3      1.00      1.30      0.08      1.47      0.00      0.00      0.00      0.00
05:25:46           lo      0.00      0.00      0.00      0.00      0.00      0.00      0.00      0.00
05:25:46       enp0s3      1.10      1.20      0.11      1.47      0.00      0.00      0.00      0.00
05:25:56           lo      0.00      0.00      0.00      0.00      0.00      0.00      0.00      0.00
05:25:56       enp0s3      0.80      1.10      0.05      1.46      0.00      0.00      0.00      0.00
05:26:06           lo      0.00      0.00      0.00      0.00      0.00      0.00      0.00      0.00
05:26:06       enp0s3      0.80      1.20      0.07      1.47      0.00      0.00      0.00      0.00
05:26:16           lo      0.00      0.00      0.00      0.00      0.00      0.00      0.00      0.00
05:26:16       enp0s3     10.10      1.50      0.65      1.49      0.00      0.00      0.00      0.00
05:26:26           lo      0.00      0.00      0.00      0.00      0.00      0.00      0.00      0.00
05:26:26       enp0s3      1.10      1.20      0.08      1.47      0.00      0.00      0.00      0.00
05:26:36           lo      0.00      0.00      0.00      0.00      0.00      0.00      0.00      0.00
05:26:36       enp0s3     83.50      1.30      4.90      1.47      0.00      0.00      0.10      0.00
05:26:46           lo      0.00      0.00      0.00      0.00      0.00      0.00      0.00      0.00
05:26:46       enp0s3     31.20      1.30      1.93      1.47      0.00      0.00      0.00      0.00
05:26:56           lo      0.00      0.00      0.00      0.00      0.00      0.00      0.00      0.00
05:26:56       enp0s3     23.90      1.20      1.42      1.47      0.00      0.00      0.00      0.00
05:27:06           lo      0.00      0.00      0.00      0.00      0.00      0.00      0.00      0.00
05:27:06       enp0s3     14.00      1.20      0.84      1.47      0.00      0.00      0.00      0.00
05:27:16           lo      0.00      0.00      0.00      0.00      0.00      0.00      0.00      0.00
05:27:16       enp0s3     31.10      1.20      1.86      1.46      0.00      0.00      0.00      0.00
05:27:26           lo      0.00      0.00      0.00      0.00      0.00      0.00      0.00      0.00
05:27:26       enp0s3     24.10      1.20      1.43      1.47      0.00      0.00      0.00      0.00
05:27:36           lo      0.00      0.00      0.00      0.00      0.00      0.00      0.00      0.00
05:27:36       enp0s3      1.10      1.20      0.08      1.47      0.00      0.00      0.00      0.00
05:27:46           lo      0.00      0.00      0.00      0.00      0.00      0.00      0.00      0.00
05:27:46       enp0s3      1.10      1.30      0.12      1.49      0.00      0.00      0.00      0.00
05:27:56           lo      0.00      0.00      0.00      0.00      0.00      0.00      0.00      0.00
05:27:56       enp0s3      0.80      1.20      0.05      1.46      0.00      0.00      0.00      0.00
05:28:06           lo      0.00      0.00      0.00      0.00      0.00      0.00      0.00      0.00
05:28:06       enp0s3      0.80      1.20      0.07      1.47      0.00      0.00      0.00      0.00
Average:           lo      0.00      0.00      0.00      0.00      0.00      0.00      0.00      0.00
Average:       enp0s3      6.26      1.33      1.19      1.47      0.00      0.00      0.01      0.00

04:48:06        IFACE   rxerr/s   txerr/s    coll/s  rxdrop/s  txdrop/s  txcarr/s  rxfram/s  rxfifo/s  txfifo/s
04:48:16           lo      0.00      0.00      0.00      0.00      0.00      0.00      0.00      0.00      0.00
04:48:16       enp0s3      0.00      0.00      0.00      0.00      0.00      0.00      0.00      0.00      0.00
04:48:26           lo      0.00      0.00      0.00      0.00      0.00      0.00      0.00      0.00      0.00
04:48:26       enp0s3      0.00      0.00      0.00      0.00      0.00      0.00      0.00      0.00      0.00
04:48:36           lo      0.00      0.00      0.00      0.00      0.00      0.00      0.00      0.00      0.00
04:48:36       enp0s3      0.00      0.00      0.00      0.00      0.00      0.00      0.00      0.00      0.00
04:48:46           lo      0.00      0.00      0.00      0.00      0.00      0.00      0.00      0.00      0.00
04:48:46       enp0s3      0.00      0.00      0.00      0.00      0.00      0.00      0.00      0.00      0.00
04:48:56           lo      0.00      0.00      0.00      0.00      0.00      0.00      0.00      0.00      0.00
04:48:56       enp0s3      0.00      0.00      0.00      0.00      0.00      0.00      0.00      0.00      0.00
04:49:06           lo      0.00      0.00      0.00      0.00      0.00      0.00      0.00      0.00      0.00
04:49:06       enp0s3      0.00      0.00      0.00      0.00      0.00      0.00      0.00      0.00      0.00
04:49:16           lo      0.00      0.00      0.00      0.00      0.00      0.00      0.00      0.00      0.00
04:49:16       enp0s3      0.00      0.00      0.00      0.00      0.00      0.00      0.00      0.00      0.00
04:49:26           lo      0.00      0.00      0.00      0.00      0.00      0.00      0.00      0.00      0.00
04:49:26       enp0s3      0.00      0.00      0.00      0.00      0.00      0.00      0.00      0.00      0.00
04:49:36           lo      0.00      0.00      0.00      0.00      0.00      0.00      0.00      0.00      0.00
04:49:36       enp0s3      0.00      0.00      0.00      0.00      0.00      0.00      0.00      0.00      0.00
04:49:46           lo      0.00      0.00      0.00      0.00      0.00      0.00      0.00      0.00      0.00
04:49:46       enp0s3      0.00      0.00      0.00      0.00      0.00      0.00      0.00      0.00      0.00
04:49:56           lo      0.00      0.00      0.00      0.00      0.00      0.00      0.00      0.00      0.00
04:49:56       enp0s3      0.00      0.00      0.00      0.00      0.00      0.00      0.00      0.00      0.00
04:50:06           lo      0.00      0.00      0.00      0.00      0.00      0.00      0.00      0.00      0.00
04:50:06       enp0s3      0.00      0.00      0.00      0.00      0.00      0.00      0.00      0.00      0.00
04:50:16           lo      0.00      0.00      0.00      0.00      0.00      0.00      0.00      0.00      0.00
04:50:16       enp0s3      0.00      0.00      0.00      0.00      0.00      0.00      0.00      0.00      0.00
04:50:26           lo      0.00      0.00      0.00      0.00      0.00      0.00      0.00      0.00      0.00
04:50:26       enp0s3      0.00      0.00      0.00      0.00      0.00      0.00      0.00      0.00      0.00
04:50:36           lo      0.00      0.00      0.00      0.00      0.00      0.00      0.00      0.00      0.00
04:50:36       enp0s3      0.00      0.00      0.00      0.00      0.00      0.00      0.00      0.00      0.00
04:50:46           lo      0.00      0.00      0.00      0.00      0.00      0.00      0.00      0.00      0.00
04:50:46       enp0s3      0.00      0.00      0.00      0.00      0.00      0.00      0.00      0.00      0.00
04:50:56           lo      0.00      0.00      0.00      0.00      0.00      0.00      0.00      0.00      0.00
04:50:56       enp0s3      0.00      0.00      0.00      0.00      0.00      0.00      0.00      0.00      0.00
04:51:06           lo      0.00      0.00      0.00      0.00      0.00      0.00      0.00      0.00      0.00
04:51:06       enp0s3      0.00      0.00      0.00      0.00      0.00      0.00      0.00      0.00      0.00
04:51:16           lo      0.00      0.00      0.00      0.00      0.00      0.00      0.00      0.00      0.00
04:51:16       enp0s3      0.00      0.00      0.00      0.00      0.00      0.00      0.00      0.00      0.00
04:51:26           lo      0.00      0.00      0.00      0.00      0.00      0.00      0.00      0.00      0.00
04:51:26       enp0s3      0.00      0.00      0.00      0.00      0.00      0.00      0.00      0.00      0.00
04:51:36           lo      0.00      0.00      0.00      0.00      0.00      0.00      0.00      0.00      0.00
04:51:36       enp0s3      0.00      0.00      0.00      0.00      0.00      0.00      0.00      0.00      0.00
04:51:46           lo      0.00      0.00      0.00      0.00      0.00      0.00      0.00      0.00      0.00
04:51:46       enp0s3      0.00      0.00      0.00      0.00      0.00      0.00      0.00      0.00      0.00
04:51:56           lo      0.00      0.00      0.00      0.00      0.00      0.00      0.00      0.00      0.00
04:51:56       enp0s3      0.00      0.00      0.00      0.00      0.00      0.00      0.00      0.00      0.00
04:52:06           lo      0.00      0.00      0.00      0.00      0.00      0.00      0.00      0.00      0.00
04:52:06       enp0s3      0.00      0.00      0.00      0.00      0.00      0.00      0.00      0.00      0.00
04:52:16           lo      0.00      0.00      0.00      0.00      0.00      0.00      0.00      0.00      0.00
04:52:16       enp0s3      0.00      0.00      0.00      0.00      0.00      0.00      0.00      0.00      0.00
04:52:26           lo      0.00      0.00      0.00      0.00      0.00      0.00      0.00      0.00      0.00
04:52:26       enp0s3      0.00      0.00      0.00      0.00      0.00      0.00      0.00      0.00      0.00
04:52:36           lo      0.00      0.00      0.00      0.00      0.00      0.00      0.00      0.00      0.00
04:52:36       enp0s3      0.00      0.00      0.00      0.00      0.00      0.00      0.00      0.00      0.00
04:52:46           lo      0.00      0.00      0.00      0.00      0.00      0.00      0.00      0.00      0.00
04:52:46       enp0s3      0.00      0.00      0.00      0.00      0.00      0.00      0.00      0.00      0.00
04:52:56           lo      0.00      0.00      0.00      0.00      0.00      0.00      0.00      0.00      0.00
04:52:56       enp0s3      0.00      0.00      0.00      0.00      0.00      0.00      0.00      0.00      0.00
04:53:06           lo      0.00      0.00      0.00      0.00      0.00      0.00      0.00      0.00      0.00
04:53:06       enp0s3      0.00      0.00      0.00      0.00      0.00      0.00      0.00      0.00      0.00
04:53:16           lo      0.00      0.00      0.00      0.00      0.00      0.00      0.00      0.00      0.00
04:53:16       enp0s3      0.00      0.00      0.00      0.00      0.00      0.00      0.00      0.00      0.00
04:53:26           lo      0.00      0.00      0.00      0.00      0.00      0.00      0.00      0.00      0.00
04:53:26       enp0s3      0.00      0.00      0.00      0.00      0.00      0.00      0.00      0.00      0.00
04:53:36           lo      0.00      0.00      0.00      0.00      0.00      0.00      0.00      0.00      0.00
04:53:36       enp0s3      0.00      0.00      0.00      0.00      0.00      0.00      0.00      0.00      0.00
04:53:46           lo      0.00      0.00      0.00      0.00      0.00      0.00      0.00      0.00      0.00
04:53:46       enp0s3      0.00      0.00      0.00      0.00      0.00      0.00      0.00      0.00      0.00
04:53:56           lo      0.00      0.00      0.00      0.00      0.00      0.00      0.00      0.00      0.00
04:53:56       enp0s3      0.00      0.00      0.00      0.00      0.00      0.00      0.00      0.00      0.00
04:54:06           lo      0.00      0.00      0.00      0.00      0.00      0.00      0.00      0.00      0.00
04:54:06       enp0s3      0.00      0.00      0.00      0.00      0.00      0.00      0.00      0.00      0.00
04:54:16           lo      0.00      0.00      0.00      0.00      0.00      0.00      0.00      0.00      0.00
04:54:16       enp0s3      0.00      0.00      0.00      0.00      0.00      0.00      0.00      0.00      0.00
04:54:26           lo      0.00      0.00      0.00      0.00      0.00      0.00      0.00      0.00      0.00
04:54:26       enp0s3      0.00      0.00      0.00      0.00      0.00      0.00      0.00      0.00      0.00
04:54:36           lo      0.00      0.00      0.00      0.00      0.00      0.00      0.00      0.00      0.00
04:54:36       enp0s3      0.00      0.00      0.00      0.00      0.00      0.00      0.00      0.00      0.00
04:54:46           lo      0.00      0.00      0.00      0.00      0.00      0.00      0.00      0.00      0.00
04:54:46       enp0s3      0.00      0.00      0.00      0.00      0.00      0.00      0.00      0.00      0.00
04:54:56           lo      0.00      0.00      0.00      0.00      0.00      0.00      0.00      0.00      0.00
04:54:56       enp0s3      0.00      0.00      0.00      0.00      0.00      0.00      0.00      0.00      0.00
04:55:06           lo      0.00      0.00      0.00      0.00      0.00      0.00      0.00      0.00      0.00
04:55:06       enp0s3      0.00      0.00      0.00      0.00      0.00      0.00      0.00      0.00      0.00
04:55:16           lo      0.00      0.00      0.00      0.00      0.00      0.00      0.00      0.00      0.00
04:55:16       enp0s3      0.00      0.00      0.00      0.00      0.00      0.00      0.00      0.00      0.00
04:55:26           lo      0.00      0.00      0.00      0.00      0.00      0.00      0.00      0.00      0.00
04:55:26       enp0s3      0.00      0.00      0.00      0.00      0.00      0.00      0.00      0.00      0.00
04:55:36           lo      0.00      0.00      0.00      0.00      0.00      0.00      0.00      0.00      0.00
04:55:36       enp0s3      0.00      0.00      0.00      0.00      0.00      0.00      0.00      0.00      0.00
04:55:46           lo      0.00      0.00      0.00      0.00      0.00      0.00      0.00      0.00      0.00
04:55:46       enp0s3      0.00      0.00      0.00      0.00      0.00      0.00      0.00      0.00      0.00
04:55:56           lo      0.00      0.00      0.00      0.00      0.00      0.00      0.00      0.00      0.00
04:55:56       enp0s3      0.00      0.00      0.00      0.00      0.00      0.00      0.00      0.00      0.00
04:56:06           lo      0.00      0.00      0.00      0.00      0.00      0.00      0.00      0.00      0.00
04:56:06       enp0s3      0.00      0.00      0.00      0.00      0.00      0.00      0.00      0.00      0.00
04:56:16           lo      0.00      0.00      0.00      0.00      0.00      0.00      0.00      0.00      0.00
04:56:16       enp0s3      0.00      0.00      0.00      0.00      0.00      0.00      0.00      0.00      0.00
04:56:26           lo      0.00      0.00      0.00      0.00      0.00      0.00      0.00      0.00      0.00
04:56:26       enp0s3      0.00      0.00      0.00      0.00      0.00      0.00      0.00      0.00      0.00
04:56:36           lo      0.00      0.00      0.00      0.00      0.00      0.00      0.00      0.00      0.00
04:56:36       enp0s3      0.00      0.00      0.00      0.00      0.00      0.00      0.00      0.00      0.00
04:56:46           lo      0.00      0.00      0.00      0.00      0.00      0.00      0.00      0.00      0.00
04:56:46       enp0s3      0.00      0.00      0.00      0.00      0.00      0.00      0.00      0.00      0.00
04:56:56           lo      0.00      0.00      0.00      0.00      0.00      0.00      0.00      0.00      0.00
04:56:56       enp0s3      0.00      0.00      0.00      0.00      0.00      0.00      0.00      0.00      0.00
04:57:06           lo      0.00      0.00      0.00      0.00      0.00      0.00      0.00      0.00      0.00
04:57:06       enp0s3      0.00      0.00      0.00      0.00      0.00      0.00      0.00      0.00      0.00
04:57:16           lo      0.00      0.00      0.00      0.00      0.00      0.00      0.00      0.00      0.00
04:57:16       enp0s3      0.00      0.00      0.00      0.00      0.00      0.00      0.00      0.00      0.00
04:57:26           lo      0.00      0.00      0.00      0.00      0.00      0.00      0.00      0.00      0.00
04:57:26       enp0s3      0.00      0.00      0.00      0.00      0.00      0.00      0.00      0.00      0.00
04:57:36           lo      0.00      0.00      0.00      0.00      0.00      0.00      0.00      0.00      0.00
04:57:36       enp0s3      0.00      0.00      0.00      0.00      0.00      0.00      0.00      0.00      0.00
04:57:46           lo      0.00      0.00      0.00      0.00      0.00      0.00      0.00      0.00      0.00
04:57:46       enp0s3      0.00      0.00      0.00      0.00      0.00      0.00      0.00      0.00      0.00
04:57:56           lo      0.00      0.00      0.00      0.00      0.00      0.00      0.00      0.00      0.00
04:57:56       enp0s3      0.00      0.00      0.00      0.00      0.00      0.00      0.00      0.00      0.00
04:58:06           lo      0.00      0.00      0.00      0.00      0.00      0.00      0.00      0.00      0.00
04:58:06       enp0s3      0.00      0.00      0.00      0.00      0.00      0.00      0.00      0.00      0.00
04:58:16           lo      0.00      0.00      0.00      0.00      0.00      0.00      0.00      0.00      0.00
04:58:16       enp0s3      0.00      0.00      0.00      0.00      0.00      0.00      0.00      0.00      0.00
04:58:26           lo      0.00      0.00      0.00      0.00      0.00      0.00      0.00      0.00      0.00
04:58:26       enp0s3      0.00      0.00      0.00      0.00      0.00      0.00      0.00      0.00      0.00
04:58:36           lo      0.00      0.00      0.00      0.00      0.00      0.00      0.00      0.00      0.00
04:58:36       enp0s3      0.00      0.00      0.00      0.00      0.00      0.00      0.00      0.00      0.00
04:58:46           lo      0.00      0.00      0.00      0.00      0.00      0.00      0.00      0.00      0.00
04:58:46       enp0s3      0.00      0.00      0.00      0.00      0.00      0.00      0.00      0.00      0.00
04:58:56           lo      0.00      0.00      0.00      0.00      0.00      0.00      0.00      0.00      0.00
04:58:56       enp0s3      0.00      0.00      0.00      0.00      0.00      0.00      0.00      0.00      0.00
04:59:06           lo      0.00      0.00      0.00      0.00      0.00      0.00      0.00      0.00      0.00
04:59:06       enp0s3      0.00      0.00      0.00      0.00      0.00      0.00      0.00      0.00      0.00
04:59:16           lo      0.00      0.00      0.00      0.00      0.00      0.00      0.00      0.00      0.00
04:59:16       enp0s3      0.00      0.00      0.00      0.00      0.00      0.00      0.00      0.00      0.00
04:59:26           lo      0.00      0.00      0.00      0.00      0.00      0.00      0.00      0.00      0.00
04:59:26       enp0s3      0.00      0.00      0.00      0.00      0.00      0.00      0.00      0.00      0.00
04:59:36           lo      0.00      0.00      0.00      0.00      0.00      0.00      0.00      0.00      0.00
04:59:36       enp0s3      0.00      0.00      0.00      0.00      0.00      0.00      0.00      0.00      0.00
04:59:46           lo      0.00      0.00      0.00      0.00      0.00      0.00      0.00      0.00      0.00
04:59:46       enp0s3      0.00      0.00      0.00      0.00      0.00      0.00      0.00      0.00      0.00
04:59:56           lo      0.00      0.00      0.00      0.00      0.00      0.00      0.00      0.00      0.00
04:59:56       enp0s3      0.00      0.00      0.00      0.00      0.00      0.00      0.00      0.00      0.00
05:00:06           lo      0.00      0.00      0.00      0.00      0.00      0.00      0.00      0.00      0.00
05:00:06       enp0s3      0.00      0.00      0.00      0.00      0.00      0.00      0.00      0.00      0.00
05:00:16           lo      0.00      0.00      0.00      0.00      0.00      0.00      0.00      0.00      0.00
05:00:16       enp0s3      0.00      0.00      0.00      0.00      0.00      0.00      0.00      0.00      0.00
05:00:26           lo      0.00      0.00      0.00      0.00      0.00      0.00      0.00      0.00      0.00
05:00:26       enp0s3      0.00      0.00      0.00      0.00      0.00      0.00      0.00      0.00      0.00
05:00:36           lo      0.00      0.00      0.00      0.00      0.00      0.00      0.00      0.00      0.00
05:00:36       enp0s3      0.00      0.00      0.00      0.00      0.00      0.00      0.00      0.00      0.00
05:00:46           lo      0.00      0.00      0.00      0.00      0.00      0.00      0.00      0.00      0.00
05:00:46       enp0s3      0.00      0.00      0.00      0.00      0.00      0.00      0.00      0.00      0.00
05:00:56           lo      0.00      0.00      0.00      0.00      0.00      0.00      0.00      0.00      0.00
05:00:56       enp0s3      0.00      0.00      0.00      0.00      0.00      0.00      0.00      0.00      0.00
05:01:06           lo      0.00      0.00      0.00      0.00      0.00      0.00      0.00      0.00      0.00
05:01:06       enp0s3      0.00      0.00      0.00      0.00      0.00      0.00      0.00      0.00      0.00
05:01:16           lo      0.00      0.00      0.00      0.00      0.00      0.00      0.00      0.00      0.00
05:01:16       enp0s3      0.00      0.00      0.00      0.00      0.00      0.00      0.00      0.00      0.00
05:01:26           lo      0.00      0.00      0.00      0.00      0.00      0.00      0.00      0.00      0.00
05:01:26       enp0s3      0.00      0.00      0.00      0.00      0.00      0.00      0.00      0.00      0.00
05:01:36           lo      0.00      0.00      0.00      0.00      0.00      0.00      0.00      0.00      0.00
05:01:36       enp0s3      0.00      0.00      0.00      0.00      0.00      0.00      0.00      0.00      0.00
05:01:46           lo      0.00      0.00      0.00      0.00      0.00      0.00      0.00      0.00      0.00
05:01:46       enp0s3      0.00      0.00      0.00      0.00      0.00      0.00      0.00      0.00      0.00
05:01:56           lo      0.00      0.00      0.00      0.00      0.00      0.00      0.00      0.00      0.00
05:01:56       enp0s3      0.00      0.00      0.00      0.00      0.00      0.00      0.00      0.00      0.00
05:02:06           lo      0.00      0.00      0.00      0.00      0.00      0.00      0.00      0.00      0.00
05:02:06       enp0s3      0.00      0.00      0.00      0.00      0.00      0.00      0.00      0.00      0.00
05:02:16           lo      0.00      0.00      0.00      0.00      0.00      0.00      0.00      0.00      0.00
05:02:16       enp0s3      0.00      0.00      0.00      0.00      0.00      0.00      0.00      0.00      0.00
05:02:26           lo      0.00      0.00      0.00      0.00      0.00      0.00      0.00      0.00      0.00
05:02:26       enp0s3      0.00      0.00      0.00      0.00      0.00      0.00      0.00      0.00      0.00
05:02:36           lo      0.00      0.00      0.00      0.00      0.00      0.00      0.00      0.00      0.00
05:02:36       enp0s3      0.00      0.00      0.00      0.00      0.00      0.00      0.00      0.00      0.00
05:02:46           lo      0.00      0.00      0.00      0.00      0.00      0.00      0.00      0.00      0.00
05:02:46       enp0s3      0.00      0.00      0.00      0.00      0.00      0.00      0.00      0.00      0.00
05:02:56           lo      0.00      0.00      0.00      0.00      0.00      0.00      0.00      0.00      0.00
05:02:56       enp0s3      0.00      0.00      0.00      0.00      0.00      0.00      0.00      0.00      0.00
05:03:06           lo      0.00      0.00      0.00      0.00      0.00      0.00      0.00      0.00      0.00
05:03:06       enp0s3      0.00      0.00      0.00      0.00      0.00      0.00      0.00      0.00      0.00
05:03:16           lo      0.00      0.00      0.00      0.00      0.00      0.00      0.00      0.00      0.00
05:03:16       enp0s3      0.00      0.00      0.00      0.00      0.00      0.00      0.00      0.00      0.00
05:03:26           lo      0.00      0.00      0.00      0.00      0.00      0.00      0.00      0.00      0.00
05:03:26       enp0s3      0.00      0.00      0.00      0.00      0.00      0.00      0.00      0.00      0.00
05:03:36           lo      0.00      0.00      0.00      0.00      0.00      0.00      0.00      0.00      0.00
05:03:36       enp0s3      0.00      0.00      0.00      0.00      0.00      0.00      0.00      0.00      0.00
05:03:46           lo      0.00      0.00      0.00      0.00      0.00      0.00      0.00      0.00      0.00
05:03:46       enp0s3      0.00      0.00      0.00      0.00      0.00      0.00      0.00      0.00      0.00
05:03:56           lo      0.00      0.00      0.00      0.00      0.00      0.00      0.00      0.00      0.00
05:03:56       enp0s3      0.00      0.00      0.00      0.00      0.00      0.00      0.00      0.00      0.00
05:04:06           lo      0.00      0.00      0.00      0.00      0.00      0.00      0.00      0.00      0.00
05:04:06       enp0s3      0.00      0.00      0.00      0.00      0.00      0.00      0.00      0.00      0.00
05:04:16           lo      0.00      0.00      0.00      0.00      0.00      0.00      0.00      0.00      0.00
05:04:16       enp0s3      0.00      0.00      0.00      0.00      0.00      0.00      0.00      0.00      0.00
05:04:26           lo      0.00      0.00      0.00      0.00      0.00      0.00      0.00      0.00      0.00
05:04:26       enp0s3      0.00      0.00      0.00      0.00      0.00      0.00      0.00      0.00      0.00
05:04:36           lo      0.00      0.00      0.00      0.00      0.00      0.00      0.00      0.00      0.00
05:04:36       enp0s3      0.00      0.00      0.00      0.00      0.00      0.00      0.00      0.00      0.00
05:04:46           lo      0.00      0.00      0.00      0.00      0.00      0.00      0.00      0.00      0.00
05:04:46       enp0s3      0.00      0.00      0.00      0.00      0.00      0.00      0.00      0.00      0.00
05:04:56           lo      0.00      0.00      0.00      0.00      0.00      0.00      0.00      0.00      0.00
05:04:56       enp0s3      0.00      0.00      0.00      0.00      0.00      0.00      0.00      0.00      0.00
05:05:06           lo      0.00      0.00      0.00      0.00      0.00      0.00      0.00      0.00      0.00
05:05:06       enp0s3      0.00      0.00      0.00      0.00      0.00      0.00      0.00      0.00      0.00
05:05:16           lo      0.00      0.00      0.00      0.00      0.00      0.00      0.00      0.00      0.00
05:05:16       enp0s3      0.00      0.00      0.00      0.00      0.00      0.00      0.00      0.00      0.00
05:05:26           lo      0.00      0.00      0.00      0.00      0.00      0.00      0.00      0.00      0.00
05:05:26       enp0s3      0.00      0.00      0.00      0.00      0.00      0.00      0.00      0.00      0.00
05:05:36           lo      0.00      0.00      0.00      0.00      0.00      0.00      0.00      0.00      0.00
05:05:36       enp0s3      0.00      0.00      0.00      0.00      0.00      0.00      0.00      0.00      0.00
05:05:46           lo      0.00      0.00      0.00      0.00      0.00      0.00      0.00      0.00      0.00
05:05:46       enp0s3      0.00      0.00      0.00      0.00      0.00      0.00      0.00      0.00      0.00
05:05:56           lo      0.00      0.00      0.00      0.00      0.00      0.00      0.00      0.00      0.00
05:05:56       enp0s3      0.00      0.00      0.00      0.00      0.00      0.00      0.00      0.00      0.00
05:06:06           lo      0.00      0.00      0.00      0.00      0.00      0.00      0.00      0.00      0.00
05:06:06       enp0s3      0.00      0.00      0.00      0.00      0.00      0.00      0.00      0.00      0.00
05:06:16           lo      0.00      0.00      0.00      0.00      0.00      0.00      0.00      0.00      0.00
05:06:16       enp0s3      0.00      0.00      0.00      0.00      0.00      0.00      0.00      0.00      0.00
05:06:26           lo      0.00      0.00      0.00      0.00      0.00      0.00      0.00      0.00      0.00
05:06:26       enp0s3      0.00      0.00      0.00      0.00      0.00      0.00      0.00      0.00      0.00
05:06:36           lo      0.00      0.00      0.00      0.00      0.00      0.00      0.00      0.00      0.00
05:06:36       enp0s3      0.00      0.00      0.00      0.00      0.00      0.00      0.00      0.00      0.00
05:06:46           lo      0.00      0.00      0.00      0.00      0.00      0.00      0.00      0.00      0.00
05:06:46       enp0s3      0.00      0.00      0.00      0.00      0.00      0.00      0.00      0.00      0.00
05:06:56           lo      0.00      0.00      0.00      0.00      0.00      0.00      0.00      0.00      0.00
05:06:56       enp0s3      0.00      0.00      0.00      0.00      0.00      0.00      0.00      0.00      0.00
05:07:06           lo      0.00      0.00      0.00      0.00      0.00      0.00      0.00      0.00      0.00
05:07:06       enp0s3      0.00      0.00      0.00      0.00      0.00      0.00      0.00      0.00      0.00
05:07:16           lo      0.00      0.00      0.00      0.00      0.00      0.00      0.00      0.00      0.00
05:07:16       enp0s3      0.00      0.00      0.00      0.00      0.00      0.00      0.00      0.00      0.00
05:07:26           lo      0.00      0.00      0.00      0.00      0.00      0.00      0.00      0.00      0.00
05:07:26       enp0s3      0.00      0.00      0.00      0.00      0.00      0.00      0.00      0.00      0.00
05:07:36           lo      0.00      0.00      0.00      0.00      0.00      0.00      0.00      0.00      0.00
05:07:36       enp0s3      0.00      0.00      0.00      0.00      0.00      0.00      0.00      0.00      0.00
05:07:46           lo      0.00      0.00      0.00      0.00      0.00      0.00      0.00      0.00      0.00
05:07:46       enp0s3      0.00      0.00      0.00      0.00      0.00      0.00      0.00      0.00      0.00
05:07:56           lo      0.00      0.00      0.00      0.00      0.00      0.00      0.00      0.00      0.00
05:07:56       enp0s3      0.00      0.00      0.00      0.00      0.00      0.00      0.00      0.00      0.00
05:08:06           lo      0.00      0.00      0.00      0.00      0.00      0.00      0.00      0.00      0.00
05:08:06       enp0s3      0.00      0.00      0.00      0.00      0.00      0.00      0.00      0.00      0.00
05:08:16           lo      0.00      0.00      0.00      0.00      0.00      0.00      0.00      0.00      0.00
05:08:16       enp0s3      0.00      0.00      0.00      0.00      0.00      0.00      0.00      0.00      0.00
05:08:26           lo      0.00      0.00      0.00      0.00      0.00      0.00      0.00      0.00      0.00
05:08:26       enp0s3      0.00      0.00      0.00      0.00      0.00      0.00      0.00      0.00      0.00
05:08:36           lo      0.00      0.00      0.00      0.00      0.00      0.00      0.00      0.00      0.00
05:08:36       enp0s3      0.00      0.00      0.00      0.00      0.00      0.00      0.00      0.00      0.00
05:08:46           lo      0.00      0.00      0.00      0.00      0.00      0.00      0.00      0.00      0.00
05:08:46       enp0s3      0.00      0.00      0.00      0.00      0.00      0.00      0.00      0.00      0.00
05:08:56           lo      0.00      0.00      0.00      0.00      0.00      0.00      0.00      0.00      0.00
05:08:56       enp0s3      0.00      0.00      0.00      0.00      0.00      0.00      0.00      0.00      0.00
05:09:06           lo      0.00      0.00      0.00      0.00      0.00      0.00      0.00      0.00      0.00
05:09:06       enp0s3      0.00      0.00      0.00      0.00      0.00      0.00      0.00      0.00      0.00
05:09:16           lo      0.00      0.00      0.00      0.00      0.00      0.00      0.00      0.00      0.00
05:09:16       enp0s3      0.00      0.00      0.00      0.00      0.00      0.00      0.00      0.00      0.00
05:09:26           lo      0.00      0.00      0.00      0.00      0.00      0.00      0.00      0.00      0.00
05:09:26       enp0s3      0.00      0.00      0.00      0.00      0.00      0.00      0.00      0.00      0.00
05:09:36           lo      0.00      0.00      0.00      0.00      0.00      0.00      0.00      0.00      0.00
05:09:36       enp0s3      0.00      0.00      0.00      0.00      0.00      0.00      0.00      0.00      0.00
05:09:46           lo      0.00      0.00      0.00      0.00      0.00      0.00      0.00      0.00      0.00
05:09:46       enp0s3      0.00      0.00      0.00      0.00      0.00      0.00      0.00      0.00      0.00
05:09:56           lo      0.00      0.00      0.00      0.00      0.00      0.00      0.00      0.00      0.00
05:09:56       enp0s3      0.00      0.00      0.00      0.00      0.00      0.00      0.00      0.00      0.00
05:10:06           lo      0.00      0.00      0.00      0.00      0.00      0.00      0.00      0.00      0.00
05:10:06       enp0s3      0.00      0.00      0.00      0.00      0.00      0.00      0.00      0.00      0.00
05:10:16           lo      0.00      0.00      0.00      0.00      0.00      0.00      0.00      0.00      0.00
05:10:16       enp0s3      0.00      0.00      0.00      0.00      0.00      0.00      0.00      0.00      0.00
05:10:26           lo      0.00      0.00      0.00      0.00      0.00      0.00      0.00      0.00      0.00
05:10:26       enp0s3      0.00      0.00      0.00      0.00      0.00      0.00      0.00      0.00      0.00
05:10:36           lo      0.00      0.00      0.00      0.00      0.00      0.00      0.00      0.00      0.00
05:10:36       enp0s3      0.00      0.00      0.00      0.00      0.00      0.00      0.00      0.00      0.00
05:10:46           lo      0.00      0.00      0.00      0.00      0.00      0.00      0.00      0.00      0.00
05:10:46       enp0s3      0.00      0.00      0.00      0.00      0.00      0.00      0.00      0.00      0.00
05:10:56           lo      0.00      0.00      0.00      0.00      0.00      0.00      0.00      0.00      0.00
05:10:56       enp0s3      0.00      0.00      0.00      0.00      0.00      0.00      0.00      0.00      0.00
05:11:06           lo      0.00      0.00      0.00      0.00      0.00      0.00      0.00      0.00      0.00
05:11:06       enp0s3      0.00      0.00      0.00      0.00      0.00      0.00      0.00      0.00      0.00
05:11:16           lo      0.00      0.00      0.00      0.00      0.00      0.00      0.00      0.00      0.00
05:11:16       enp0s3      0.00      0.00      0.00      0.00      0.00      0.00      0.00      0.00      0.00
05:11:26           lo      0.00      0.00      0.00      0.00      0.00      0.00      0.00      0.00      0.00
05:11:26       enp0s3      0.00      0.00      0.00      0.00      0.00      0.00      0.00      0.00      0.00
05:11:36           lo      0.00      0.00      0.00      0.00      0.00      0.00      0.00      0.00      0.00
05:11:36       enp0s3      0.00      0.00      0.00      0.00      0.00      0.00      0.00      0.00      0.00
05:11:46           lo      0.00      0.00      0.00      0.00      0.00      0.00      0.00      0.00      0.00
05:11:46       enp0s3      0.00      0.00      0.00      0.00      0.00      0.00      0.00      0.00      0.00
05:11:56           lo      0.00      0.00      0.00      0.00      0.00      0.00      0.00      0.00      0.00
05:11:56       enp0s3      0.00      0.00      0.00      0.00      0.00      0.00      0.00      0.00      0.00
05:12:06           lo      0.00      0.00      0.00      0.00      0.00      0.00      0.00      0.00      0.00
05:12:06       enp0s3      0.00      0.00      0.00      0.00      0.00      0.00      0.00      0.00      0.00
05:12:16           lo      0.00      0.00      0.00      0.00      0.00      0.00      0.00      0.00      0.00
05:12:16       enp0s3      0.00      0.00      0.00      0.00      0.00      0.00      0.00      0.00      0.00
05:12:26           lo      0.00      0.00      0.00      0.00      0.00      0.00      0.00      0.00      0.00
05:12:26       enp0s3      0.00      0.00      0.00      0.00      0.00      0.00      0.00      0.00      0.00
05:12:36           lo      0.00      0.00      0.00      0.00      0.00      0.00      0.00      0.00      0.00
05:12:36       enp0s3      0.00      0.00      0.00      0.00      0.00      0.00      0.00      0.00      0.00
05:12:46           lo      0.00      0.00      0.00      0.00      0.00      0.00      0.00      0.00      0.00
05:12:46       enp0s3      0.00      0.00      0.00      0.00      0.00      0.00      0.00      0.00      0.00
05:12:56           lo      0.00      0.00      0.00      0.00      0.00      0.00      0.00      0.00      0.00
05:12:56       enp0s3      0.00      0.00      0.00      0.00      0.00      0.00      0.00      0.00      0.00
05:13:06           lo      0.00      0.00      0.00      0.00      0.00      0.00      0.00      0.00      0.00
05:13:06       enp0s3      0.00      0.00      0.00      0.00      0.00      0.00      0.00      0.00      0.00
05:13:16           lo      0.00      0.00      0.00      0.00      0.00      0.00      0.00      0.00      0.00
05:13:16       enp0s3      0.00      0.00      0.00      0.00      0.00      0.00      0.00      0.00      0.00
05:13:26           lo      0.00      0.00      0.00      0.00      0.00      0.00      0.00      0.00      0.00
05:13:26       enp0s3      0.00      0.00      0.00      0.00      0.00      0.00      0.00      0.00      0.00
05:13:36           lo      0.00      0.00      0.00      0.00      0.00      0.00      0.00      0.00      0.00
05:13:36       enp0s3      0.00      0.00      0.00      0.00      0.00      0.00      0.00      0.00      0.00
05:13:46           lo      0.00      0.00      0.00      0.00      0.00      0.00      0.00      0.00      0.00
05:13:46       enp0s3      0.00      0.00      0.00      0.00      0.00      0.00      0.00      0.00      0.00
05:13:56           lo      0.00      0.00      0.00      0.00      0.00      0.00      0.00      0.00      0.00
05:13:56       enp0s3      0.00      0.00      0.00      0.00      0.00      0.00      0.00      0.00      0.00
05:14:06           lo      0.00      0.00      0.00      0.00      0.00      0.00      0.00      0.00      0.00
05:14:06       enp0s3      0.00      0.00      0.00      0.00      0.00      0.00      0.00      0.00      0.00
05:14:16           lo      0.00      0.00      0.00      0.00      0.00      0.00      0.00      0.00      0.00
05:14:16       enp0s3      0.00      0.00      0.00      0.00      0.00      0.00      0.00      0.00      0.00
05:14:26           lo      0.00      0.00      0.00      0.00      0.00      0.00      0.00      0.00      0.00
05:14:26       enp0s3      0.00      0.00      0.00      0.00      0.00      0.00      0.00      0.00      0.00
05:14:36           lo      0.00      0.00      0.00      0.00      0.00      0.00      0.00      0.00      0.00
05:14:36       enp0s3      0.00      0.00      0.00      0.00      0.00      0.00      0.00      0.00      0.00
05:14:46           lo      0.00      0.00      0.00      0.00      0.00      0.00      0.00      0.00      0.00
05:14:46       enp0s3      0.00      0.00      0.00      0.00      0.00      0.00      0.00      0.00      0.00
05:14:56           lo      0.00      0.00      0.00      0.00      0.00      0.00      0.00      0.00      0.00
05:14:56       enp0s3      0.00      0.00      0.00      0.00      0.00      0.00      0.00      0.00      0.00
05:15:06           lo      0.00      0.00      0.00      0.00      0.00      0.00      0.00      0.00      0.00
05:15:06       enp0s3      0.00      0.00      0.00      0.00      0.00      0.00      0.00      0.00      0.00
05:15:16           lo      0.00      0.00      0.00      0.00      0.00      0.00      0.00      0.00      0.00
05:15:16       enp0s3      0.00      0.00      0.00      0.00      0.00      0.00      0.00      0.00      0.00
05:15:26           lo      0.00      0.00      0.00      0.00      0.00      0.00      0.00      0.00      0.00
05:15:26       enp0s3      0.00      0.00      0.00      0.00      0.00      0.00      0.00      0.00      0.00
05:15:36           lo      0.00      0.00      0.00      0.00      0.00      0.00      0.00      0.00      0.00
05:15:36       enp0s3      0.00      0.00      0.00      0.00      0.00      0.00      0.00      0.00      0.00
05:15:46           lo      0.00      0.00      0.00      0.00      0.00      0.00      0.00      0.00      0.00
05:15:46       enp0s3      0.00      0.00      0.00      0.00      0.00      0.00      0.00      0.00      0.00
05:15:56           lo      0.00      0.00      0.00      0.00      0.00      0.00      0.00      0.00      0.00
05:15:56       enp0s3      0.00      0.00      0.00      0.00      0.00      0.00      0.00      0.00      0.00
05:16:06           lo      0.00      0.00      0.00      0.00      0.00      0.00      0.00      0.00      0.00
05:16:06       enp0s3      0.00      0.00      0.00      0.00      0.00      0.00      0.00      0.00      0.00
05:16:16           lo      0.00      0.00      0.00      0.00      0.00      0.00      0.00      0.00      0.00
05:16:16       enp0s3      0.00      0.00      0.00      0.00      0.00      0.00      0.00      0.00      0.00
05:16:26           lo      0.00      0.00      0.00      0.00      0.00      0.00      0.00      0.00      0.00
05:16:26       enp0s3      0.00      0.00      0.00      0.00      0.00      0.00      0.00      0.00      0.00
05:16:36           lo      0.00      0.00      0.00      0.00      0.00      0.00      0.00      0.00      0.00
05:16:36       enp0s3      0.00      0.00      0.00      0.00      0.00      0.00      0.00      0.00      0.00
05:16:46           lo      0.00      0.00      0.00      0.00      0.00      0.00      0.00      0.00      0.00
05:16:46       enp0s3      0.00      0.00      0.00      0.00      0.00      0.00      0.00      0.00      0.00
05:16:56           lo      0.00      0.00      0.00      0.00      0.00      0.00      0.00      0.00      0.00
05:16:56       enp0s3      0.00      0.00      0.00      0.00      0.00      0.00      0.00      0.00      0.00
05:17:06           lo      0.00      0.00      0.00      0.00      0.00      0.00      0.00      0.00      0.00
05:17:06       enp0s3      0.00      0.00      0.00      0.00      0.00      0.00      0.00      0.00      0.00
05:17:16           lo      0.00      0.00      0.00      0.00      0.00      0.00      0.00      0.00      0.00
05:17:16       enp0s3      0.00      0.00      0.00      0.00      0.00      0.00      0.00      0.00      0.00
05:17:26           lo      0.00      0.00      0.00      0.00      0.00      0.00      0.00      0.00      0.00
05:17:26       enp0s3      0.00      0.00      0.00      0.00      0.00      0.00      0.00      0.00      0.00
05:17:36           lo      0.00      0.00      0.00      0.00      0.00      0.00      0.00      0.00      0.00
05:17:36       enp0s3      0.00      0.00      0.00      0.00      0.00      0.00      0.00      0.00      0.00
05:17:46           lo      0.00      0.00      0.00      0.00      0.00      0.00      0.00      0.00      0.00
05:17:46       enp0s3      0.00      0.00      0.00      0.00      0.00      0.00      0.00      0.00      0.00
05:17:56           lo      0.00      0.00      0.00      0.00      0.00      0.00      0.00      0.00      0.00
05:17:56       enp0s3      0.00      0.00      0.00      0.00      0.00      0.00      0.00      0.00      0.00
05:18:06           lo      0.00      0.00      0.00      0.00      0.00      0.00      0.00      0.00      0.00
05:18:06       enp0s3      0.00      0.00      0.00      0.00      0.00      0.00      0.00      0.00      0.00
05:18:16           lo      0.00      0.00      0.00      0.00      0.00      0.00      0.00      0.00      0.00
05:18:16       enp0s3      0.00      0.00      0.00      0.00      0.00      0.00      0.00      0.00      0.00
05:18:26           lo      0.00      0.00      0.00      0.00      0.00      0.00      0.00      0.00      0.00
05:18:26       enp0s3      0.00      0.00      0.00      0.00      0.00      0.00      0.00      0.00      0.00
05:18:36           lo      0.00      0.00      0.00      0.00      0.00      0.00      0.00      0.00      0.00
05:18:36       enp0s3      0.00      0.00      0.00      0.00      0.00      0.00      0.00      0.00      0.00
05:18:46           lo      0.00      0.00      0.00      0.00      0.00      0.00      0.00      0.00      0.00
05:18:46       enp0s3      0.00      0.00      0.00      0.00      0.00      0.00      0.00      0.00      0.00
05:18:56           lo      0.00      0.00      0.00      0.00      0.00      0.00      0.00      0.00      0.00
05:18:56       enp0s3      0.00      0.00      0.00      0.00      0.00      0.00      0.00      0.00      0.00
05:19:06           lo      0.00      0.00      0.00      0.00      0.00      0.00      0.00      0.00      0.00
05:19:06       enp0s3      0.00      0.00      0.00      0.00      0.00      0.00      0.00      0.00      0.00
05:19:16           lo      0.00      0.00      0.00      0.00      0.00      0.00      0.00      0.00      0.00
05:19:16       enp0s3      0.00      0.00      0.00      0.00      0.00      0.00      0.00      0.00      0.00
05:19:26           lo      0.00      0.00      0.00      0.00      0.00      0.00      0.00      0.00      0.00
05:19:26       enp0s3      0.00      0.00      0.00      0.00      0.00      0.00      0.00      0.00      0.00
05:19:36           lo      0.00      0.00      0.00      0.00      0.00      0.00      0.00      0.00      0.00
05:19:36       enp0s3      0.00      0.00      0.00      0.00      0.00      0.00      0.00      0.00      0.00
05:19:46           lo      0.00      0.00      0.00      0.00      0.00      0.00      0.00      0.00      0.00
05:19:46       enp0s3      0.00      0.00      0.00      0.00      0.00      0.00      0.00      0.00      0.00
05:19:56           lo      0.00      0.00      0.00      0.00      0.00      0.00      0.00      0.00      0.00
05:19:56       enp0s3      0.00      0.00      0.00      0.00      0.00      0.00      0.00      0.00      0.00
05:20:06           lo      0.00      0.00      0.00      0.00      0.00      0.00      0.00      0.00      0.00
05:20:06       enp0s3      0.00      0.00      0.00      0.00      0.00      0.00      0.00      0.00      0.00
05:20:16           lo      0.00      0.00      0.00      0.00      0.00      0.00      0.00      0.00      0.00
05:20:16       enp0s3      0.00      0.00      0.00      0.00      0.00      0.00      0.00      0.00      0.00
05:20:26           lo      0.00      0.00      0.00      0.00      0.00      0.00      0.00      0.00      0.00
05:20:26       enp0s3      0.00      0.00      0.00      0.00      0.00      0.00      0.00      0.00      0.00
05:20:36           lo      0.00      0.00      0.00      0.00      0.00      0.00      0.00      0.00      0.00
05:20:36       enp0s3      0.00      0.00      0.00      0.00      0.00      0.00      0.00      0.00      0.00
05:20:46           lo      0.00      0.00      0.00      0.00      0.00      0.00      0.00      0.00      0.00
05:20:46       enp0s3      0.00      0.00      0.00      0.00      0.00      0.00      0.00      0.00      0.00
05:20:56           lo      0.00      0.00      0.00      0.00      0.00      0.00      0.00      0.00      0.00
05:20:56       enp0s3      0.00      0.00      0.00      0.00      0.00      0.00      0.00      0.00      0.00
05:21:06           lo      0.00      0.00      0.00      0.00      0.00      0.00      0.00      0.00      0.00
05:21:06       enp0s3      0.00      0.00      0.00      0.00      0.00      0.00      0.00      0.00      0.00
05:21:16           lo      0.00      0.00      0.00      0.00      0.00      0.00      0.00      0.00      0.00
05:21:16       enp0s3      0.00      0.00      0.00      0.00      0.00      0.00      0.00      0.00      0.00
05:21:26           lo      0.00      0.00      0.00      0.00      0.00      0.00      0.00      0.00      0.00
05:21:26       enp0s3      0.00      0.00      0.00      0.00      0.00      0.00      0.00      0.00      0.00
05:21:36           lo      0.00      0.00      0.00      0.00      0.00      0.00      0.00      0.00      0.00
05:21:36       enp0s3      0.00      0.00      0.00      0.00      0.00      0.00      0.00      0.00      0.00
05:21:46           lo      0.00      0.00      0.00      0.00      0.00      0.00      0.00      0.00      0.00
05:21:46       enp0s3      0.00      0.00      0.00      0.00      0.00      0.00      0.00      0.00      0.00
05:21:56           lo      0.00      0.00      0.00      0.00      0.00      0.00      0.00      0.00      0.00
05:21:56       enp0s3      0.00      0.00      0.00      0.00      0.00      0.00      0.00      0.00      0.00
05:22:06           lo      0.00      0.00      0.00      0.00      0.00      0.00      0.00      0.00      0.00
05:22:06       enp0s3      0.00      0.00      0.00      0.00      0.00      0.00      0.00      0.00      0.00
05:22:16           lo      0.00      0.00      0.00      0.00      0.00      0.00      0.00      0.00      0.00
05:22:16       enp0s3      0.00      0.00      0.00      0.00      0.00      0.00      0.00      0.00      0.00
05:22:26           lo      0.00      0.00      0.00      0.00      0.00      0.00      0.00      0.00      0.00
05:22:26       enp0s3      0.00      0.00      0.00      0.00      0.00      0.00      0.00      0.00      0.00
05:22:36           lo      0.00      0.00      0.00      0.00      0.00      0.00      0.00      0.00      0.00
05:22:36       enp0s3      0.00      0.00      0.00      0.00      0.00      0.00      0.00      0.00      0.00
05:22:46           lo      0.00      0.00      0.00      0.00      0.00      0.00      0.00      0.00      0.00
05:22:46       enp0s3      0.00      0.00      0.00      0.00      0.00      0.00      0.00      0.00      0.00
05:22:56           lo      0.00      0.00      0.00      0.00      0.00      0.00      0.00      0.00      0.00
05:22:56       enp0s3      0.00      0.00      0.00      0.00      0.00      0.00      0.00      0.00      0.00
05:23:06           lo      0.00      0.00      0.00      0.00      0.00      0.00      0.00      0.00      0.00
05:23:06       enp0s3      0.00      0.00      0.00      0.00      0.00      0.00      0.00      0.00      0.00
05:23:16           lo      0.00      0.00      0.00      0.00      0.00      0.00      0.00      0.00      0.00
05:23:16       enp0s3      0.00      0.00      0.00      0.00      0.00      0.00      0.00      0.00      0.00
05:23:26           lo      0.00      0.00      0.00      0.00      0.00      0.00      0.00      0.00      0.00
05:23:26       enp0s3      0.00      0.00      0.00      0.00      0.00      0.00      0.00      0.00      0.00
05:23:36           lo      0.00      0.00      0.00      0.00      0.00      0.00      0.00      0.00      0.00
05:23:36       enp0s3      0.00      0.00      0.00      0.00      0.00      0.00      0.00      0.00      0.00
05:23:46           lo      0.00      0.00      0.00      0.00      0.00      0.00      0.00      0.00      0.00
05:23:46       enp0s3      0.00      0.00      0.00      0.00      0.00      0.00      0.00      0.00      0.00
05:23:56           lo      0.00      0.00      0.00      0.00      0.00      0.00      0.00      0.00      0.00
05:23:56       enp0s3      0.00      0.00      0.00      0.00      0.00      0.00      0.00      0.00      0.00
05:24:06           lo      0.00      0.00      0.00      0.00      0.00      0.00      0.00      0.00      0.00
05:24:06       enp0s3      0.00      0.00      0.00      0.00      0.00      0.00      0.00      0.00      0.00
05:24:16           lo      0.00      0.00      0.00      0.00      0.00      0.00      0.00      0.00      0.00
05:24:16       enp0s3      0.00      0.00      0.00      0.00      0.00      0.00      0.00      0.00      0.00
05:24:26           lo      0.00      0.00      0.00      0.00      0.00      0.00      0.00      0.00      0.00
05:24:26       enp0s3      0.00      0.00      0.00      0.00      0.00      0.00      0.00      0.00      0.00
05:24:36           lo      0.00      0.00      0.00      0.00      0.00      0.00      0.00      0.00      0.00
05:24:36       enp0s3      0.00      0.00      0.00      0.00      0.00      0.00      0.00      0.00      0.00
05:24:46           lo      0.00      0.00      0.00      0.00      0.00      0.00      0.00      0.00      0.00
05:24:46       enp0s3      0.00      0.00      0.00      0.00      0.00      0.00      0.00      0.00      0.00
05:24:56           lo      0.00      0.00      0.00      0.00      0.00      0.00      0.00      0.00      0.00
05:24:56       enp0s3      0.00      0.00      0.00      0.00      0.00      0.00      0.00      0.00      0.00
05:25:06           lo      0.00      0.00      0.00      0.00      0.00      0.00      0.00      0.00      0.00
05:25:06       enp0s3      0.00      0.00      0.00      0.00      0.00      0.00      0.00      0.00      0.00
05:25:16           lo      0.00      0.00      0.00      0.00      0.00      0.00      0.00      0.00      0.00
05:25:16       enp0s3      0.00      0.00      0.00      0.00      0.00      0.00      0.00      0.00      0.00
05:25:26           lo      0.00      0.00      0.00      0.00      0.00      0.00      0.00      0.00      0.00
05:25:26       enp0s3      0.00      0.00      0.00      0.00      0.00      0.00      0.00      0.00      0.00
05:25:36           lo      0.00      0.00      0.00      0.00      0.00      0.00      0.00      0.00      0.00
05:25:36       enp0s3      0.00      0.00      0.00      0.00      0.00      0.00      0.00      0.00      0.00
05:25:46           lo      0.00      0.00      0.00      0.00      0.00      0.00      0.00      0.00      0.00
05:25:46       enp0s3      0.00      0.00      0.00      0.00      0.00      0.00      0.00      0.00      0.00
05:25:56           lo      0.00      0.00      0.00      0.00      0.00      0.00      0.00      0.00      0.00
05:25:56       enp0s3      0.00      0.00      0.00      0.00      0.00      0.00      0.00      0.00      0.00
05:26:06           lo      0.00      0.00      0.00      0.00      0.00      0.00      0.00      0.00      0.00
05:26:06       enp0s3      0.00      0.00      0.00      0.00      0.00      0.00      0.00      0.00      0.00
05:26:16           lo      0.00      0.00      0.00      0.00      0.00      0.00      0.00      0.00      0.00
05:26:16       enp0s3      0.00      0.00      0.00      0.00      0.00      0.00      0.00      0.00      0.00
05:26:26           lo      0.00      0.00      0.00      0.00      0.00      0.00      0.00      0.00      0.00
05:26:26       enp0s3      0.00      0.00      0.00      0.00      0.00      0.00      0.00      0.00      0.00
05:26:36           lo      0.00      0.00      0.00      0.00      0.00      0.00      0.00      0.00      0.00
05:26:36       enp0s3      0.00      0.00      0.00      0.00      0.00      0.00      0.00      0.00      0.00
05:26:46           lo      0.00      0.00      0.00      0.00      0.00      0.00      0.00      0.00      0.00
05:26:46       enp0s3      0.00      0.00      0.00      0.00      0.00      0.00      0.00      0.00      0.00
05:26:56           lo      0.00      0.00      0.00      0.00      0.00      0.00      0.00      0.00      0.00
05:26:56       enp0s3      0.00      0.00      0.00      0.00      0.00      0.00      0.00      0.00      0.00
05:27:06           lo      0.00      0.00      0.00      0.00      0.00      0.00      0.00      0.00      0.00
05:27:06       enp0s3      0.00      0.00      0.00      0.00      0.00      0.00      0.00      0.00      0.00
05:27:16           lo      0.00      0.00      0.00      0.00      0.00      0.00      0.00      0.00      0.00
05:27:16       enp0s3      0.00      0.00      0.00      0.00      0.00      0.00      0.00      0.00      0.00
05:27:26           lo      0.00      0.00      0.00      0.00      0.00      0.00      0.00      0.00      0.00
05:27:26       enp0s3      0.00      0.00      0.00      0.00      0.00      0.00      0.00      0.00      0.00
05:27:36           lo      0.00      0.00      0.00      0.00      0.00      0.00      0.00      0.00      0.00
05:27:36       enp0s3      0.00      0.00      0.00      0.00      0.00      0.00      0.00      0.00      0.00
05:27:46           lo      0.00      0.00      0.00      0.00      0.00      0.00      0.00      0.00      0.00
05:27:46       enp0s3      0.00      0.00      0.00      0.00      0.00      0.00      0.00      0.00      0.00
05:27:56           lo      0.00      0.00      0.00      0.00      0.00      0.00      0.00      0.00      0.00
05:27:56       enp0s3      0.00      0.00      0.00      0.00      0.00      0.00      0.00      0.00      0.00
05:28:06           lo      0.00      0.00      0.00      0.00      0.00      0.00      0.00      0.00      0.00
05:28:06       enp0s3      0.00      0.00      0.00      0.00      0.00      0.00      0.00      0.00      0.00
Average:           lo      0.00      0.00      0.00      0.00      0.00      0.00      0.00      0.00      0.00
Average:       enp0s3      0.00      0.00      0.00      0.00      0.00      0.00      0.00      0.00      0.00

04:48:06       call/s retrans/s    read/s   write/s  access/s  getatt/s
04:48:16         0.00      0.00      0.00      0.00      0.00      0.00
04:48:26         0.00      0.00      0.00      0.00      0.00      0.00
04:48:36         0.00      0.00      0.00      0.00      0.00      0.00
04:48:46         0.00      0.00      0.00      0.00      0.00      0.00
04:48:56         0.00      0.00      0.00      0.00      0.00      0.00
04:49:06         0.00      0.00      0.00      0.00      0.00      0.00
04:49:16         0.00      0.00      0.00      0.00      0.00      0.00
04:49:26         0.00      0.00      0.00      0.00      0.00      0.00
04:49:36         0.00      0.00      0.00      0.00      0.00      0.00
04:49:46         0.00      0.00      0.00      0.00      0.00      0.00
04:49:56         0.00      0.00      0.00      0.00      0.00      0.00
04:50:06         0.00      0.00      0.00      0.00      0.00      0.00
04:50:16         0.00      0.00      0.00      0.00      0.00      0.00
04:50:26         0.00      0.00      0.00      0.00      0.00      0.00
04:50:36         0.00      0.00      0.00      0.00      0.00      0.00
04:50:46         0.00      0.00      0.00      0.00      0.00      0.00
04:50:56         0.00      0.00      0.00      0.00      0.00      0.00
04:51:06         0.00      0.00      0.00      0.00      0.00      0.00
04:51:16         0.00      0.00      0.00      0.00      0.00      0.00
04:51:26         0.00      0.00      0.00      0.00      0.00      0.00
04:51:36         0.00      0.00      0.00      0.00      0.00      0.00
04:51:46         0.00      0.00      0.00      0.00      0.00      0.00
04:51:56         0.00      0.00      0.00      0.00      0.00      0.00
04:52:06         0.00      0.00      0.00      0.00      0.00      0.00
04:52:16         0.00      0.00      0.00      0.00      0.00      0.00
04:52:26         0.00      0.00      0.00      0.00      0.00      0.00
04:52:36         0.00      0.00      0.00      0.00      0.00      0.00
04:52:46         0.00      0.00      0.00      0.00      0.00      0.00
04:52:56         0.00      0.00      0.00      0.00      0.00      0.00
04:53:06         0.00      0.00      0.00      0.00      0.00      0.00
04:53:16         0.00      0.00      0.00      0.00      0.00      0.00
04:53:26         0.00      0.00      0.00      0.00      0.00      0.00
04:53:36         0.00      0.00      0.00      0.00      0.00      0.00
04:53:46         0.00      0.00      0.00      0.00      0.00      0.00
04:53:56         0.00      0.00      0.00      0.00      0.00      0.00
04:54:06         0.00      0.00      0.00      0.00      0.00      0.00
04:54:16         0.00      0.00      0.00      0.00      0.00      0.00
04:54:26         0.00      0.00      0.00      0.00      0.00      0.00
04:54:36         0.00      0.00      0.00      0.00      0.00      0.00
04:54:46         0.00      0.00      0.00      0.00      0.00      0.00
04:54:56         0.00      0.00      0.00      0.00      0.00      0.00
04:55:06         0.00      0.00      0.00      0.00      0.00      0.00
04:55:16         0.00      0.00      0.00      0.00      0.00      0.00
04:55:26         0.00      0.00      0.00      0.00      0.00      0.00
04:55:36         0.00      0.00      0.00      0.00      0.00      0.00
04:55:46         0.00      0.00      0.00      0.00      0.00      0.00
04:55:56         0.00      0.00      0.00      0.00      0.00      0.00
04:56:06         0.00      0.00      0.00      0.00      0.00      0.00
04:56:16         0.00      0.00      0.00      0.00      0.00      0.00
04:56:26         0.00      0.00      0.00      0.00      0.00      0.00
04:56:36         0.00      0.00      0.00      0.00      0.00      0.00
04:56:46         0.00      0.00      0.00      0.00      0.00      0.00
04:56:56         0.00      0.00      0.00      0.00      0.00      0.00
04:57:06         0.00      0.00      0.00      0.00      0.00      0.00
04:57:16         0.00      0.00      0.00      0.00      0.00      0.00
04:57:26         0.00      0.00      0.00      0.00      0.00      0.00
04:57:36         0.00      0.00      0.00      0.00      0.00      0.00
04:57:46         0.00      0.00      0.00      0.00      0.00      0.00
04:57:56         0.00      0.00      0.00      0.00      0.00      0.00
04:58:06         0.00      0.00      0.00      0.00      0.00      0.00
04:58:16         0.00      0.00      0.00      0.00      0.00      0.00
04:58:26         0.00      0.00      0.00      0.00      0.00      0.00
04:58:36         0.00      0.00      0.00      0.00      0.00      0.00
04:58:46         0.00      0.00      0.00      0.00      0.00      0.00
04:58:56         0.00      0.00      0.00      0.00      0.00      0.00
04:59:06         0.00      0.00      0.00      0.00      0.00      0.00
04:59:16         0.00      0.00      0.00      0.00      0.00      0.00
04:59:26         0.00      0.00      0.00      0.00      0.00      0.00
04:59:36         0.00      0.00      0.00      0.00      0.00      0.00
04:59:46         0.00      0.00      0.00      0.00      0.00      0.00
04:59:56         0.00      0.00      0.00      0.00      0.00      0.00
05:00:06         0.00      0.00      0.00      0.00      0.00      0.00
05:00:16         0.00      0.00      0.00      0.00      0.00      0.00
05:00:26         0.00      0.00      0.00      0.00      0.00      0.00
05:00:36         0.00      0.00      0.00      0.00      0.00      0.00
05:00:46         0.00      0.00      0.00      0.00      0.00      0.00
05:00:56         0.00      0.00      0.00      0.00      0.00      0.00
05:01:06         0.00      0.00      0.00      0.00      0.00      0.00
05:01:16         0.00      0.00      0.00      0.00      0.00      0.00
05:01:26         0.00      0.00      0.00      0.00      0.00      0.00
05:01:36         0.00      0.00      0.00      0.00      0.00      0.00
05:01:46         0.00      0.00      0.00      0.00      0.00      0.00
05:01:56         0.00      0.00      0.00      0.00      0.00      0.00
05:02:06         0.00      0.00      0.00      0.00      0.00      0.00
05:02:16         0.00      0.00      0.00      0.00      0.00      0.00
05:02:26         0.00      0.00      0.00      0.00      0.00      0.00
05:02:36         0.00      0.00      0.00      0.00      0.00      0.00
05:02:46         0.00      0.00      0.00      0.00      0.00      0.00
05:02:56         0.00      0.00      0.00      0.00      0.00      0.00
05:03:06         0.00      0.00      0.00      0.00      0.00      0.00
05:03:16         0.00      0.00      0.00      0.00      0.00      0.00
05:03:26         0.00      0.00      0.00      0.00      0.00      0.00
05:03:36         0.00      0.00      0.00      0.00      0.00      0.00
05:03:46         0.00      0.00      0.00      0.00      0.00      0.00
05:03:56         0.00      0.00      0.00      0.00      0.00      0.00
05:04:06         0.00      0.00      0.00      0.00      0.00      0.00
05:04:16         0.00      0.00      0.00      0.00      0.00      0.00
05:04:26         0.00      0.00      0.00      0.00      0.00      0.00
05:04:36         0.00      0.00      0.00      0.00      0.00      0.00
05:04:46         0.00      0.00      0.00      0.00      0.00      0.00
05:04:56         0.00      0.00      0.00      0.00      0.00      0.00
05:05:06         0.00      0.00      0.00      0.00      0.00      0.00
05:05:16         0.00      0.00      0.00      0.00      0.00      0.00
05:05:26         0.00      0.00      0.00      0.00      0.00      0.00
05:05:36         0.00      0.00      0.00      0.00      0.00      0.00
05:05:46         0.00      0.00      0.00      0.00      0.00      0.00
05:05:56         0.00      0.00      0.00      0.00      0.00      0.00
05:06:06         0.00      0.00      0.00      0.00      0.00      0.00
05:06:16         0.00      0.00      0.00      0.00      0.00      0.00
05:06:26         0.00      0.00      0.00      0.00      0.00      0.00
05:06:36         0.00      0.00      0.00      0.00      0.00      0.00
05:06:46         0.00      0.00      0.00      0.00      0.00      0.00
05:06:56         0.00      0.00      0.00      0.00      0.00      0.00
05:07:06         0.00      0.00      0.00      0.00      0.00      0.00
05:07:16         0.00      0.00      0.00      0.00      0.00      0.00
05:07:26         0.00      0.00      0.00      0.00      0.00      0.00
05:07:36         0.00      0.00      0.00      0.00      0.00      0.00
05:07:46         0.00      0.00      0.00      0.00      0.00      0.00
05:07:56         0.00      0.00      0.00      0.00      0.00      0.00
05:08:06         0.00      0.00      0.00      0.00      0.00      0.00
05:08:16         0.00      0.00      0.00      0.00      0.00      0.00
05:08:26         0.00      0.00      0.00      0.00      0.00      0.00
05:08:36         0.00      0.00      0.00      0.00      0.00      0.00
05:08:46         0.00      0.00      0.00      0.00      0.00      0.00
05:08:56         0.00      0.00      0.00      0.00      0.00      0.00
05:09:06         0.00      0.00      0.00      0.00      0.00      0.00
05:09:16         0.00      0.00      0.00      0.00      0.00      0.00
05:09:26         0.00      0.00      0.00      0.00      0.00      0.00
05:09:36         0.00      0.00      0.00      0.00      0.00      0.00
05:09:46         0.00      0.00      0.00      0.00      0.00      0.00
05:09:56         0.00      0.00      0.00      0.00      0.00      0.00
05:10:06         0.00      0.00      0.00      0.00      0.00      0.00
05:10:16         0.00      0.00      0.00      0.00      0.00      0.00
05:10:26         0.00      0.00      0.00      0.00      0.00      0.00
05:10:36         0.00      0.00      0.00      0.00      0.00      0.00
05:10:46         0.00      0.00      0.00      0.00      0.00      0.00
05:10:56         0.00      0.00      0.00      0.00      0.00      0.00
05:11:06         0.00      0.00      0.00      0.00      0.00      0.00
05:11:16         0.00      0.00      0.00      0.00      0.00      0.00
05:11:26         0.00      0.00      0.00      0.00      0.00      0.00
05:11:36         0.00      0.00      0.00      0.00      0.00      0.00
05:11:46         0.00      0.00      0.00      0.00      0.00      0.00
05:11:56         0.00      0.00      0.00      0.00      0.00      0.00
05:12:06         0.00      0.00      0.00      0.00      0.00      0.00
05:12:16         0.00      0.00      0.00      0.00      0.00      0.00
05:12:26         0.00      0.00      0.00      0.00      0.00      0.00
05:12:36         0.00      0.00      0.00      0.00      0.00      0.00
05:12:46         0.00      0.00      0.00      0.00      0.00      0.00
05:12:56         0.00      0.00      0.00      0.00      0.00      0.00
05:13:06         0.00      0.00      0.00      0.00      0.00      0.00
05:13:16         0.00      0.00      0.00      0.00      0.00      0.00
05:13:26         0.00      0.00      0.00      0.00      0.00      0.00
05:13:36         0.00      0.00      0.00      0.00      0.00      0.00
05:13:46         0.00      0.00      0.00      0.00      0.00      0.00
05:13:56         0.00      0.00      0.00      0.00      0.00      0.00
05:14:06         0.00      0.00      0.00      0.00      0.00      0.00
05:14:16         0.00      0.00      0.00      0.00      0.00      0.00
05:14:26         0.00      0.00      0.00      0.00      0.00      0.00
05:14:36         0.00      0.00      0.00      0.00      0.00      0.00
05:14:46         0.00      0.00      0.00      0.00      0.00      0.00
05:14:56         0.00      0.00      0.00      0.00      0.00      0.00
05:15:06         0.00      0.00      0.00      0.00      0.00      0.00
05:15:16         0.00      0.00      0.00      0.00      0.00      0.00
05:15:26         0.00      0.00      0.00      0.00      0.00      0.00
05:15:36         0.00      0.00      0.00      0.00      0.00      0.00
05:15:46         0.00      0.00      0.00      0.00      0.00      0.00
05:15:56         0.00      0.00      0.00      0.00      0.00      0.00
05:16:06         0.00      0.00      0.00      0.00      0.00      0.00
05:16:16         0.00      0.00      0.00      0.00      0.00      0.00
05:16:26         0.00      0.00      0.00      0.00      0.00      0.00
05:16:36         0.00      0.00      0.00      0.00      0.00      0.00
05:16:46         0.00      0.00      0.00      0.00      0.00      0.00
05:16:56         0.00      0.00      0.00      0.00      0.00      0.00
05:17:06         0.00      0.00      0.00      0.00      0.00      0.00
05:17:16         0.00      0.00      0.00      0.00      0.00      0.00
05:17:26         0.00      0.00      0.00      0.00      0.00      0.00
05:17:36         0.00      0.00      0.00      0.00      0.00      0.00
05:17:46         0.00      0.00      0.00      0.00      0.00      0.00
05:17:56         0.00      0.00      0.00      0.00      0.00      0.00
05:18:06         0.00      0.00      0.00      0.00      0.00      0.00
05:18:16         0.00      0.00      0.00      0.00      0.00      0.00
05:18:26         0.00      0.00      0.00      0.00      0.00      0.00
05:18:36         0.00      0.00      0.00      0.00      0.00      0.00
05:18:46         0.00      0.00      0.00      0.00      0.00      0.00
05:18:56         0.00      0.00      0.00      0.00      0.00      0.00
05:19:06         0.00      0.00      0.00      0.00      0.00      0.00
05:19:16         0.00      0.00      0.00      0.00      0.00      0.00
05:19:26         0.00      0.00      0.00      0.00      0.00      0.00
05:19:36         0.00      0.00      0.00      0.00      0.00      0.00
05:19:46         0.00      0.00      0.00      0.00      0.00      0.00
05:19:56         0.00      0.00      0.00      0.00      0.00      0.00
05:20:06         0.00      0.00      0.00      0.00      0.00      0.00
05:20:16         0.00      0.00      0.00      0.00      0.00      0.00
05:20:26         0.00      0.00      0.00      0.00      0.00      0.00
05:20:36         0.00      0.00      0.00      0.00      0.00      0.00
05:20:46         0.00      0.00      0.00      0.00      0.00      0.00
05:20:56         0.00      0.00      0.00      0.00      0.00      0.00
05:21:06         0.00      0.00      0.00      0.00      0.00      0.00
05:21:16         0.00      0.00      0.00      0.00      0.00      0.00
05:21:26         0.00      0.00      0.00      0.00      0.00      0.00
05:21:36         0.00      0.00      0.00      0.00      0.00      0.00
05:21:46         0.00      0.00      0.00      0.00      0.00      0.00
05:21:56         0.00      0.00      0.00      0.00      0.00      0.00
05:22:06         0.00      0.00      0.00      0.00      0.00      0.00
05:22:16         0.00      0.00      0.00      0.00      0.00      0.00
05:22:26         0.00      0.00      0.00      0.00      0.00      0.00
05:22:36         0.00      0.00      0.00      0.00      0.00      0.00
05:22:46         0.00      0.00      0.00      0.00      0.00      0.00
05:22:56         0.00      0.00      0.00      0.00      0.00      0.00
05:23:06         0.00      0.00      0.00      0.00      0.00      0.00
05:23:16         0.00      0.00      0.00      0.00      0.00      0.00
05:23:26         0.00      0.00      0.00      0.00      0.00      0.00
05:23:36         0.00      0.00      0.00      0.00      0.00      0.00
05:23:46         0.00      0.00      0.00      0.00      0.00      0.00
05:23:56         0.00      0.00      0.00      0.00      0.00      0.00
05:24:06         0.00      0.00      0.00      0.00      0.00      0.00
05:24:16         0.00      0.00      0.00      0.00      0.00      0.00
05:24:26         0.00      0.00      0.00      0.00      0.00      0.00
05:24:36         0.00      0.00      0.00      0.00      0.00      0.00
05:24:46         0.00      0.00      0.00      0.00      0.00      0.00
05:24:56         0.00      0.00      0.00      0.00      0.00      0.00
05:25:06         0.00      0.00      0.00      0.00      0.00      0.00
05:25:16         0.00      0.00      0.00      0.00      0.00      0.00
05:25:26         0.00      0.00      0.00      0.00      0.00      0.00
05:25:36         0.00      0.00      0.00      0.00      0.00      0.00
05:25:46         0.00      0.00      0.00      0.00      0.00      0.00
05:25:56         0.00      0.00      0.00      0.00      0.00      0.00
05:26:06         0.00      0.00      0.00      0.00      0.00      0.00
05:26:16         0.00      0.00      0.00      0.00      0.00      0.00
05:26:26         0.00      0.00      0.00      0.00      0.00      0.00
05:26:36         0.00      0.00      0.00      0.00      0.00      0.00
05:26:46         0.00      0.00      0.00      0.00      0.00      0.00
05:26:56         0.00      0.00      0.00      0.00      0.00      0.00
05:27:06         0.00      0.00      0.00      0.00      0.00      0.00
05:27:16         0.00      0.00      0.00      0.00      0.00      0.00
05:27:26         0.00      0.00      0.00      0.00      0.00      0.00
05:27:36         0.00      0.00      0.00      0.00      0.00      0.00
05:27:46         0.00      0.00      0.00      0.00      0.00      0.00
05:27:56         0.00      0.00      0.00      0.00      0.00      0.00
05:28:06         0.00      0.00      0.00      0.00      0.00      0.00
Average:         0.00      0.00      0.00      0.00      0.00      0.00

04:48:06      scall/s badcall/s  packet/s     udp/s     tcp/s     hit/s    miss/s   sread/s  swrite/s saccess/s sgetatt/s
04:48:16         0.00      0.00      0.00      0.00      0.00      0.00      0.00      0.00      0.00      0.00      0.00
04:48:26         0.00      0.00      0.00      0.00      0.00      0.00      0.00      0.00      0.00      0.00      0.00
04:48:36         0.00      0.00      0.00      0.00      0.00      0.00      0.00      0.00      0.00      0.00      0.00
04:48:46         0.00      0.00      0.00      0.00      0.00      0.00      0.00      0.00      0.00      0.00      0.00
04:48:56         0.00      0.00      0.00      0.00      0.00      0.00      0.00      0.00      0.00      0.00      0.00
04:49:06         0.00      0.00      0.00      0.00      0.00      0.00      0.00      0.00      0.00      0.00      0.00
04:49:16         0.00      0.00      0.00      0.00      0.00      0.00      0.00      0.00      0.00      0.00      0.00
04:49:26         0.00      0.00      0.00      0.00      0.00      0.00      0.00      0.00      0.00      0.00      0.00
04:49:36         0.00      0.00      0.00      0.00      0.00      0.00      0.00      0.00      0.00      0.00      0.00
04:49:46         0.00      0.00      0.00      0.00      0.00      0.00      0.00      0.00      0.00      0.00      0.00
04:49:56         0.00      0.00      0.00      0.00      0.00      0.00      0.00      0.00      0.00      0.00      0.00
04:50:06         0.00      0.00      0.00      0.00      0.00      0.00      0.00      0.00      0.00      0.00      0.00
04:50:16         0.00      0.00      0.00      0.00      0.00      0.00      0.00      0.00      0.00      0.00      0.00
04:50:26         0.00      0.00      0.00      0.00      0.00      0.00      0.00      0.00      0.00      0.00      0.00
04:50:36         0.00      0.00      0.00      0.00      0.00      0.00      0.00      0.00      0.00      0.00      0.00
04:50:46         0.00      0.00      0.00      0.00      0.00      0.00      0.00      0.00      0.00      0.00      0.00
04:50:56         0.00      0.00      0.00      0.00      0.00      0.00      0.00      0.00      0.00      0.00      0.00
04:51:06         0.00      0.00      0.00      0.00      0.00      0.00      0.00      0.00      0.00      0.00      0.00
04:51:16         0.00      0.00      0.00      0.00      0.00      0.00      0.00      0.00      0.00      0.00      0.00
04:51:26         0.00      0.00      0.00      0.00      0.00      0.00      0.00      0.00      0.00      0.00      0.00
04:51:36         0.00      0.00      0.00      0.00      0.00      0.00      0.00      0.00      0.00      0.00      0.00
04:51:46         0.00      0.00      0.00      0.00      0.00      0.00      0.00      0.00      0.00      0.00      0.00
04:51:56         0.00      0.00      0.00      0.00      0.00      0.00      0.00      0.00      0.00      0.00      0.00
04:52:06         0.00      0.00      0.00      0.00      0.00      0.00      0.00      0.00      0.00      0.00      0.00
04:52:16         0.00      0.00      0.00      0.00      0.00      0.00      0.00      0.00      0.00      0.00      0.00
04:52:26         0.00      0.00      0.00      0.00      0.00      0.00      0.00      0.00      0.00      0.00      0.00
04:52:36         0.00      0.00      0.00      0.00      0.00      0.00      0.00      0.00      0.00      0.00      0.00
04:52:46         0.00      0.00      0.00      0.00      0.00      0.00      0.00      0.00      0.00      0.00      0.00
04:52:56         0.00      0.00      0.00      0.00      0.00      0.00      0.00      0.00      0.00      0.00      0.00
04:53:06         0.00      0.00      0.00      0.00      0.00      0.00      0.00      0.00      0.00      0.00      0.00
04:53:16         0.00      0.00      0.00      0.00      0.00      0.00      0.00      0.00      0.00      0.00      0.00
04:53:26         0.00      0.00      0.00      0.00      0.00      0.00      0.00      0.00      0.00      0.00      0.00
04:53:36         0.00      0.00      0.00      0.00      0.00      0.00      0.00      0.00      0.00      0.00      0.00
04:53:46         0.00      0.00      0.00      0.00      0.00      0.00      0.00      0.00      0.00      0.00      0.00
04:53:56         0.00      0.00      0.00      0.00      0.00      0.00      0.00      0.00      0.00      0.00      0.00
04:54:06         0.00      0.00      0.00      0.00      0.00      0.00      0.00      0.00      0.00      0.00      0.00
04:54:16         0.00      0.00      0.00      0.00      0.00      0.00      0.00      0.00      0.00      0.00      0.00
04:54:26         0.00      0.00      0.00      0.00      0.00      0.00      0.00      0.00      0.00      0.00      0.00
04:54:36         0.00      0.00      0.00      0.00      0.00      0.00      0.00      0.00      0.00      0.00      0.00
04:54:46         0.00      0.00      0.00      0.00      0.00      0.00      0.00      0.00      0.00      0.00      0.00
04:54:56         0.00      0.00      0.00      0.00      0.00      0.00      0.00      0.00      0.00      0.00      0.00
04:55:06         0.00      0.00      0.00      0.00      0.00      0.00      0.00      0.00      0.00      0.00      0.00
04:55:16         0.00      0.00      0.00      0.00      0.00      0.00      0.00      0.00      0.00      0.00      0.00
04:55:26         0.00      0.00      0.00      0.00      0.00      0.00      0.00      0.00      0.00      0.00      0.00
04:55:36         0.00      0.00      0.00      0.00      0.00      0.00      0.00      0.00      0.00      0.00      0.00
04:55:46         0.00      0.00      0.00      0.00      0.00      0.00      0.00      0.00      0.00      0.00      0.00
04:55:56         0.00      0.00      0.00      0.00      0.00      0.00      0.00      0.00      0.00      0.00      0.00
04:56:06         0.00      0.00      0.00      0.00      0.00      0.00      0.00      0.00      0.00      0.00      0.00
04:56:16         0.00      0.00      0.00      0.00      0.00      0.00      0.00      0.00      0.00      0.00      0.00
04:56:26         0.00      0.00      0.00      0.00      0.00      0.00      0.00      0.00      0.00      0.00      0.00
04:56:36         0.00      0.00      0.00      0.00      0.00      0.00      0.00      0.00      0.00      0.00      0.00
04:56:46         0.00      0.00      0.00      0.00      0.00      0.00      0.00      0.00      0.00      0.00      0.00
04:56:56         0.00      0.00      0.00      0.00      0.00      0.00      0.00      0.00      0.00      0.00      0.00
04:57:06         0.00      0.00      0.00      0.00      0.00      0.00      0.00      0.00      0.00      0.00      0.00
04:57:16         0.00      0.00      0.00      0.00      0.00      0.00      0.00      0.00      0.00      0.00      0.00
04:57:26         0.00      0.00      0.00      0.00      0.00      0.00      0.00      0.00      0.00      0.00      0.00
04:57:36         0.00      0.00      0.00      0.00      0.00      0.00      0.00      0.00      0.00      0.00      0.00
04:57:46         0.00      0.00      0.00      0.00      0.00      0.00      0.00      0.00      0.00      0.00      0.00
04:57:56         0.00      0.00      0.00      0.00      0.00      0.00      0.00      0.00      0.00      0.00      0.00
04:58:06         0.00      0.00      0.00      0.00      0.00      0.00      0.00      0.00      0.00      0.00      0.00
04:58:16         0.00      0.00      0.00      0.00      0.00      0.00      0.00      0.00      0.00      0.00      0.00
04:58:26         0.00      0.00      0.00      0.00      0.00      0.00      0.00      0.00      0.00      0.00      0.00
04:58:36         0.00      0.00      0.00      0.00      0.00      0.00      0.00      0.00      0.00      0.00      0.00
04:58:46         0.00      0.00      0.00      0.00      0.00      0.00      0.00      0.00      0.00      0.00      0.00
04:58:56         0.00      0.00      0.00      0.00      0.00      0.00      0.00      0.00      0.00      0.00      0.00
04:59:06         0.00      0.00      0.00      0.00      0.00      0.00      0.00      0.00      0.00      0.00      0.00
04:59:16         0.00      0.00      0.00      0.00      0.00      0.00      0.00      0.00      0.00      0.00      0.00
04:59:26         0.00      0.00      0.00      0.00      0.00      0.00      0.00      0.00      0.00      0.00      0.00
04:59:36         0.00      0.00      0.00      0.00      0.00      0.00      0.00      0.00      0.00      0.00      0.00
04:59:46         0.00      0.00      0.00      0.00      0.00      0.00      0.00      0.00      0.00      0.00      0.00
04:59:56         0.00      0.00      0.00      0.00      0.00      0.00      0.00      0.00      0.00      0.00      0.00
05:00:06         0.00      0.00      0.00      0.00      0.00      0.00      0.00      0.00      0.00      0.00      0.00
05:00:16         0.00      0.00      0.00      0.00      0.00      0.00      0.00      0.00      0.00      0.00      0.00
05:00:26         0.00      0.00      0.00      0.00      0.00      0.00      0.00      0.00      0.00      0.00      0.00
05:00:36         0.00      0.00      0.00      0.00      0.00      0.00      0.00      0.00      0.00      0.00      0.00
05:00:46         0.00      0.00      0.00      0.00      0.00      0.00      0.00      0.00      0.00      0.00      0.00
05:00:56         0.00      0.00      0.00      0.00      0.00      0.00      0.00      0.00      0.00      0.00      0.00
05:01:06         0.00      0.00      0.00      0.00      0.00      0.00      0.00      0.00      0.00      0.00      0.00
05:01:16         0.00      0.00      0.00      0.00      0.00      0.00      0.00      0.00      0.00      0.00      0.00
05:01:26         0.00      0.00      0.00      0.00      0.00      0.00      0.00      0.00      0.00      0.00      0.00
05:01:36         0.00      0.00      0.00      0.00      0.00      0.00      0.00      0.00      0.00      0.00      0.00
05:01:46         0.00      0.00      0.00      0.00      0.00      0.00      0.00      0.00      0.00      0.00      0.00
05:01:56         0.00      0.00      0.00      0.00      0.00      0.00      0.00      0.00      0.00      0.00      0.00
05:02:06         0.00      0.00      0.00      0.00      0.00      0.00      0.00      0.00      0.00      0.00      0.00
05:02:16         0.00      0.00      0.00      0.00      0.00      0.00      0.00      0.00      0.00      0.00      0.00
05:02:26         0.00      0.00      0.00      0.00      0.00      0.00      0.00      0.00      0.00      0.00      0.00
05:02:36         0.00      0.00      0.00      0.00      0.00      0.00      0.00      0.00      0.00      0.00      0.00
05:02:46         0.00      0.00      0.00      0.00      0.00      0.00      0.00      0.00      0.00      0.00      0.00
05:02:56         0.00      0.00      0.00      0.00      0.00      0.00      0.00      0.00      0.00      0.00      0.00
05:03:06         0.00      0.00      0.00      0.00      0.00      0.00      0.00      0.00      0.00      0.00      0.00
05:03:16         0.00      0.00      0.00      0.00      0.00      0.00      0.00      0.00      0.00      0.00      0.00
05:03:26         0.00      0.00      0.00      0.00      0.00      0.00      0.00      0.00      0.00      0.00      0.00
05:03:36         0.00      0.00      0.00      0.00      0.00      0.00      0.00      0.00      0.00      0.00      0.00
05:03:46         0.00      0.00      0.00      0.00      0.00      0.00      0.00      0.00      0.00      0.00      0.00
05:03:56         0.00      0.00      0.00      0.00      0.00      0.00      0.00      0.00      0.00      0.00      0.00
05:04:06         0.00      0.00      0.00      0.00      0.00      0.00      0.00      0.00      0.00      0.00      0.00
05:04:16         0.00      0.00      0.00      0.00      0.00      0.00      0.00      0.00      0.00      0.00      0.00
05:04:26         0.00      0.00      0.00      0.00      0.00      0.00      0.00      0.00      0.00      0.00      0.00
05:04:36         0.00      0.00      0.00      0.00      0.00      0.00      0.00      0.00      0.00      0.00      0.00
05:04:46         0.00      0.00      0.00      0.00      0.00      0.00      0.00      0.00      0.00      0.00      0.00
05:04:56         0.00      0.00      0.00      0.00      0.00      0.00      0.00      0.00      0.00      0.00      0.00
05:05:06         0.00      0.00      0.00      0.00      0.00      0.00      0.00      0.00      0.00      0.00      0.00
05:05:16         0.00      0.00      0.00      0.00      0.00      0.00      0.00      0.00      0.00      0.00      0.00
05:05:26         0.00      0.00      0.00      0.00      0.00      0.00      0.00      0.00      0.00      0.00      0.00
05:05:36         0.00      0.00      0.00      0.00      0.00      0.00      0.00      0.00      0.00      0.00      0.00
05:05:46         0.00      0.00      0.00      0.00      0.00      0.00      0.00      0.00      0.00      0.00      0.00
05:05:56         0.00      0.00      0.00      0.00      0.00      0.00      0.00      0.00      0.00      0.00      0.00
05:06:06         0.00      0.00      0.00      0.00      0.00      0.00      0.00      0.00      0.00      0.00      0.00
05:06:16         0.00      0.00      0.00      0.00      0.00      0.00      0.00      0.00      0.00      0.00      0.00
05:06:26         0.00      0.00      0.00      0.00      0.00      0.00      0.00      0.00      0.00      0.00      0.00
05:06:36         0.00      0.00      0.00      0.00      0.00      0.00      0.00      0.00      0.00      0.00      0.00
05:06:46         0.00      0.00      0.00      0.00      0.00      0.00      0.00      0.00      0.00      0.00      0.00
05:06:56         0.00      0.00      0.00      0.00      0.00      0.00      0.00      0.00      0.00      0.00      0.00
05:07:06         0.00      0.00      0.00      0.00      0.00      0.00      0.00      0.00      0.00      0.00      0.00
05:07:16         0.00      0.00      0.00      0.00      0.00      0.00      0.00      0.00      0.00      0.00      0.00
05:07:26         0.00      0.00      0.00      0.00      0.00      0.00      0.00      0.00      0.00      0.00      0.00
05:07:36         0.00      0.00      0.00      0.00      0.00      0.00      0.00      0.00      0.00      0.00      0.00
05:07:46         0.00      0.00      0.00      0.00      0.00      0.00      0.00      0.00      0.00      0.00      0.00
05:07:56         0.00      0.00      0.00      0.00      0.00      0.00      0.00      0.00      0.00      0.00      0.00
05:08:06         0.00      0.00      0.00      0.00      0.00      0.00      0.00      0.00      0.00      0.00      0.00
05:08:16         0.00      0.00      0.00      0.00      0.00      0.00      0.00      0.00      0.00      0.00      0.00
05:08:26         0.00      0.00      0.00      0.00      0.00      0.00      0.00      0.00      0.00      0.00      0.00
05:08:36         0.00      0.00      0.00      0.00      0.00      0.00      0.00      0.00      0.00      0.00      0.00
05:08:46         0.00      0.00      0.00      0.00      0.00      0.00      0.00      0.00      0.00      0.00      0.00
05:08:56         0.00      0.00      0.00      0.00      0.00      0.00      0.00      0.00      0.00      0.00      0.00
05:09:06         0.00      0.00      0.00      0.00      0.00      0.00      0.00      0.00      0.00      0.00      0.00
05:09:16         0.00      0.00      0.00      0.00      0.00      0.00      0.00      0.00      0.00      0.00      0.00
05:09:26         0.00      0.00      0.00      0.00      0.00      0.00      0.00      0.00      0.00      0.00      0.00
05:09:36         0.00      0.00      0.00      0.00      0.00      0.00      0.00      0.00      0.00      0.00      0.00
05:09:46         0.00      0.00      0.00      0.00      0.00      0.00      0.00      0.00      0.00      0.00      0.00
05:09:56         0.00      0.00      0.00      0.00      0.00      0.00      0.00      0.00      0.00      0.00      0.00
05:10:06         0.00      0.00      0.00      0.00      0.00      0.00      0.00      0.00      0.00      0.00      0.00
05:10:16         0.00      0.00      0.00      0.00      0.00      0.00      0.00      0.00      0.00      0.00      0.00
05:10:26         0.00      0.00      0.00      0.00      0.00      0.00      0.00      0.00      0.00      0.00      0.00
05:10:36         0.00      0.00      0.00      0.00      0.00      0.00      0.00      0.00      0.00      0.00      0.00
05:10:46         0.00      0.00      0.00      0.00      0.00      0.00      0.00      0.00      0.00      0.00      0.00
05:10:56         0.00      0.00      0.00      0.00      0.00      0.00      0.00      0.00      0.00      0.00      0.00
05:11:06         0.00      0.00      0.00      0.00      0.00      0.00      0.00      0.00      0.00      0.00      0.00
05:11:16         0.00      0.00      0.00      0.00      0.00      0.00      0.00      0.00      0.00      0.00      0.00
05:11:26         0.00      0.00      0.00      0.00      0.00      0.00      0.00      0.00      0.00      0.00      0.00
05:11:36         0.00      0.00      0.00      0.00      0.00      0.00      0.00      0.00      0.00      0.00      0.00
05:11:46         0.00      0.00      0.00      0.00      0.00      0.00      0.00      0.00      0.00      0.00      0.00
05:11:56         0.00      0.00      0.00      0.00      0.00      0.00      0.00      0.00      0.00      0.00      0.00
05:12:06         0.00      0.00      0.00      0.00      0.00      0.00      0.00      0.00      0.00      0.00      0.00
05:12:16         0.00      0.00      0.00      0.00      0.00      0.00      0.00      0.00      0.00      0.00      0.00
05:12:26         0.00      0.00      0.00      0.00      0.00      0.00      0.00      0.00      0.00      0.00      0.00
05:12:36         0.00      0.00      0.00      0.00      0.00      0.00      0.00      0.00      0.00      0.00      0.00
05:12:46         0.00      0.00      0.00      0.00      0.00      0.00      0.00      0.00      0.00      0.00      0.00
05:12:56         0.00      0.00      0.00      0.00      0.00      0.00      0.00      0.00      0.00      0.00      0.00
05:13:06         0.00      0.00      0.00      0.00      0.00      0.00      0.00      0.00      0.00      0.00      0.00
05:13:16         0.00      0.00      0.00      0.00      0.00      0.00      0.00      0.00      0.00      0.00      0.00
05:13:26         0.00      0.00      0.00      0.00      0.00      0.00      0.00      0.00      0.00      0.00      0.00
05:13:36         0.00      0.00      0.00      0.00      0.00      0.00      0.00      0.00      0.00      0.00      0.00
05:13:46         0.00      0.00      0.00      0.00      0.00      0.00      0.00      0.00      0.00      0.00      0.00
05:13:56         0.00      0.00      0.00      0.00      0.00      0.00      0.00      0.00      0.00      0.00      0.00
05:14:06         0.00      0.00      0.00      0.00      0.00      0.00      0.00      0.00      0.00      0.00      0.00
05:14:16         0.00      0.00      0.00      0.00      0.00      0.00      0.00      0.00      0.00      0.00      0.00
05:14:26         0.00      0.00      0.00      0.00      0.00      0.00      0.00      0.00      0.00      0.00      0.00
05:14:36         0.00      0.00      0.00      0.00      0.00      0.00      0.00      0.00      0.00      0.00      0.00
05:14:46         0.00      0.00      0.00      0.00      0.00      0.00      0.00      0.00      0.00      0.00      0.00
05:14:56         0.00      0.00      0.00      0.00      0.00      0.00      0.00      0.00      0.00      0.00      0.00
05:15:06         0.00      0.00      0.00      0.00      0.00      0.00      0.00      0.00      0.00      0.00      0.00
05:15:16         0.00      0.00      0.00      0.00      0.00      0.00      0.00      0.00      0.00      0.00      0.00
05:15:26         0.00      0.00      0.00      0.00      0.00      0.00      0.00      0.00      0.00      0.00      0.00
05:15:36         0.00      0.00      0.00      0.00      0.00      0.00      0.00      0.00      0.00      0.00      0.00
05:15:46         0.00      0.00      0.00      0.00      0.00      0.00      0.00      0.00      0.00      0.00      0.00
05:15:56         0.00      0.00      0.00      0.00      0.00      0.00      0.00      0.00      0.00      0.00      0.00
05:16:06         0.00      0.00      0.00      0.00      0.00      0.00      0.00      0.00      0.00      0.00      0.00
05:16:16         0.00      0.00      0.00      0.00      0.00      0.00      0.00      0.00      0.00      0.00      0.00
05:16:26         0.00      0.00      0.00      0.00      0.00      0.00      0.00      0.00      0.00      0.00      0.00
05:16:36         0.00      0.00      0.00      0.00      0.00      0.00      0.00      0.00      0.00      0.00      0.00
05:16:46         0.00      0.00      0.00      0.00      0.00      0.00      0.00      0.00      0.00      0.00      0.00
05:16:56         0.00      0.00      0.00      0.00      0.00      0.00      0.00      0.00      0.00      0.00      0.00
05:17:06         0.00      0.00      0.00      0.00      0.00      0.00      0.00      0.00      0.00      0.00      0.00
05:17:16         0.00      0.00      0.00      0.00      0.00      0.00      0.00      0.00      0.00      0.00      0.00
05:17:26         0.00      0.00      0.00      0.00      0.00      0.00      0.00      0.00      0.00      0.00      0.00
05:17:36         0.00      0.00      0.00      0.00      0.00      0.00      0.00      0.00      0.00      0.00      0.00
05:17:46         0.00      0.00      0.00      0.00      0.00      0.00      0.00      0.00      0.00      0.00      0.00
05:17:56         0.00      0.00      0.00      0.00      0.00      0.00      0.00      0.00      0.00      0.00      0.00
05:18:06         0.00      0.00      0.00      0.00      0.00      0.00      0.00      0.00      0.00      0.00      0.00
05:18:16         0.00      0.00      0.00      0.00      0.00      0.00      0.00      0.00      0.00      0.00      0.00
05:18:26         0.00      0.00      0.00      0.00      0.00      0.00      0.00      0.00      0.00      0.00      0.00
05:18:36         0.00      0.00      0.00      0.00      0.00      0.00      0.00      0.00      0.00      0.00      0.00
05:18:46         0.00      0.00      0.00      0.00      0.00      0.00      0.00      0.00      0.00      0.00      0.00
05:18:56         0.00      0.00      0.00      0.00      0.00      0.00      0.00      0.00      0.00      0.00      0.00
05:19:06         0.00      0.00      0.00      0.00      0.00      0.00      0.00      0.00      0.00      0.00      0.00
05:19:16         0.00      0.00      0.00      0.00      0.00      0.00      0.00      0.00      0.00      0.00      0.00
05:19:26         0.00      0.00      0.00      0.00      0.00      0.00      0.00      0.00      0.00      0.00      0.00
05:19:36         0.00      0.00      0.00      0.00      0.00      0.00      0.00      0.00      0.00      0.00      0.00
05:19:46         0.00      0.00      0.00      0.00      0.00      0.00      0.00      0.00      0.00      0.00      0.00
05:19:56         0.00      0.00      0.00      0.00      0.00      0.00      0.00      0.00      0.00      0.00      0.00
05:20:06         0.00      0.00      0.00      0.00      0.00      0.00      0.00      0.00      0.00      0.00      0.00
05:20:16         0.00      0.00      0.00      0.00      0.00      0.00      0.00      0.00      0.00      0.00      0.00
05:20:26         0.00      0.00      0.00      0.00      0.00      0.00      0.00      0.00      0.00      0.00      0.00
05:20:36         0.00      0.00      0.00      0.00      0.00      0.00      0.00      0.00      0.00      0.00      0.00
05:20:46         0.00      0.00      0.00      0.00      0.00      0.00      0.00      0.00      0.00      0.00      0.00
05:20:56         0.00      0.00      0.00      0.00      0.00      0.00      0.00      0.00      0.00      0.00      0.00
05:21:06         0.00      0.00      0.00      0.00      0.00      0.00      0.00      0.00      0.00      0.00      0.00
05:21:16         0.00      0.00      0.00      0.00      0.00      0.00      0.00      0.00      0.00      0.00      0.00
05:21:26         0.00      0.00      0.00      0.00      0.00      0.00      0.00      0.00      0.00      0.00      0.00
05:21:36         0.00      0.00      0.00      0.00      0.00      0.00      0.00      0.00      0.00      0.00      0.00
05:21:46         0.00      0.00      0.00      0.00      0.00      0.00      0.00      0.00      0.00      0.00      0.00
05:21:56         0.00      0.00      0.00      0.00      0.00      0.00      0.00      0.00      0.00      0.00      0.00
05:22:06         0.00      0.00      0.00      0.00      0.00      0.00      0.00      0.00      0.00      0.00      0.00
05:22:16         0.00      0.00      0.00      0.00      0.00      0.00      0.00      0.00      0.00      0.00      0.00
05:22:26         0.00      0.00      0.00      0.00      0.00      0.00      0.00      0.00      0.00      0.00      0.00
05:22:36         0.00      0.00      0.00      0.00      0.00      0.00      0.00      0.00      0.00      0.00      0.00
05:22:46         0.00      0.00      0.00      0.00      0.00      0.00      0.00      0.00      0.00      0.00      0.00
05:22:56         0.00      0.00      0.00      0.00      0.00      0.00      0.00      0.00      0.00      0.00      0.00
05:23:06         0.00      0.00      0.00      0.00      0.00      0.00      0.00      0.00      0.00      0.00      0.00
05:23:16         0.00      0.00      0.00      0.00      0.00      0.00      0.00      0.00      0.00      0.00      0.00
05:23:26         0.00      0.00      0.00      0.00      0.00      0.00      0.00      0.00      0.00      0.00      0.00
05:23:36         0.00      0.00      0.00      0.00      0.00      0.00      0.00      0.00      0.00      0.00      0.00
05:23:46         0.00      0.00      0.00      0.00      0.00      0.00      0.00      0.00      0.00      0.00      0.00
05:23:56         0.00      0.00      0.00      0.00      0.00      0.00      0.00      0.00      0.00      0.00      0.00
05:24:06         0.00      0.00      0.00      0.00      0.00      0.00      0.00      0.00      0.00      0.00      0.00
05:24:16         0.00      0.00      0.00      0.00      0.00      0.00      0.00      0.00      0.00      0.00      0.00
05:24:26         0.00      0.00      0.00      0.00      0.00      0.00      0.00      0.00      0.00      0.00      0.00
05:24:36         0.00      0.00      0.00      0.00      0.00      0.00      0.00      0.00      0.00      0.00      0.00
05:24:46         0.00      0.00      0.00      0.00      0.00      0.00      0.00      0.00      0.00      0.00      0.00
05:24:56         0.00      0.00      0.00      0.00      0.00      0.00      0.00      0.00      0.00      0.00      0.00
05:25:06         0.00      0.00      0.00      0.00      0.00      0.00      0.00      0.00      0.00      0.00      0.00
05:25:16         0.00      0.00      0.00      0.00      0.00      0.00      0.00      0.00      0.00      0.00      0.00
05:25:26         0.00      0.00      0.00      0.00      0.00      0.00      0.00      0.00      0.00      0.00      0.00
05:25:36         0.00      0.00      0.00      0.00      0.00      0.00      0.00      0.00      0.00      0.00      0.00
05:25:46         0.00      0.00      0.00      0.00      0.00      0.00      0.00      0.00      0.00      0.00      0.00
05:25:56         0.00      0.00      0.00      0.00      0.00      0.00      0.00      0.00      0.00      0.00      0.00
05:26:06         0.00      0.00      0.00      0.00      0.00      0.00      0.00      0.00      0.00      0.00      0.00
05:26:16         0.00      0.00      0.00      0.00      0.00      0.00      0.00      0.00      0.00      0.00      0.00
05:26:26         0.00      0.00      0.00      0.00      0.00      0.00      0.00      0.00      0.00      0.00      0.00
05:26:36         0.00      0.00      0.00      0.00      0.00      0.00      0.00      0.00      0.00      0.00      0.00
05:26:46         0.00      0.00      0.00      0.00      0.00      0.00      0.00      0.00      0.00      0.00      0.00
05:26:56         0.00      0.00      0.00      0.00      0.00      0.00      0.00      0.00      0.00      0.00      0.00
05:27:06         0.00      0.00      0.00      0.00      0.00      0.00      0.00      0.00      0.00      0.00      0.00
05:27:16         0.00      0.00      0.00      0.00      0.00      0.00      0.00      0.00      0.00      0.00      0.00
05:27:26         0.00      0.00      0.00      0.00      0.00      0.00      0.00      0.00      0.00      0.00      0.00
05:27:36         0.00      0.00      0.00      0.00      0.00      0.00      0.00      0.00      0.00      0.00      0.00
05:27:46         0.00      0.00      0.00      0.00      0.00      0.00      0.00      0.00      0.00      0.00      0.00
05:27:56         0.00      0.00      0.00      0.00      0.00      0.00      0.00      0.00      0.00      0.00      0.00
05:28:06         0.00      0.00      0.00      0.00      0.00      0.00      0.00      0.00      0.00      0.00      0.00
Average:         0.00      0.00      0.00      0.00      0.00      0.00      0.00      0.00      0.00      0.00      0.00

04:48:06       totsck    tcpsck    udpsck    rawsck   ip-frag    tcp-tw
04:48:16          155         5         3         0         0         0
04:48:26          155         5         3         0         0         0
04:48:36          155         5         3         0         0         0
04:48:46          155         5         3         0         0         0
04:48:56          155         5         3         0         0         0
04:49:06          155         5         3         0         0         0
04:49:16          155         5         3         0         0         0
04:49:26          155         5         3         0         0         0
04:49:36          155         5         3         0         0         0
04:49:46          155         5         3         0         0         0
04:49:56          155         5         3         0         0         0
04:50:06          155         5         3         0         0         0
04:50:16          155         5         3         0         0         0
04:50:26          155         5         3         0         0         0
04:50:36          155         5         3         0         0         0
04:50:46          155         5         3         0         0         0
04:50:56          155         5         3         0         0         0
04:51:06          155         5         3         0         0         0
04:51:16          155         5         3         0         0         0
04:51:26          155         5         3         0         0         0
04:51:36          155         5         3         0         0         0
04:51:46          155         5         3         0         0         0
04:51:56          155         5         3         0         0         0
04:52:06          155         5         3         0         0         0
04:52:16          155         5         3         0         0         0
04:52:26          155         5         3         0         0         0
04:52:36          155         5         3         0         0         0
04:52:46          155         5         3         0         0         0
04:52:56          155         5         3         0         0         0
04:53:06          155         5         3         0         0         0
04:53:16          155         5         3         0         0         0
04:53:26          155         5         3         0         0         0
04:53:36          155         5         3         0         0         0
04:53:46          155         5         3         0         0         0
04:53:56          172         6         3         0         0         0
04:54:06          167         5         3         0         0         0
04:54:16          167         5         3         0         0         0
04:54:26          167         5         3         0         0         0
04:54:36          167         5         3         0         0         0
04:54:46          167         5         3         0         0         0
04:54:56          167         5         3         0         0         0
04:55:06          167         5         3         0         0         0
04:55:16          167         5         3         0         0         0
04:55:26          167         5         3         0         0         0
04:55:36          167         5         3         0         0         0
04:55:46          167         5         3         0         0         0
04:55:56          167         5         3         0         0         0
04:56:06          167         5         3         0         0         0
04:56:16          167         5         3         0         0         0
04:56:26          167         5         3         0         0         0
04:56:36          167         5         3         0         0         0
04:56:46          167         5         3         0         0         0
04:56:56          167         5         3         0         0         0
04:57:06          167         5         3         0         0         0
04:57:16          167         5         3         0         0         0
04:57:26          167         5         3         0         0         0
04:57:36          167         5         3         0         0         0
04:57:46          167         5         3         0         0         0
04:57:56          167         5         3         0         0         0
04:58:06          167         5         3         0         0         0
04:58:16          167         5         3         0         0         0
04:58:26          167         5         3         0         0         0
04:58:36          167         5         3         0         0         0
04:58:46          167         5         3         0         0         0
04:58:56          167         5         3         0         0         0
04:59:06          161         5         3         0         0         0
04:59:16          161         5         3         0         0         0
04:59:26          161         5         3         0         0         0
04:59:36          161         5         3         0         0         0
04:59:46          161         5         3         0         0         0
04:59:56          161         5         3         0         0         0
05:00:06          161         5         3         0         0         0
05:00:16          167         5         3         0         0         0
05:00:26          167         5         3         0         0         0
05:00:36          167         5         3         0         0         0
05:00:46          167         5         3         0         0         0
05:00:56          167         5         3         0         0         0
05:01:06          167         5         3         0         0         0
05:01:16          167         5         3         0         0         0
05:01:26          167         5         3         0         0         0
05:01:36          167         5         3         0         0         0
05:01:46          167         5         3         0         0         0
05:01:56          167         5         3         0         0         0
05:02:06          167         5         3         0         0         0
05:02:16          167         5         3         0         0         0
05:02:26          167         5         3         0         0         0
05:02:36          167         5         3         0         0         0
05:02:46          167         5         3         0         0         0
05:02:56          167         5         3         0         0         0
05:03:06          167         5         3         0         0         0
05:03:16          167         5         3         0         0         0
05:03:26          167         5         3         0         0         0
05:03:36          167         5         3         0         0         0
05:03:46          167         5         3         0         0         0
05:03:56          167         5         3         0         0         0
05:04:06          167         5         3         0         0         0
05:04:16          167         5         3         0         0         0
05:04:26          167         5         3         0         0         0
05:04:36          167         5         3         0         0         0
05:04:46          167         5         3         0         0         0
05:04:56          167         5         3         0         0         0
05:05:06          167         5         3         0         0         0
05:05:16          161         5         3         0         0         0
05:05:26          161         5         3         0         0         0
05:05:36          161         5         3         0         0         0
05:05:46          161         5         3         0         0         0
05:05:56          161         5         3         0         0         0
05:06:06          161         5         3         0         0         0
05:06:16          161         5         3         0         0         0
05:06:26          161         5         3         0         0         0
05:06:36          161         5         3         0         0         0
05:06:46          161         5         3         0         0         0
05:06:56          161         5         3         0         0         0
05:07:06          161         5         3         0         0         0
05:07:16          161         5         3         0         0         0
05:07:26          161         5         3         0         0         0
05:07:36          161         5         3         0         0         0
05:07:46          161         5         3         0         0         0
05:07:56          161         5         3         0         0         0
05:08:06          161         5         3         0         0         0
05:08:16          161         5         3         0         0         0
05:08:26          161         5         3         0         0         0
05:08:36          161         5         3         0         0         0
05:08:46          161         5         3         0         0         0
05:08:56          161         5         3         0         0         0
05:09:06          161         5         3         0         0         0
05:09:16          161         5         3         0         0         0
05:09:26          161         5         3         0         0         0
05:09:36          161         5         3         0         0         0
05:09:46          161         5         3         0         0         0
05:09:56          161         5         3         0         0         0
05:10:06          161         5         3         0         0         0
05:10:16          161         5         3         0         0         0
05:10:26          161         5         3         0         0         0
05:10:36          161         5         3         0         0         0
05:10:46          161         5         3         0         0         0
05:10:56          161         5         3         0         0         0
05:11:06          164         5         3         0         0         0
05:11:16          161         5         3         0         0         0
05:11:26          161         5         3         0         0         0
05:11:36          161         5         3         0         0         0
05:11:46          161         5         3         0         0         0
05:11:56          161         5         3         0         0         0
05:12:06          161         5         3         0         0         0
05:12:16          161         5         3         0         0         0
05:12:26          161         5         3         0         0         0
05:12:36          161         5         3         0         0         0
05:12:46          161         5         3         0         0         0
05:12:56          161         5         3         0         0         0
05:13:06          161         5         3         0         0         0
05:13:16          161         5         3         0         0         0
05:13:26          161         5         3         0         0         0
05:13:36          161         5         3         0         0         0
05:13:46          161         5         3         0         0         0
05:13:56          161         5         3         0         0         0
05:14:06          161         5         3         0         0         0
05:14:16          161         5         3         0         0         0
05:14:26          161         5         3         0         0         0
05:14:36          161         5         3         0         0         0
05:14:46          161         5         3         0         0         0
05:14:56          161         5         3         0         0         0
05:15:06          161         5         3         0         0         0
05:15:16          161         5         3         0         0         0
05:15:26          161         5         3         0         0         0
05:15:36          161         5         3         0         0         0
05:15:46          161         5         3         0         0         0
05:15:56          161         5         3         0         0         0
05:16:06          161         5         3         0         0         0
05:16:16          161         5         3         0         0         0
05:16:26          161         5         3         0         0         0
05:16:36          161         5         3         0         0         0
05:16:46          161         5         3         0         0         0
05:16:56          161         5         3         0         0         0
05:17:06          161         5         3         0         0         0
05:17:16          161         5         3         0         0         0
05:17:26          161         5         3         0         0         0
05:17:36          161         5         3         0         0         0
05:17:46          161         5         3         0         0         0
05:17:56          161         5         3         0         0         0
05:18:06          161         5         3         0         0         0
05:18:16          161         5         3         0         0         0
05:18:26          161         5         3         0         0         0
05:18:36          161         5         3         0         0         0
05:18:46          161         5         3         0         0         0
05:18:56          161         5         3         0         0         0
05:19:06          161         5         3         0         0         0
05:19:16          161         5         3         0         0         0
05:19:26          161         5         3         0         0         0
05:19:36          161         5         3         0         0         0
05:19:46          161         5         3         0         0         0
05:19:56          161         5         3         0         0         0
05:20:06          161         5         3         0         0         0
05:20:16          161         5         3         0         0         0
05:20:26          161         5         3         0         0         0
05:20:36          161         5         3         0         0         0
05:20:46          161         5         3         0         0         0
05:20:56          161         5         3         0         0         0
05:21:06          161         5         3         0         0         0
05:21:16          161         5         3         0         0         0
05:21:26          161         5         3         0         0         0
05:21:36          161         5         3         0         0         0
05:21:46          161         5         3         0         0         0
05:21:56          161         5         3         0         0         0
05:22:06          161         5         3         0         0         0
05:22:16          161         5         3         0         0         0
05:22:26          161         5         3         0         0         0
05:22:36          161         5         3         0         0         0
05:22:46          161         5         3         0         0         0
05:22:56          161         5         3         0         0         0
05:23:06          161         5         3         0         0         0
05:23:16          161         5         3         0         0         0
05:23:26          161         5         3         0         0         0
05:23:36          161         5         3         0         0         0
05:23:46          161         5         3         0         0         0
05:23:56          161         5         3         0         0         0
05:24:06          161         5         3         0         0         0
05:24:16          161         5         3         0         0         0
05:24:26          161         5         3         0         0         0
05:24:36          161         5         3         0         0         0
05:24:46          161         5         3         0         0         0
05:24:56          161         5         3         0         0         0
05:25:06          161         5         3         0         0         0
05:25:16          161         5         3         0         0         0
05:25:26          161         5         3         0         0         0
05:25:36          161         5         3         0         0         0
05:25:46          161         5         3         0         0         0
05:25:56          161         5         3         0         0         0
05:26:06          161         5         3         0         0         0
05:26:16          161         5         3         0         0         0
05:26:26          161         5         3         0         0         0
05:26:36          161         5         3         0         0         0
05:26:46          161         5         3         0         0         0
05:26:56          161         5         3         0         0         0
05:27:06          161         5         3         0         0         0
05:27:16          161         5         3         0         0         0
05:27:26          161         5         3         0         0         0
05:27:36          161         5         3         0         0         0
05:27:46          161         5         3         0         0         0
05:27:56          161         5         3         0         0         0
05:28:06          161         5         3         0         0         0
Average:          162         5         3         0         0         0

04:48:06       irec/s  fwddgm/s    idel/s     orq/s   asmrq/s   asmok/s  fragok/s fragcrt/s
04:48:16         0.10      0.00      0.10      0.00      0.00      0.00      0.00      0.00
04:48:26         0.70      0.00      0.70      0.60      0.00      0.00      0.00      0.00
04:48:36         0.60      0.00      0.60      0.40      0.00      0.00      0.00      0.00
04:48:46         0.80      0.00      0.80      0.50      0.00      0.00      0.00      0.00
04:48:56         0.70      0.00      0.70      0.50      0.00      0.00      0.00      0.00
04:49:06         0.80      0.00      0.80      0.50      0.00      0.00      0.00      0.00
04:49:16         0.70      0.00      0.70      0.40      0.00      0.00      0.00      0.00
04:49:26         0.70      0.00      0.70      0.50      0.00      0.00      0.00      0.00
04:49:36         0.70      0.00      0.70      0.50      0.00      0.00      0.00      0.00
04:49:46         0.80      0.00      0.80      0.50      0.00      0.00      0.00      0.00
04:49:56         0.60      0.00      0.60      0.40      0.00      0.00      0.00      0.00
04:50:06         0.70      0.00      0.70      0.50      0.00      0.00      0.00      0.00
04:50:16         0.80      0.00      0.80      0.50      0.00      0.00      0.00      0.00
04:50:26         0.70      0.00      0.70      0.50      0.00      0.00      0.00      0.00
04:50:36         0.60      0.00      0.60      0.40      0.00      0.00      0.00      0.00
04:50:46         0.80      0.00      0.80      0.50      0.00      0.00      0.00      0.00
04:50:56         0.80      0.00      0.80      0.60      0.00      0.00      0.00      0.00
04:51:06         0.70      0.00      0.70      0.50      0.00      0.00      0.00      0.00
04:51:16         0.90      0.00      0.90      0.60      0.00      0.00      0.00      0.00
04:51:26         0.70      0.00      0.70      0.50      0.00      0.00      0.00      0.00
04:51:36         0.70      0.00      0.70      0.50      0.00      0.00      0.00      0.00
04:51:46         0.80      0.00      0.80      0.50      0.00      0.00      0.00      0.00
04:51:56         0.60      0.00      0.60      0.50      0.00      0.00      0.00      0.00
04:52:06         0.70      0.00      0.70      0.50      0.00      0.00      0.00      0.00
04:52:16         0.80      0.00      0.80      0.50      0.00      0.00      0.00      0.00
04:52:26         0.70      0.00      0.70      0.50      0.00      0.00      0.00      0.00
04:52:36         0.60      0.00      0.60      0.40      0.00      0.00      0.00      0.00
04:52:46         0.80      0.00      0.80      0.50      0.00      0.00      0.00      0.00
04:52:56         0.70      0.00      0.70      0.50      0.00      0.00      0.00      0.00
04:53:06         0.70      0.00      0.70      0.50      0.00      0.00      0.00      0.00
04:53:16         0.80      0.00      0.80      0.40      0.00      0.00      0.00      0.00
04:53:26         0.70      0.00      0.70      0.50      0.00      0.00      0.00      0.00
04:53:36         0.70      0.00      0.70      0.50      0.00      0.00      0.00      0.00
04:53:46         0.80      0.00      0.80      0.50      0.00      0.00      0.00      0.00
04:53:56         4.20      0.00      4.20      4.00      0.00      0.00      0.00      0.00
04:54:06        33.70      0.00     33.70     25.60      0.00      0.00      0.00      0.00
04:54:16         0.90      0.00      0.90      0.60      0.00      0.00      0.00      0.00
04:54:26         0.70      0.00      0.70      0.50      0.00      0.00      0.00      0.00
04:54:36         0.60      0.00      0.60      0.40      0.00      0.00      0.00      0.00
04:54:46         0.90      0.00      0.90      0.60      0.00      0.00      0.00      0.00
04:54:56         0.70      0.00      0.70      0.50      0.00      0.00      0.00      0.00
04:55:06         0.70      0.00      0.70      0.50      0.00      0.00      0.00      0.00
04:55:16         0.70      0.00      0.70      0.40      0.00      0.00      0.00      0.00
04:55:26         0.80      0.00      0.80      0.50      0.00      0.00      0.00      0.00
04:55:36         0.70      0.00      0.70      0.50      0.00      0.00      0.00      0.00
04:55:46         0.80      0.00      0.80      0.50      0.00      0.00      0.00      0.00
04:55:56         0.60      0.00      0.60      0.50      0.00      0.00      0.00      0.00
04:56:06         0.80      0.00      0.80      0.60      0.00      0.00      0.00      0.00
04:56:16         0.80      0.00      0.80      0.50      0.00      0.00      0.00      0.00
04:56:26         0.70      0.00      0.70      0.50      0.00      0.00      0.00      0.00
04:56:36         0.60      0.00      0.60      0.40      0.00      0.00      0.00      0.00
04:56:46         0.80      0.00      0.80      0.50      0.00      0.00      0.00      0.00
04:56:56         0.70      0.00      0.70      0.50      0.00      0.00      0.00      0.00
04:57:06         0.70      0.00      0.70      0.50      0.00      0.00      0.00      0.00
04:57:16         0.70      0.00      0.70      0.40      0.00      0.00      0.00      0.00
04:57:26         0.80      0.00      0.80      0.50      0.00      0.00      0.00      0.00
04:57:36         0.70      0.00      0.70      0.50      0.00      0.00      0.00      0.00
04:57:46         0.80      0.00      0.80      0.50      0.00      0.00      0.00      0.00
04:57:56         0.60      0.00      0.60      0.40      0.00      0.00      0.00      0.00
04:58:06         0.80      0.00      0.80      0.60      0.00      0.00      0.00      0.00
04:58:16         0.80      0.00      0.80      0.50      0.00      0.00      0.00      0.00
04:58:26         0.70      0.00      0.70      0.50      0.00      0.00      0.00      0.00
04:58:36         0.60      0.00      0.60      0.40      0.00      0.00      0.00      0.00
04:58:46         0.80      0.00      0.80      0.50      0.00      0.00      0.00      0.00
04:58:56         0.70      0.00      0.70      0.50      0.00      0.00      0.00      0.00
04:59:06         0.70      0.00      0.70      0.50      0.00      0.00      0.00      0.00
04:59:16         0.90      0.00      0.90      0.60      0.00      0.00      0.00      0.00
04:59:26         0.70      0.00      0.70      0.50      0.00      0.00      0.00      0.00
04:59:36         0.90      0.00      0.90      0.60      0.00      0.00      0.00      0.00
04:59:46         0.80      0.00      0.80      0.50      0.00      0.00      0.00      0.00
04:59:56         0.60      0.00      0.60      0.40      0.00      0.00      0.00      0.00
05:00:06         0.70      0.00      0.70      0.50      0.00      0.00      0.00      0.00
05:00:16         0.80      0.00      0.80      0.50      0.00      0.00      0.00      0.00
05:00:26         0.70      0.00      0.70      0.50      0.00      0.00      0.00      0.00
05:00:36         0.60      0.00      0.60      0.40      0.00      0.00      0.00      0.00
05:00:46         0.80      0.00      0.80      0.50      0.00      0.00      0.00      0.00
05:00:56         0.70      0.00      0.70      0.50      0.00      0.00      0.00      0.00
05:01:06         0.70      0.00      0.70      0.50      0.00      0.00      0.00      0.00
05:01:16         0.70      0.00      0.70      0.40      0.00      0.00      0.00      0.00
05:01:26         0.70      0.00      0.70      0.50      0.00      0.00      0.00      0.00
05:01:36         0.80      0.00      0.80      0.50      0.00      0.00      0.00      0.00
05:01:46         0.80      0.00      0.80      0.50      0.00      0.00      0.00      0.00
05:01:56         0.60      0.00      0.60      0.40      0.00      0.00      0.00      0.00
05:02:06         0.70      0.00      0.70      0.50      0.00      0.00      0.00      0.00
05:02:16         0.80      0.00      0.80      0.50      0.00      0.00      0.00      0.00
05:02:26         0.70      0.00      0.70      0.50      0.00      0.00      0.00      0.00
05:02:36         0.60      0.00      0.60      0.40      0.00      0.00      0.00      0.00
05:02:46         0.80      0.00      0.80      0.50      0.00      0.00      0.00      0.00
05:02:56         0.70      0.00      0.70      0.50      0.00      0.00      0.00      0.00
05:03:06         0.70      0.00      0.70      0.50      0.00      0.00      0.00      0.00
05:03:16         0.70      0.00      0.70      0.40      0.00      0.00      0.00      0.00
05:03:26         0.70      0.00      0.70      0.50      0.00      0.00      0.00      0.00
05:03:36         0.70      0.00      0.70      0.50      0.00      0.00      0.00      0.00
05:03:46         0.90      0.00      0.90      0.50      0.00      0.00      0.00      0.00
05:03:56         0.60      0.00      0.60      0.40      0.00      0.00      0.00      0.00
05:04:06         0.80      0.00      0.80      0.60      0.00      0.00      0.00      0.00
05:04:16         0.80      0.00      0.80      0.50      0.00      0.00      0.00      0.00
05:04:26         0.70      0.00      0.70      0.50      0.00      0.00      0.00      0.00
05:04:36         0.60      0.00      0.60      0.40      0.00      0.00      0.00      0.00
05:04:46         0.80      0.00      0.80      0.50      0.00      0.00      0.00      0.00
05:04:56         0.70      0.00      0.70      0.60      0.00      0.00      0.00      0.00
05:05:06         0.70      0.00      0.70      0.50      0.00      0.00      0.00      0.00
05:05:16         0.70      0.00      0.70      0.40      0.00      0.00      0.00      0.00
05:05:26         0.80      0.00      0.80      0.70      0.00      0.00      0.00      0.00
05:05:36         0.70      0.00      0.70      0.50      0.00      0.00      0.00      0.00
05:05:46         0.90      0.00      0.90      0.50      0.00      0.00      0.00      0.00
05:05:56         0.60      0.00      0.60      0.40      0.00      0.00      0.00      0.00
05:06:06         0.70      0.00      0.70      0.50      0.00      0.00      0.00      0.00
05:06:16         1.00      0.00      1.00      0.70      0.00      0.00      0.00      0.00
05:06:26         0.70      0.00      0.70      0.50      0.00      0.00      0.00      0.00
05:06:36         0.70      0.00      0.70      0.50      0.00      0.00      0.00      0.00
05:06:46         0.70      0.00      0.70      0.60      0.00      0.00      0.00      0.00
05:06:56         0.70      0.00      0.70      0.50      0.00      0.00      0.00      0.00
05:07:06         0.70      0.00      0.70      0.50      0.00      0.00      0.00      0.00
05:07:16         0.70      0.00      0.70      0.40      0.00      0.00      0.00      0.00
05:07:26         0.70      0.00      0.70      0.50      0.00      0.00      0.00      0.00
05:07:36         0.70      0.00      0.70      0.60      0.00      0.00      0.00      0.00
05:07:46         0.80      0.00      0.80      0.50      0.00      0.00      0.00      0.00
05:07:56         0.70      0.00      0.70      0.40      0.00      0.00      0.00      0.00
05:08:06         0.70      0.00      0.70      0.50      0.00      0.00      0.00      0.00
05:08:16         0.80      0.00      0.80      0.50      0.00      0.00      0.00      0.00
05:08:26         0.70      0.00      0.70      0.50      0.00      0.00      0.00      0.00
05:08:36         0.60      0.00      0.60      0.40      0.00      0.00      0.00      0.00
05:08:46         0.80      0.00      0.80      0.50      0.00      0.00      0.00      0.00
05:08:56         0.70      0.00      0.70      0.50      0.00      0.00      0.00      0.00
05:09:06         0.70      0.00      0.70      0.50      0.00      0.00      0.00      0.00
05:09:16         0.70      0.00      0.70      0.40      0.00      0.00      0.00      0.00
05:09:26         0.70      0.00      0.70      0.50      0.00      0.00      0.00      0.00
05:09:36         0.70      0.00      0.70      0.50      0.00      0.00      0.00      0.00
05:09:46         0.80      0.00      0.80      0.50      0.00      0.00      0.00      0.00
05:09:56         0.70      0.00      0.70      0.40      0.00      0.00      0.00      0.00
05:10:06         0.70      0.00      0.70      0.50      0.00      0.00      0.00      0.00
05:10:16         0.80      0.00      0.80      0.50      0.00      0.00      0.00      0.00
05:10:26         0.70      0.00      0.70      0.50      0.00      0.00      0.00      0.00
05:10:36         0.60      0.00      0.60      0.40      0.00      0.00      0.00      0.00
05:10:46         0.80      0.00      0.80      0.50      0.00      0.00      0.00      0.00
05:10:56         0.70      0.00      0.70      0.50      0.00      0.00      0.00      0.00
05:11:06         0.70      0.00      0.70      0.50      0.00      0.00      0.00      0.00
05:11:16         0.70      0.00      0.70      0.50      0.00      0.00      0.00      0.00
05:11:26         0.70      0.00      0.70      0.50      0.00      0.00      0.00      0.00
05:11:36         0.70      0.00      0.70      0.50      0.00      0.00      0.00      0.00
05:11:46         0.80      0.00      0.80      0.50      0.00      0.00      0.00      0.00
05:11:56         0.60      0.00      0.60      0.40      0.00      0.00      0.00      0.00
05:12:06         0.80      0.00      0.80      0.50      0.00      0.00      0.00      0.00
05:12:16         0.80      0.00      0.80      0.50      0.00      0.00      0.00      0.00
05:12:26         0.70      0.00      0.70      0.50      0.00      0.00      0.00      0.00
05:12:36         0.60      0.00      0.60      0.40      0.00      0.00      0.00      0.00
05:12:46         0.80      0.00      0.80      0.50      0.00      0.00      0.00      0.00
05:12:56         0.70      0.00      0.70      0.50      0.00      0.00      0.00      0.00
05:13:06         0.70      0.00      0.70      0.50      0.00      0.00      0.00      0.00
05:13:16         1.00      0.00      1.00      0.70      0.00      0.00      0.00      0.00
05:13:26         0.70      0.00      0.70      0.50      0.00      0.00      0.00      0.00
05:13:36         0.70      0.00      0.70      0.50      0.00      0.00      0.00      0.00
05:13:46         0.80      0.00      0.80      0.50      0.00      0.00      0.00      0.00
05:13:56         0.60      0.00      0.60      0.40      0.00      0.00      0.00      0.00
05:14:06         0.80      0.00      0.80      0.50      0.00      0.00      0.00      0.00
05:14:16         0.80      0.00      0.80      0.50      0.00      0.00      0.00      0.00
05:14:26         0.70      0.00      0.70      0.50      0.00      0.00      0.00      0.00
05:14:36         0.60      0.00      0.60      0.40      0.00      0.00      0.00      0.00
05:14:46         0.80      0.00      0.80      0.50      0.00      0.00      0.00      0.00
05:14:56         0.70      0.00      0.70      0.50      0.00      0.00      0.00      0.00
05:15:06         0.70      0.00      0.70      0.50      0.00      0.00      0.00      0.00
05:15:16         0.70      0.00      0.70      0.50      0.00      0.00      0.00      0.00
05:15:26         0.70      0.00      0.70      0.50      0.00      0.00      0.00      0.00
05:15:36         0.70      0.00      0.70      0.50      0.00      0.00      0.00      0.00
05:15:46         0.80      0.00      0.80      0.50      0.00      0.00      0.00      0.00
05:15:56         0.60      0.00      0.60      0.40      0.00      0.00      0.00      0.00
05:16:06         0.70      0.00      0.70      0.50      0.00      0.00      0.00      0.00
05:16:16         0.90      0.00      0.90      0.50      0.00      0.00      0.00      0.00
05:16:26         0.80      0.00      0.80      0.70      0.00      0.00      0.00      0.00
05:16:36         0.60      0.00      0.60      0.40      0.00      0.00      0.00      0.00
05:16:46         0.80      0.00      0.80      0.50      0.00      0.00      0.00      0.00
05:16:56         0.70      0.00      0.70      0.60      0.00      0.00      0.00      0.00
05:17:06         0.70      0.00      0.70      0.50      0.00      0.00      0.00      0.00
05:17:16         0.70      0.00      0.70      0.40      0.00      0.00      0.00      0.00
05:17:26         0.70      0.00      0.70      0.50      0.00      0.00      0.00      0.00
05:17:36         0.70      0.00      0.70      0.50      0.00      0.00      0.00      0.00
05:17:46         0.80      0.00      0.80      0.50      0.00      0.00      0.00      0.00
05:17:56         0.60      0.00      0.60      0.40      0.00      0.00      0.00      0.00
05:18:06         0.70      0.00      0.70      0.50      0.00      0.00      0.00      0.00
05:18:16         0.90      0.00      0.90      0.50      0.00      0.00      0.00      0.00
05:18:26         0.70      0.00      0.70      0.50      0.00      0.00      0.00      0.00
05:18:36         0.60      0.00      0.60      0.40      0.00      0.00      0.00      0.00
05:18:46         0.80      0.00      0.80      0.50      0.00      0.00      0.00      0.00
05:18:56         0.70      0.00      0.70      0.50      0.00      0.00      0.00      0.00
05:19:06         0.70      0.00      0.70      0.50      0.00      0.00      0.00      0.00
05:19:16         0.70      0.00      0.70      0.40      0.00      0.00      0.00      0.00
05:19:26         0.70      0.00      0.70      0.50      0.00      0.00      0.00      0.00
05:19:36         1.00      0.00      1.00      0.80      0.00      0.00      0.00      0.00
05:19:46         0.80      0.00      0.80      0.50      0.00      0.00      0.00      0.00
05:19:56         0.60      0.00      0.60      0.40      0.00      0.00      0.00      0.00
05:20:06         0.70      0.00      0.70      0.50      0.00      0.00      0.00      0.00
05:20:16         0.80      0.00      0.80      0.50      0.00      0.00      0.00      0.00
05:20:26         0.80      0.00      0.80      0.50      0.00      0.00      0.00      0.00
05:20:36         0.60      0.00      0.60      0.40      0.00      0.00      0.00      0.00
05:20:46         0.80      0.00      0.80      0.50      0.00      0.00      0.00      0.00
05:20:56         0.70      0.00      0.70      0.50      0.00      0.00      0.00      0.00
05:21:06         0.70      0.00      0.70      0.50      0.00      0.00      0.00      0.00
05:21:16         0.70      0.00      0.70      0.40      0.00      0.00      0.00      0.00
05:21:26         0.70      0.00      0.70      0.50      0.00      0.00      0.00      0.00
05:21:36         0.70      0.00      0.70      0.50      0.00      0.00      0.00      0.00
05:21:46         0.80      0.00      0.80      0.50      0.00      0.00      0.00      0.00
05:21:56         0.60      0.00      0.60      0.40      0.00      0.00      0.00      0.00
05:22:06         0.70      0.00      0.70      0.50      0.00      0.00      0.00      0.00
05:22:16         0.80      0.00      0.80      0.50      0.00      0.00      0.00      0.00
05:22:26         0.80      0.00      0.80      0.50      0.00      0.00      0.00      0.00
05:22:36         0.60      0.00      0.60      0.40      0.00      0.00      0.00      0.00
05:22:46         0.80      0.00      0.80      0.50      0.00      0.00      0.00      0.00
05:22:56         0.70      0.00      0.70      0.50      0.00      0.00      0.00      0.00
05:23:06         0.70      0.00      0.70      0.50      0.00      0.00      0.00      0.00
05:23:16         0.70      0.00      0.70      0.40      0.00      0.00      0.00      0.00
05:23:26         0.70      0.00      0.70      0.50      0.00      0.00      0.00      0.00
05:23:36         0.70      0.00      0.70      0.50      0.00      0.00      0.00      0.00
05:23:46         0.80      0.00      0.80      0.50      0.00      0.00      0.00      0.00
05:23:56         0.60      0.00      0.60      0.40      0.00      0.00      0.00      0.00
05:24:06         0.70      0.00      0.70      0.50      0.00      0.00      0.00      0.00
05:24:16         0.80      0.00      0.80      0.50      0.00      0.00      0.00      0.00
05:24:26         0.70      0.00      0.70      0.50      0.00      0.00      0.00      0.00
05:24:36         0.70      0.00      0.70      0.40      0.00      0.00      0.00      0.00
05:24:46         0.80      0.00      0.80      0.50      0.00      0.00      0.00      0.00
05:24:56         0.70      0.00      0.70      0.50      0.00      0.00      0.00      0.00
05:25:06         0.70      0.00      0.70      0.50      0.00      0.00      0.00      0.00
05:25:16         0.70      0.00      0.70      0.40      0.00      0.00      0.00      0.00
05:25:26         0.70      0.00      0.70      0.50      0.00      0.00      0.00      0.00
05:25:36         0.70      0.00      0.70      0.50      0.00      0.00      0.00      0.00
05:25:46         0.80      0.00      0.80      0.50      0.00      0.00      0.00      0.00
05:25:56         0.60      0.00      0.60      0.40      0.00      0.00      0.00      0.00
05:26:06         0.70      0.00      0.70      0.50      0.00      0.00      0.00      0.00
05:26:16         1.00      0.00      1.00      0.70      0.00      0.00      0.00      0.00
05:26:26         0.70      0.00      0.70      0.50      0.00      0.00      0.00      0.00
05:26:36         0.80      0.00      0.80      0.50      0.00      0.00      0.00      0.00
05:26:46         1.00      0.00      1.00      0.50      0.00      0.00      0.00      0.00
05:26:56         0.70      0.00      0.70      0.50      0.00      0.00      0.00      0.00
05:27:06         0.70      0.00      0.70      0.50      0.00      0.00      0.00      0.00
05:27:16         0.70      0.00      0.70      0.40      0.00      0.00      0.00      0.00
05:27:26         0.70      0.00      0.70      0.50      0.00      0.00      0.00      0.00
05:27:36         0.70      0.00      0.70      0.50      0.00      0.00      0.00      0.00
05:27:46         0.90      0.00      0.90      0.70      0.00      0.00      0.00      0.00
05:27:56         0.60      0.00      0.60      0.40      0.00      0.00      0.00      0.00
05:28:06         0.70      0.00      0.70      0.50      0.00      0.00      0.00      0.00
Average:         0.88      0.00      0.88      0.61      0.00      0.00      0.00      0.00

04:48:06    ihdrerr/s iadrerr/s iukwnpr/s   idisc/s   odisc/s   onort/s    asmf/s   fragf/s
04:48:16         0.00      0.00      0.00      0.00      0.00      0.00      0.00      0.00
04:48:26         0.00      0.00      0.00      0.00      0.00      0.00      0.00      0.00
04:48:36         0.00      0.00      0.00      0.00      0.00      0.00      0.00      0.00
04:48:46         0.00      0.00      0.00      0.00      0.00      0.00      0.00      0.00
04:48:56         0.00      0.00      0.00      0.00      0.00      0.00      0.00      0.00
04:49:06         0.00      0.00      0.00      0.00      0.00      0.00      0.00      0.00
04:49:16         0.00      0.00      0.00      0.00      0.00      0.00      0.00      0.00
04:49:26         0.00      0.00      0.00      0.00      0.00      0.00      0.00      0.00
04:49:36         0.00      0.00      0.00      0.00      0.00      0.00      0.00      0.00
04:49:46         0.00      0.00      0.00      0.00      0.00      0.00      0.00      0.00
04:49:56         0.00      0.00      0.00      0.00      0.00      0.00      0.00      0.00
04:50:06         0.00      0.00      0.00      0.00      0.00      0.00      0.00      0.00
04:50:16         0.00      0.00      0.00      0.00      0.00      0.00      0.00      0.00
04:50:26         0.00      0.00      0.00      0.00      0.00      0.00      0.00      0.00
04:50:36         0.00      0.00      0.00      0.00      0.00      0.00      0.00      0.00
04:50:46         0.00      0.00      0.00      0.00      0.00      0.00      0.00      0.00
04:50:56         0.00      0.00      0.00      0.00      0.00      0.00      0.00      0.00
04:51:06         0.00      0.00      0.00      0.00      0.00      0.00      0.00      0.00
04:51:16         0.00      0.00      0.00      0.00      0.00      0.00      0.00      0.00
04:51:26         0.00      0.00      0.00      0.00      0.00      0.00      0.00      0.00
04:51:36         0.00      0.00      0.00      0.00      0.00      0.00      0.00      0.00
04:51:46         0.00      0.00      0.00      0.00      0.00      0.00      0.00      0.00
04:51:56         0.00      0.00      0.00      0.00      0.00      0.00      0.00      0.00
04:52:06         0.00      0.00      0.00      0.00      0.00      0.00      0.00      0.00
04:52:16         0.00      0.00      0.00      0.00      0.00      0.00      0.00      0.00
04:52:26         0.00      0.00      0.00      0.00      0.00      0.00      0.00      0.00
04:52:36         0.00      0.00      0.00      0.00      0.00      0.00      0.00      0.00
04:52:46         0.00      0.00      0.00      0.00      0.00      0.00      0.00      0.00
04:52:56         0.00      0.00      0.00      0.00      0.00      0.00      0.00      0.00
04:53:06         0.00      0.00      0.00      0.00      0.00      0.00      0.00      0.00
04:53:16         0.00      0.00      0.00      0.00      0.00      0.00      0.00      0.00
04:53:26         0.00      0.00      0.00      0.00      0.00      0.00      0.00      0.00
04:53:36         0.00      0.00      0.00      0.00      0.00      0.00      0.00      0.00
04:53:46         0.00      0.00      0.00      0.00      0.00      0.00      0.00      0.00
04:53:56         0.00      0.00      0.00      0.00      0.00      0.00      0.00      0.00
04:54:06         0.00      0.00      0.00      0.00      0.00      0.00      0.00      0.00
04:54:16         0.00      0.00      0.00      0.00      0.00      0.00      0.00      0.00
04:54:26         0.00      0.00      0.00      0.00      0.00      0.00      0.00      0.00
04:54:36         0.00      0.00      0.00      0.00      0.00      0.00      0.00      0.00
04:54:46         0.00      0.00      0.00      0.00      0.00      0.00      0.00      0.00
04:54:56         0.00      0.00      0.00      0.00      0.00      0.00      0.00      0.00
04:55:06         0.00      0.00      0.00      0.00      0.00      0.00      0.00      0.00
04:55:16         0.00      0.00      0.00      0.00      0.00      0.00      0.00      0.00
04:55:26         0.00      0.00      0.00      0.00      0.00      0.00      0.00      0.00
04:55:36         0.00      0.00      0.00      0.00      0.00      0.00      0.00      0.00
04:55:46         0.00      0.00      0.00      0.00      0.00      0.00      0.00      0.00
04:55:56         0.00      0.00      0.00      0.00      0.00      0.00      0.00      0.00
04:56:06         0.00      0.00      0.00      0.00      0.00      0.00      0.00      0.00
04:56:16         0.00      0.00      0.00      0.00      0.00      0.00      0.00      0.00
04:56:26         0.00      0.00      0.00      0.00      0.00      0.00      0.00      0.00
04:56:36         0.00      0.00      0.00      0.00      0.00      0.00      0.00      0.00
04:56:46         0.00      0.00      0.00      0.00      0.00      0.00      0.00      0.00
04:56:56         0.00      0.00      0.00      0.00      0.00      0.00      0.00      0.00
04:57:06         0.00      0.00      0.00      0.00      0.00      0.00      0.00      0.00
04:57:16         0.00      0.00      0.00      0.00      0.00      0.00      0.00      0.00
04:57:26         0.00      0.00      0.00      0.00      0.00      0.00      0.00      0.00
04:57:36         0.00      0.00      0.00      0.00      0.00      0.00      0.00      0.00
04:57:46         0.00      0.00      0.00      0.00      0.00      0.00      0.00      0.00
04:57:56         0.00      0.00      0.00      0.00      0.00      0.00      0.00      0.00
04:58:06         0.00      0.00      0.00      0.00      0.00      0.00      0.00      0.00
04:58:16         0.00      0.00      0.00      0.00      0.00      0.00      0.00      0.00
04:58:26         0.00      0.00      0.00      0.00      0.00      0.00      0.00      0.00
04:58:36         0.00      0.00      0.00      0.00      0.00      0.00      0.00      0.00
04:58:46         0.00      0.00      0.00      0.00      0.00      0.00      0.00      0.00
04:58:56         0.00      0.00      0.00      0.00      0.00      0.00      0.00      0.00
04:59:06         0.00      0.00      0.00      0.00      0.00      0.00      0.00      0.00
04:59:16         0.00      0.00      0.00      0.00      0.00      0.00      0.00      0.00
04:59:26         0.00      0.00      0.00      0.00      0.00      0.00      0.00      0.00
04:59:36         0.00      0.00      0.00      0.00      0.00      0.00      0.00      0.00
04:59:46         0.00      0.00      0.00      0.00      0.00      0.00      0.00      0.00
04:59:56         0.00      0.00      0.00      0.00      0.00      0.00      0.00      0.00
05:00:06         0.00      0.00      0.00      0.00      0.00      0.00      0.00      0.00
05:00:16         0.00      0.00      0.00      0.00      0.00      0.00      0.00      0.00
05:00:26         0.00      0.00      0.00      0.00      0.00      0.00      0.00      0.00
05:00:36         0.00      0.00      0.00      0.00      0.00      0.00      0.00      0.00
05:00:46         0.00      0.00      0.00      0.00      0.00      0.00      0.00      0.00
05:00:56         0.00      0.00      0.00      0.00      0.00      0.00      0.00      0.00
05:01:06         0.00      0.00      0.00      0.00      0.00      0.00      0.00      0.00
05:01:16         0.00      0.00      0.00      0.00      0.00      0.00      0.00      0.00
05:01:26         0.00      0.00      0.00      0.00      0.00      0.00      0.00      0.00
05:01:36         0.00      0.00      0.00      0.00      0.00      0.00      0.00      0.00
05:01:46         0.00      0.00      0.00      0.00      0.00      0.00      0.00      0.00
05:01:56         0.00      0.00      0.00      0.00      0.00      0.00      0.00      0.00
05:02:06         0.00      0.00      0.00      0.00      0.00      0.00      0.00      0.00
05:02:16         0.00      0.00      0.00      0.00      0.00      0.00      0.00      0.00
05:02:26         0.00      0.00      0.00      0.00      0.00      0.00      0.00      0.00
05:02:36         0.00      0.00      0.00      0.00      0.00      0.00      0.00      0.00
05:02:46         0.00      0.00      0.00      0.00      0.00      0.00      0.00      0.00
05:02:56         0.00      0.00      0.00      0.00      0.00      0.00      0.00      0.00
05:03:06         0.00      0.00      0.00      0.00      0.00      0.00      0.00      0.00
05:03:16         0.00      0.00      0.00      0.00      0.00      0.00      0.00      0.00
05:03:26         0.00      0.00      0.00      0.00      0.00      0.00      0.00      0.00
05:03:36         0.00      0.00      0.00      0.00      0.00      0.00      0.00      0.00
05:03:46         0.00      0.00      0.00      0.00      0.00      0.00      0.00      0.00
05:03:56         0.00      0.00      0.00      0.00      0.00      0.00      0.00      0.00
05:04:06         0.00      0.00      0.00      0.00      0.00      0.00      0.00      0.00
05:04:16         0.00      0.00      0.00      0.00      0.00      0.00      0.00      0.00
05:04:26         0.00      0.00      0.00      0.00      0.00      0.00      0.00      0.00
05:04:36         0.00      0.00      0.00      0.00      0.00      0.00      0.00      0.00
05:04:46         0.00      0.00      0.00      0.00      0.00      0.00      0.00      0.00
05:04:56         0.00      0.00      0.00      0.00      0.00      0.00      0.00      0.00
05:05:06         0.00      0.00      0.00      0.00      0.00      0.00      0.00      0.00
05:05:16         0.00      0.00      0.00      0.00      0.00      0.00      0.00      0.00
05:05:26         0.00      0.00      0.00      0.00      0.00      0.00      0.00      0.00
05:05:36         0.00      0.00      0.00      0.00      0.00      0.00      0.00      0.00
05:05:46         0.00      0.00      0.00      0.00      0.00      0.00      0.00      0.00
05:05:56         0.00      0.00      0.00      0.00      0.00      0.00      0.00      0.00
05:06:06         0.00      0.00      0.00      0.00      0.00      0.00      0.00      0.00
05:06:16         0.00      0.00      0.00      0.00      0.00      0.00      0.00      0.00
05:06:26         0.00      0.00      0.00      0.00      0.00      0.00      0.00      0.00
05:06:36         0.00      0.00      0.00      0.00      0.00      0.00      0.00      0.00
05:06:46         0.00      0.00      0.00      0.00      0.00      0.00      0.00      0.00
05:06:56         0.00      0.00      0.00      0.00      0.00      0.00      0.00      0.00
05:07:06         0.00      0.00      0.00      0.00      0.00      0.00      0.00      0.00
05:07:16         0.00      0.00      0.00      0.00      0.00      0.00      0.00      0.00
05:07:26         0.00      0.00      0.00      0.00      0.00      0.00      0.00      0.00
05:07:36         0.00      0.00      0.00      0.00      0.00      0.00      0.00      0.00
05:07:46         0.00      0.00      0.00      0.00      0.00      0.00      0.00      0.00
05:07:56         0.00      0.00      0.00      0.00      0.00      0.00      0.00      0.00
05:08:06         0.00      0.00      0.00      0.00      0.00      0.00      0.00      0.00
05:08:16         0.00      0.00      0.00      0.00      0.00      0.00      0.00      0.00
05:08:26         0.00      0.00      0.00      0.00      0.00      0.00      0.00      0.00
05:08:36         0.00      0.00      0.00      0.00      0.00      0.00      0.00      0.00
05:08:46         0.00      0.00      0.00      0.00      0.00      0.00      0.00      0.00
05:08:56         0.00      0.00      0.00      0.00      0.00      0.00      0.00      0.00
05:09:06         0.00      0.00      0.00      0.00      0.00      0.00      0.00      0.00
05:09:16         0.00      0.00      0.00      0.00      0.00      0.00      0.00      0.00
05:09:26         0.00      0.00      0.00      0.00      0.00      0.00      0.00      0.00
05:09:36         0.00      0.00      0.00      0.00      0.00      0.00      0.00      0.00
05:09:46         0.00      0.00      0.00      0.00      0.00      0.00      0.00      0.00
05:09:56         0.00      0.00      0.00      0.00      0.00      0.00      0.00      0.00
05:10:06         0.00      0.00      0.00      0.00      0.00      0.00      0.00      0.00
05:10:16         0.00      0.00      0.00      0.00      0.00      0.00      0.00      0.00
05:10:26         0.00      0.00      0.00      0.00      0.00      0.00      0.00      0.00
05:10:36         0.00      0.00      0.00      0.00      0.00      0.00      0.00      0.00
05:10:46         0.00      0.00      0.00      0.00      0.00      0.00      0.00      0.00
05:10:56         0.00      0.00      0.00      0.00      0.00      0.00      0.00      0.00
05:11:06         0.00      0.00      0.00      0.00      0.00      0.00      0.00      0.00
05:11:16         0.00      0.00      0.00      0.00      0.00      0.00      0.00      0.00
05:11:26         0.00      0.00      0.00      0.00      0.00      0.00      0.00      0.00
05:11:36         0.00      0.00      0.00      0.00      0.00      0.00      0.00      0.00
05:11:46         0.00      0.00      0.00      0.00      0.00      0.00      0.00      0.00
05:11:56         0.00      0.00      0.00      0.00      0.00      0.00      0.00      0.00
05:12:06         0.00      0.00      0.00      0.00      0.00      0.00      0.00      0.00
05:12:16         0.00      0.00      0.00      0.00      0.00      0.00      0.00      0.00
05:12:26         0.00      0.00      0.00      0.00      0.00      0.00      0.00      0.00
05:12:36         0.00      0.00      0.00      0.00      0.00      0.00      0.00      0.00
05:12:46         0.00      0.00      0.00      0.00      0.00      0.00      0.00      0.00
05:12:56         0.00      0.00      0.00      0.00      0.00      0.00      0.00      0.00
05:13:06         0.00      0.00      0.00      0.00      0.00      0.00      0.00      0.00
05:13:16         0.00      0.00      0.00      0.00      0.00      0.00      0.00      0.00
05:13:26         0.00      0.00      0.00      0.00      0.00      0.00      0.00      0.00
05:13:36         0.00      0.00      0.00      0.00      0.00      0.00      0.00      0.00
05:13:46         0.00      0.00      0.00      0.00      0.00      0.00      0.00      0.00
05:13:56         0.00      0.00      0.00      0.00      0.00      0.00      0.00      0.00
05:14:06         0.00      0.00      0.00      0.00      0.00      0.00      0.00      0.00
05:14:16         0.00      0.00      0.00      0.00      0.00      0.00      0.00      0.00
05:14:26         0.00      0.00      0.00      0.00      0.00      0.00      0.00      0.00
05:14:36         0.00      0.00      0.00      0.00      0.00      0.00      0.00      0.00
05:14:46         0.00      0.00      0.00      0.00      0.00      0.00      0.00      0.00
05:14:56         0.00      0.00      0.00      0.00      0.00      0.00      0.00      0.00
05:15:06         0.00      0.00      0.00      0.00      0.00      0.00      0.00      0.00
05:15:16         0.00      0.00      0.00      0.00      0.00      0.00      0.00      0.00
05:15:26         0.00      0.00      0.00      0.00      0.00      0.00      0.00      0.00
05:15:36         0.00      0.00      0.00      0.00      0.00      0.00      0.00      0.00
05:15:46         0.00      0.00      0.00      0.00      0.00      0.00      0.00      0.00
05:15:56         0.00      0.00      0.00      0.00      0.00      0.00      0.00      0.00
05:16:06         0.00      0.00      0.00      0.00      0.00      0.00      0.00      0.00
05:16:16         0.00      0.00      0.00      0.00      0.00      0.00      0.00      0.00
05:16:26         0.00      0.00      0.00      0.00      0.00      0.00      0.00      0.00
05:16:36         0.00      0.00      0.00      0.00      0.00      0.00      0.00      0.00
05:16:46         0.00      0.00      0.00      0.00      0.00      0.00      0.00      0.00
05:16:56         0.00      0.00      0.00      0.00      0.00      0.00      0.00      0.00
05:17:06         0.00      0.00      0.00      0.00      0.00      0.00      0.00      0.00
05:17:16         0.00      0.00      0.00      0.00      0.00      0.00      0.00      0.00
05:17:26         0.00      0.00      0.00      0.00      0.00      0.00      0.00      0.00
05:17:36         0.00      0.00      0.00      0.00      0.00      0.00      0.00      0.00
05:17:46         0.00      0.00      0.00      0.00      0.00      0.00      0.00      0.00
05:17:56         0.00      0.00      0.00      0.00      0.00      0.00      0.00      0.00
05:18:06         0.00      0.00      0.00      0.00      0.00      0.00      0.00      0.00
05:18:16         0.00      0.00      0.00      0.00      0.00      0.00      0.00      0.00
05:18:26         0.00      0.00      0.00      0.00      0.00      0.00      0.00      0.00
05:18:36         0.00      0.00      0.00      0.00      0.00      0.00      0.00      0.00
05:18:46         0.00      0.00      0.00      0.00      0.00      0.00      0.00      0.00
05:18:56         0.00      0.00      0.00      0.00      0.00      0.00      0.00      0.00
05:19:06         0.00      0.00      0.00      0.00      0.00      0.00      0.00      0.00
05:19:16         0.00      0.00      0.00      0.00      0.00      0.00      0.00      0.00
05:19:26         0.00      0.00      0.00      0.00      0.00      0.00      0.00      0.00
05:19:36         0.00      0.00      0.00      0.00      0.00      0.00      0.00      0.00
05:19:46         0.00      0.00      0.00      0.00      0.00      0.00      0.00      0.00
05:19:56         0.00      0.00      0.00      0.00      0.00      0.00      0.00      0.00
05:20:06         0.00      0.00      0.00      0.00      0.00      0.00      0.00      0.00
05:20:16         0.00      0.00      0.00      0.00      0.00      0.00      0.00      0.00
05:20:26         0.00      0.00      0.00      0.00      0.00      0.00      0.00      0.00
05:20:36         0.00      0.00      0.00      0.00      0.00      0.00      0.00      0.00
05:20:46         0.00      0.00      0.00      0.00      0.00      0.00      0.00      0.00
05:20:56         0.00      0.00      0.00      0.00      0.00      0.00      0.00      0.00
05:21:06         0.00      0.00      0.00      0.00      0.00      0.00      0.00      0.00
05:21:16         0.00      0.00      0.00      0.00      0.00      0.00      0.00      0.00
05:21:26         0.00      0.00      0.00      0.00      0.00      0.00      0.00      0.00
05:21:36         0.00      0.00      0.00      0.00      0.00      0.00      0.00      0.00
05:21:46         0.00      0.00      0.00      0.00      0.00      0.00      0.00      0.00
05:21:56         0.00      0.00      0.00      0.00      0.00      0.00      0.00      0.00
05:22:06         0.00      0.00      0.00      0.00      0.00      0.00      0.00      0.00
05:22:16         0.00      0.00      0.00      0.00      0.00      0.00      0.00      0.00
05:22:26         0.00      0.00      0.00      0.00      0.00      0.00      0.00      0.00
05:22:36         0.00      0.00      0.00      0.00      0.00      0.00      0.00      0.00
05:22:46         0.00      0.00      0.00      0.00      0.00      0.00      0.00      0.00
05:22:56         0.00      0.00      0.00      0.00      0.00      0.00      0.00      0.00
05:23:06         0.00      0.00      0.00      0.00      0.00      0.00      0.00      0.00
05:23:16         0.00      0.00      0.00      0.00      0.00      0.00      0.00      0.00
05:23:26         0.00      0.00      0.00      0.00      0.00      0.00      0.00      0.00
05:23:36         0.00      0.00      0.00      0.00      0.00      0.00      0.00      0.00
05:23:46         0.00      0.00      0.00      0.00      0.00      0.00      0.00      0.00
05:23:56         0.00      0.00      0.00      0.00      0.00      0.00      0.00      0.00
05:24:06         0.00      0.00      0.00      0.00      0.00      0.00      0.00      0.00
05:24:16         0.00      0.00      0.00      0.00      0.00      0.00      0.00      0.00
05:24:26         0.00      0.00      0.00      0.00      0.00      0.00      0.00      0.00
05:24:36         0.00      0.00      0.00      0.00      0.00      0.00      0.00      0.00
05:24:46         0.00      0.00      0.00      0.00      0.00      0.00      0.00      0.00
05:24:56         0.00      0.00      0.00      0.00      0.00      0.00      0.00      0.00
05:25:06         0.00      0.00      0.00      0.00      0.00      0.00      0.00      0.00
05:25:16         0.00      0.00      0.00      0.00      0.00      0.00      0.00      0.00
05:25:26         0.00      0.00      0.00      0.00      0.00      0.00      0.00      0.00
05:25:36         0.00      0.00      0.00      0.00      0.00      0.00      0.00      0.00
05:25:46         0.00      0.00      0.00      0.00      0.00      0.00      0.00      0.00
05:25:56         0.00      0.00      0.00      0.00      0.00      0.00      0.00      0.00
05:26:06         0.00      0.00      0.00      0.00      0.00      0.00      0.00      0.00
05:26:16         0.00      0.00      0.00      0.00      0.00      0.00      0.00      0.00
05:26:26         0.00      0.00      0.00      0.00      0.00      0.00      0.00      0.00
05:26:36         0.00      0.00      0.00      0.00      0.00      0.00      0.00      0.00
05:26:46         0.00      0.00      0.00      0.00      0.00      0.00      0.00      0.00
05:26:56         0.00      0.00      0.00      0.00      0.00      0.00      0.00      0.00
05:27:06         0.00      0.00      0.00      0.00      0.00      0.00      0.00      0.00
05:27:16         0.00      0.00      0.00      0.00      0.00      0.00      0.00      0.00
05:27:26         0.00      0.00      0.00      0.00      0.00      0.00      0.00      0.00
05:27:36         0.00      0.00      0.00      0.00      0.00      0.00      0.00      0.00
05:27:46         0.00      0.00      0.00      0.00      0.00      0.00      0.00      0.00
05:27:56         0.00      0.00      0.00      0.00      0.00      0.00      0.00      0.00
05:28:06         0.00      0.00      0.00      0.00      0.00      0.00      0.00      0.00
Average:         0.00      0.00      0.00      0.00      0.00      0.00      0.00      0.00

04:48:06       imsg/s    omsg/s    iech/s   iechr/s    oech/s   oechr/s     itm/s    itmr/s     otm/s    otmr/s  iadrmk/s iadrmkr/s  oadrmk/s oadrmkr/s
04:48:16         0.00      0.00      0.00      0.00      0.00      0.00      0.00      0.00      0.00      0.00      0.00      0.00      0.00      0.00
04:48:26         0.00      0.00      0.00      0.00      0.00      0.00      0.00      0.00      0.00      0.00      0.00      0.00      0.00      0.00
04:48:36         0.00      0.00      0.00      0.00      0.00      0.00      0.00      0.00      0.00      0.00      0.00      0.00      0.00      0.00
04:48:46         0.00      0.00      0.00      0.00      0.00      0.00      0.00      0.00      0.00      0.00      0.00      0.00      0.00      0.00
04:48:56         0.00      0.00      0.00      0.00      0.00      0.00      0.00      0.00      0.00      0.00      0.00      0.00      0.00      0.00
04:49:06         0.00      0.00      0.00      0.00      0.00      0.00      0.00      0.00      0.00      0.00      0.00      0.00      0.00      0.00
04:49:16         0.00      0.00      0.00      0.00      0.00      0.00      0.00      0.00      0.00      0.00      0.00      0.00      0.00      0.00
04:49:26         0.00      0.00      0.00      0.00      0.00      0.00      0.00      0.00      0.00      0.00      0.00      0.00      0.00      0.00
04:49:36         0.00      0.00      0.00      0.00      0.00      0.00      0.00      0.00      0.00      0.00      0.00      0.00      0.00      0.00
04:49:46         0.00      0.00      0.00      0.00      0.00      0.00      0.00      0.00      0.00      0.00      0.00      0.00      0.00      0.00
04:49:56         0.00      0.00      0.00      0.00      0.00      0.00      0.00      0.00      0.00      0.00      0.00      0.00      0.00      0.00
04:50:06         0.00      0.00      0.00      0.00      0.00      0.00      0.00      0.00      0.00      0.00      0.00      0.00      0.00      0.00
04:50:16         0.00      0.00      0.00      0.00      0.00      0.00      0.00      0.00      0.00      0.00      0.00      0.00      0.00      0.00
04:50:26         0.00      0.00      0.00      0.00      0.00      0.00      0.00      0.00      0.00      0.00      0.00      0.00      0.00      0.00
04:50:36         0.00      0.00      0.00      0.00      0.00      0.00      0.00      0.00      0.00      0.00      0.00      0.00      0.00      0.00
04:50:46         0.00      0.00      0.00      0.00      0.00      0.00      0.00      0.00      0.00      0.00      0.00      0.00      0.00      0.00
04:50:56         0.00      0.00      0.00      0.00      0.00      0.00      0.00      0.00      0.00      0.00      0.00      0.00      0.00      0.00
04:51:06         0.00      0.00      0.00      0.00      0.00      0.00      0.00      0.00      0.00      0.00      0.00      0.00      0.00      0.00
04:51:16         0.00      0.00      0.00      0.00      0.00      0.00      0.00      0.00      0.00      0.00      0.00      0.00      0.00      0.00
04:51:26         0.00      0.00      0.00      0.00      0.00      0.00      0.00      0.00      0.00      0.00      0.00      0.00      0.00      0.00
04:51:36         0.00      0.00      0.00      0.00      0.00      0.00      0.00      0.00      0.00      0.00      0.00      0.00      0.00      0.00
04:51:46         0.00      0.00      0.00      0.00      0.00      0.00      0.00      0.00      0.00      0.00      0.00      0.00      0.00      0.00
04:51:56         0.00      0.00      0.00      0.00      0.00      0.00      0.00      0.00      0.00      0.00      0.00      0.00      0.00      0.00
04:52:06         0.00      0.00      0.00      0.00      0.00      0.00      0.00      0.00      0.00      0.00      0.00      0.00      0.00      0.00
04:52:16         0.00      0.00      0.00      0.00      0.00      0.00      0.00      0.00      0.00      0.00      0.00      0.00      0.00      0.00
04:52:26         0.00      0.00      0.00      0.00      0.00      0.00      0.00      0.00      0.00      0.00      0.00      0.00      0.00      0.00
04:52:36         0.00      0.00      0.00      0.00      0.00      0.00      0.00      0.00      0.00      0.00      0.00      0.00      0.00      0.00
04:52:46         0.00      0.00      0.00      0.00      0.00      0.00      0.00      0.00      0.00      0.00      0.00      0.00      0.00      0.00
04:52:56         0.00      0.00      0.00      0.00      0.00      0.00      0.00      0.00      0.00      0.00      0.00      0.00      0.00      0.00
04:53:06         0.00      0.00      0.00      0.00      0.00      0.00      0.00      0.00      0.00      0.00      0.00      0.00      0.00      0.00
04:53:16         0.00      0.00      0.00      0.00      0.00      0.00      0.00      0.00      0.00      0.00      0.00      0.00      0.00      0.00
04:53:26         0.00      0.00      0.00      0.00      0.00      0.00      0.00      0.00      0.00      0.00      0.00      0.00      0.00      0.00
04:53:36         0.00      0.00      0.00      0.00      0.00      0.00      0.00      0.00      0.00      0.00      0.00      0.00      0.00      0.00
04:53:46         0.00      0.00      0.00      0.00      0.00      0.00      0.00      0.00      0.00      0.00      0.00      0.00      0.00      0.00
04:53:56         0.00      0.00      0.00      0.00      0.00      0.00      0.00      0.00      0.00      0.00      0.00      0.00      0.00      0.00
04:54:06         0.00      0.00      0.00      0.00      0.00      0.00      0.00      0.00      0.00      0.00      0.00      0.00      0.00      0.00
04:54:16         0.00      0.00      0.00      0.00      0.00      0.00      0.00      0.00      0.00      0.00      0.00      0.00      0.00      0.00
04:54:26         0.00      0.00      0.00      0.00      0.00      0.00      0.00      0.00      0.00      0.00      0.00      0.00      0.00      0.00
04:54:36         0.00      0.00      0.00      0.00      0.00      0.00      0.00      0.00      0.00      0.00      0.00      0.00      0.00      0.00
04:54:46         0.00      0.00      0.00      0.00      0.00      0.00      0.00      0.00      0.00      0.00      0.00      0.00      0.00      0.00
04:54:56         0.00      0.00      0.00      0.00      0.00      0.00      0.00      0.00      0.00      0.00      0.00      0.00      0.00      0.00
04:55:06         0.00      0.00      0.00      0.00      0.00      0.00      0.00      0.00      0.00      0.00      0.00      0.00      0.00      0.00
04:55:16         0.00      0.00      0.00      0.00      0.00      0.00      0.00      0.00      0.00      0.00      0.00      0.00      0.00      0.00
04:55:26         0.00      0.00      0.00      0.00      0.00      0.00      0.00      0.00      0.00      0.00      0.00      0.00      0.00      0.00
04:55:36         0.00      0.00      0.00      0.00      0.00      0.00      0.00      0.00      0.00      0.00      0.00      0.00      0.00      0.00
04:55:46         0.00      0.00      0.00      0.00      0.00      0.00      0.00      0.00      0.00      0.00      0.00      0.00      0.00      0.00
04:55:56         0.00      0.00      0.00      0.00      0.00      0.00      0.00      0.00      0.00      0.00      0.00      0.00      0.00      0.00
04:56:06         0.00      0.00      0.00      0.00      0.00      0.00      0.00      0.00      0.00      0.00      0.00      0.00      0.00      0.00
04:56:16         0.00      0.00      0.00      0.00      0.00      0.00      0.00      0.00      0.00      0.00      0.00      0.00      0.00      0.00
04:56:26         0.00      0.00      0.00      0.00      0.00      0.00      0.00      0.00      0.00      0.00      0.00      0.00      0.00      0.00
04:56:36         0.00      0.00      0.00      0.00      0.00      0.00      0.00      0.00      0.00      0.00      0.00      0.00      0.00      0.00
04:56:46         0.00      0.00      0.00      0.00      0.00      0.00      0.00      0.00      0.00      0.00      0.00      0.00      0.00      0.00
04:56:56         0.00      0.00      0.00      0.00      0.00      0.00      0.00      0.00      0.00      0.00      0.00      0.00      0.00      0.00
04:57:06         0.00      0.00      0.00      0.00      0.00      0.00      0.00      0.00      0.00      0.00      0.00      0.00      0.00      0.00
04:57:16         0.00      0.00      0.00      0.00      0.00      0.00      0.00      0.00      0.00      0.00      0.00      0.00      0.00      0.00
04:57:26         0.00      0.00      0.00      0.00      0.00      0.00      0.00      0.00      0.00      0.00      0.00      0.00      0.00      0.00
04:57:36         0.00      0.00      0.00      0.00      0.00      0.00      0.00      0.00      0.00      0.00      0.00      0.00      0.00      0.00
04:57:46         0.00      0.00      0.00      0.00      0.00      0.00      0.00      0.00      0.00      0.00      0.00      0.00      0.00      0.00
04:57:56         0.00      0.00      0.00      0.00      0.00      0.00      0.00      0.00      0.00      0.00      0.00      0.00      0.00      0.00
04:58:06         0.00      0.00      0.00      0.00      0.00      0.00      0.00      0.00      0.00      0.00      0.00      0.00      0.00      0.00
04:58:16         0.00      0.00      0.00      0.00      0.00      0.00      0.00      0.00      0.00      0.00      0.00      0.00      0.00      0.00
04:58:26         0.00      0.00      0.00      0.00      0.00      0.00      0.00      0.00      0.00      0.00      0.00      0.00      0.00      0.00
04:58:36         0.00      0.00      0.00      0.00      0.00      0.00      0.00      0.00      0.00      0.00      0.00      0.00      0.00      0.00
04:58:46         0.00      0.00      0.00      0.00      0.00      0.00      0.00      0.00      0.00      0.00      0.00      0.00      0.00      0.00
04:58:56         0.00      0.00      0.00      0.00      0.00      0.00      0.00      0.00      0.00      0.00      0.00      0.00      0.00      0.00
04:59:06         0.00      0.00      0.00      0.00      0.00      0.00      0.00      0.00      0.00      0.00      0.00      0.00      0.00      0.00
04:59:16         0.10      0.20      0.10      0.00      0.00      0.00      0.00      0.00      0.00      0.10      0.00      0.00      0.00      0.00
04:59:26         0.00      0.00      0.00      0.00      0.00      0.00      0.00      0.00      0.00      0.00      0.00      0.00      0.00      0.00
04:59:36         0.00      0.10      0.00      0.00      0.00      0.00      0.00      0.00      0.00      0.00      0.00      0.00      0.00      0.00
04:59:46         0.00      0.00      0.00      0.00      0.00      0.00      0.00      0.00      0.00      0.00      0.00      0.00      0.00      0.00
04:59:56         0.00      0.00      0.00      0.00      0.00      0.00      0.00      0.00      0.00      0.00      0.00      0.00      0.00      0.00
05:00:06         0.00      0.00      0.00      0.00      0.00      0.00      0.00      0.00      0.00      0.00      0.00      0.00      0.00      0.00
05:00:16         0.00      0.00      0.00      0.00      0.00      0.00      0.00      0.00      0.00      0.00      0.00      0.00      0.00      0.00
05:00:26         0.00      0.00      0.00      0.00      0.00      0.00      0.00      0.00      0.00      0.00      0.00      0.00      0.00      0.00
05:00:36         0.00      0.00      0.00      0.00      0.00      0.00      0.00      0.00      0.00      0.00      0.00      0.00      0.00      0.00
05:00:46         0.00      0.00      0.00      0.00      0.00      0.00      0.00      0.00      0.00      0.00      0.00      0.00      0.00      0.00
05:00:56         0.00      0.00      0.00      0.00      0.00      0.00      0.00      0.00      0.00      0.00      0.00      0.00      0.00      0.00
05:01:06         0.00      0.00      0.00      0.00      0.00      0.00      0.00      0.00      0.00      0.00      0.00      0.00      0.00      0.00
05:01:16         0.00      0.00      0.00      0.00      0.00      0.00      0.00      0.00      0.00      0.00      0.00      0.00      0.00      0.00
05:01:26         0.00      0.00      0.00      0.00      0.00      0.00      0.00      0.00      0.00      0.00      0.00      0.00      0.00      0.00
05:01:36         0.00      0.00      0.00      0.00      0.00      0.00      0.00      0.00      0.00      0.00      0.00      0.00      0.00      0.00
05:01:46         0.00      0.00      0.00      0.00      0.00      0.00      0.00      0.00      0.00      0.00      0.00      0.00      0.00      0.00
05:01:56         0.00      0.00      0.00      0.00      0.00      0.00      0.00      0.00      0.00      0.00      0.00      0.00      0.00      0.00
05:02:06         0.00      0.00      0.00      0.00      0.00      0.00      0.00      0.00      0.00      0.00      0.00      0.00      0.00      0.00
05:02:16         0.00      0.00      0.00      0.00      0.00      0.00      0.00      0.00      0.00      0.00      0.00      0.00      0.00      0.00
05:02:26         0.00      0.00      0.00      0.00      0.00      0.00      0.00      0.00      0.00      0.00      0.00      0.00      0.00      0.00
05:02:36         0.00      0.00      0.00      0.00      0.00      0.00      0.00      0.00      0.00      0.00      0.00      0.00      0.00      0.00
05:02:46         0.00      0.00      0.00      0.00      0.00      0.00      0.00      0.00      0.00      0.00      0.00      0.00      0.00      0.00
05:02:56         0.00      0.00      0.00      0.00      0.00      0.00      0.00      0.00      0.00      0.00      0.00      0.00      0.00      0.00
05:03:06         0.00      0.00      0.00      0.00      0.00      0.00      0.00      0.00      0.00      0.00      0.00      0.00      0.00      0.00
05:03:16         0.00      0.00      0.00      0.00      0.00      0.00      0.00      0.00      0.00      0.00      0.00      0.00      0.00      0.00
05:03:26         0.00      0.00      0.00      0.00      0.00      0.00      0.00      0.00      0.00      0.00      0.00      0.00      0.00      0.00
05:03:36         0.00      0.00      0.00      0.00      0.00      0.00      0.00      0.00      0.00      0.00      0.00      0.00      0.00      0.00
05:03:46         0.00      0.00      0.00      0.00      0.00      0.00      0.00      0.00      0.00      0.00      0.00      0.00      0.00      0.00
05:03:56         0.00      0.00      0.00      0.00      0.00      0.00      0.00      0.00      0.00      0.00      0.00      0.00      0.00      0.00
05:04:06         0.00      0.00      0.00      0.00      0.00      0.00      0.00      0.00      0.00      0.00      0.00      0.00      0.00      0.00
05:04:16         0.00      0.00      0.00      0.00      0.00      0.00      0.00      0.00      0.00      0.00      0.00      0.00      0.00      0.00
05:04:26         0.00      0.00      0.00      0.00      0.00      0.00      0.00      0.00      0.00      0.00      0.00      0.00      0.00      0.00
05:04:36         0.00      0.00      0.00      0.00      0.00      0.00      0.00      0.00      0.00      0.00      0.00      0.00      0.00      0.00
05:04:46         0.00      0.00      0.00      0.00      0.00      0.00      0.00      0.00      0.00      0.00      0.00      0.00      0.00      0.00
05:04:56         0.00      0.00      0.00      0.00      0.00      0.00      0.00      0.00      0.00      0.00      0.00      0.00      0.00      0.00
05:05:06         0.00      0.00      0.00      0.00      0.00      0.00      0.00      0.00      0.00      0.00      0.00      0.00      0.00      0.00
05:05:16         0.00      0.00      0.00      0.00      0.00      0.00      0.00      0.00      0.00      0.00      0.00      0.00      0.00      0.00
05:05:26         0.00      0.00      0.00      0.00      0.00      0.00      0.00      0.00      0.00      0.00      0.00      0.00      0.00      0.00
05:05:36         0.00      0.00      0.00      0.00      0.00      0.00      0.00      0.00      0.00      0.00      0.00      0.00      0.00      0.00
05:05:46         0.00      0.00      0.00      0.00      0.00      0.00      0.00      0.00      0.00      0.00      0.00      0.00      0.00      0.00
05:05:56         0.00      0.00      0.00      0.00      0.00      0.00      0.00      0.00      0.00      0.00      0.00      0.00      0.00      0.00
05:06:06         0.00      0.00      0.00      0.00      0.00      0.00      0.00      0.00      0.00      0.00      0.00      0.00      0.00      0.00
05:06:16         0.10      0.20      0.10      0.00      0.00      0.00      0.00      0.00      0.00      0.10      0.00      0.00      0.00      0.00
05:06:26         0.00      0.00      0.00      0.00      0.00      0.00      0.00      0.00      0.00      0.00      0.00      0.00      0.00      0.00
05:06:36         0.00      0.10      0.00      0.00      0.00      0.00      0.00      0.00      0.00      0.00      0.00      0.00      0.00      0.00
05:06:46         0.00      0.00      0.00      0.00      0.00      0.00      0.00      0.00      0.00      0.00      0.00      0.00      0.00      0.00
05:06:56         0.00      0.00      0.00      0.00      0.00      0.00      0.00      0.00      0.00      0.00      0.00      0.00      0.00      0.00
05:07:06         0.00      0.00      0.00      0.00      0.00      0.00      0.00      0.00      0.00      0.00      0.00      0.00      0.00      0.00
05:07:16         0.00      0.00      0.00      0.00      0.00      0.00      0.00      0.00      0.00      0.00      0.00      0.00      0.00      0.00
05:07:26         0.00      0.00      0.00      0.00      0.00      0.00      0.00      0.00      0.00      0.00      0.00      0.00      0.00      0.00
05:07:36         0.00      0.00      0.00      0.00      0.00      0.00      0.00      0.00      0.00      0.00      0.00      0.00      0.00      0.00
05:07:46         0.00      0.00      0.00      0.00      0.00      0.00      0.00      0.00      0.00      0.00      0.00      0.00      0.00      0.00
05:07:56         0.00      0.00      0.00      0.00      0.00      0.00      0.00      0.00      0.00      0.00      0.00      0.00      0.00      0.00
05:08:06         0.00      0.00      0.00      0.00      0.00      0.00      0.00      0.00      0.00      0.00      0.00      0.00      0.00      0.00
05:08:16         0.00      0.00      0.00      0.00      0.00      0.00      0.00      0.00      0.00      0.00      0.00      0.00      0.00      0.00
05:08:26         0.00      0.00      0.00      0.00      0.00      0.00      0.00      0.00      0.00      0.00      0.00      0.00      0.00      0.00
05:08:36         0.00      0.00      0.00      0.00      0.00      0.00      0.00      0.00      0.00      0.00      0.00      0.00      0.00      0.00
05:08:46         0.00      0.00      0.00      0.00      0.00      0.00      0.00      0.00      0.00      0.00      0.00      0.00      0.00      0.00
05:08:56         0.00      0.00      0.00      0.00      0.00      0.00      0.00      0.00      0.00      0.00      0.00      0.00      0.00      0.00
05:09:06         0.00      0.00      0.00      0.00      0.00      0.00      0.00      0.00      0.00      0.00      0.00      0.00      0.00      0.00
05:09:16         0.00      0.00      0.00      0.00      0.00      0.00      0.00      0.00      0.00      0.00      0.00      0.00      0.00      0.00
05:09:26         0.00      0.00      0.00      0.00      0.00      0.00      0.00      0.00      0.00      0.00      0.00      0.00      0.00      0.00
05:09:36         0.00      0.00      0.00      0.00      0.00      0.00      0.00      0.00      0.00      0.00      0.00      0.00      0.00      0.00
05:09:46         0.00      0.00      0.00      0.00      0.00      0.00      0.00      0.00      0.00      0.00      0.00      0.00      0.00      0.00
05:09:56         0.00      0.00      0.00      0.00      0.00      0.00      0.00      0.00      0.00      0.00      0.00      0.00      0.00      0.00
05:10:06         0.00      0.00      0.00      0.00      0.00      0.00      0.00      0.00      0.00      0.00      0.00      0.00      0.00      0.00
05:10:16         0.00      0.00      0.00      0.00      0.00      0.00      0.00      0.00      0.00      0.00      0.00      0.00      0.00      0.00
05:10:26         0.00      0.00      0.00      0.00      0.00      0.00      0.00      0.00      0.00      0.00      0.00      0.00      0.00      0.00
05:10:36         0.00      0.00      0.00      0.00      0.00      0.00      0.00      0.00      0.00      0.00      0.00      0.00      0.00      0.00
05:10:46         0.00      0.00      0.00      0.00      0.00      0.00      0.00      0.00      0.00      0.00      0.00      0.00      0.00      0.00
05:10:56         0.00      0.00      0.00      0.00      0.00      0.00      0.00      0.00      0.00      0.00      0.00      0.00      0.00      0.00
05:11:06         0.00      0.00      0.00      0.00      0.00      0.00      0.00      0.00      0.00      0.00      0.00      0.00      0.00      0.00
05:11:16         0.00      0.00      0.00      0.00      0.00      0.00      0.00      0.00      0.00      0.00      0.00      0.00      0.00      0.00
05:11:26         0.00      0.00      0.00      0.00      0.00      0.00      0.00      0.00      0.00      0.00      0.00      0.00      0.00      0.00
05:11:36         0.00      0.00      0.00      0.00      0.00      0.00      0.00      0.00      0.00      0.00      0.00      0.00      0.00      0.00
05:11:46         0.00      0.00      0.00      0.00      0.00      0.00      0.00      0.00      0.00      0.00      0.00      0.00      0.00      0.00
05:11:56         0.00      0.00      0.00      0.00      0.00      0.00      0.00      0.00      0.00      0.00      0.00      0.00      0.00      0.00
05:12:06         0.00      0.00      0.00      0.00      0.00      0.00      0.00      0.00      0.00      0.00      0.00      0.00      0.00      0.00
05:12:16         0.00      0.00      0.00      0.00      0.00      0.00      0.00      0.00      0.00      0.00      0.00      0.00      0.00      0.00
05:12:26         0.00      0.00      0.00      0.00      0.00      0.00      0.00      0.00      0.00      0.00      0.00      0.00      0.00      0.00
05:12:36         0.00      0.00      0.00      0.00      0.00      0.00      0.00      0.00      0.00      0.00      0.00      0.00      0.00      0.00
05:12:46         0.00      0.00      0.00      0.00      0.00      0.00      0.00      0.00      0.00      0.00      0.00      0.00      0.00      0.00
05:12:56         0.00      0.00      0.00      0.00      0.00      0.00      0.00      0.00      0.00      0.00      0.00      0.00      0.00      0.00
05:13:06         0.00      0.00      0.00      0.00      0.00      0.00      0.00      0.00      0.00      0.00      0.00      0.00      0.00      0.00
05:13:16         0.10      0.30      0.10      0.00      0.00      0.00      0.00      0.00      0.00      0.10      0.00      0.00      0.00      0.00
05:13:26         0.00      0.00      0.00      0.00      0.00      0.00      0.00      0.00      0.00      0.00      0.00      0.00      0.00      0.00
05:13:36         0.00      0.00      0.00      0.00      0.00      0.00      0.00      0.00      0.00      0.00      0.00      0.00      0.00      0.00
05:13:46         0.00      0.00      0.00      0.00      0.00      0.00      0.00      0.00      0.00      0.00      0.00      0.00      0.00      0.00
05:13:56         0.00      0.00      0.00      0.00      0.00      0.00      0.00      0.00      0.00      0.00      0.00      0.00      0.00      0.00
05:14:06         0.00      0.00      0.00      0.00      0.00      0.00      0.00      0.00      0.00      0.00      0.00      0.00      0.00      0.00
05:14:16         0.00      0.00      0.00      0.00      0.00      0.00      0.00      0.00      0.00      0.00      0.00      0.00      0.00      0.00
05:14:26         0.00      0.00      0.00      0.00      0.00      0.00      0.00      0.00      0.00      0.00      0.00      0.00      0.00      0.00
05:14:36         0.00      0.00      0.00      0.00      0.00      0.00      0.00      0.00      0.00      0.00      0.00      0.00      0.00      0.00
05:14:46         0.00      0.00      0.00      0.00      0.00      0.00      0.00      0.00      0.00      0.00      0.00      0.00      0.00      0.00
05:14:56         0.00      0.00      0.00      0.00      0.00      0.00      0.00      0.00      0.00      0.00      0.00      0.00      0.00      0.00
05:15:06         0.00      0.00      0.00      0.00      0.00      0.00      0.00      0.00      0.00      0.00      0.00      0.00      0.00      0.00
05:15:16         0.00      0.00      0.00      0.00      0.00      0.00      0.00      0.00      0.00      0.00      0.00      0.00      0.00      0.00
05:15:26         0.00      0.00      0.00      0.00      0.00      0.00      0.00      0.00      0.00      0.00      0.00      0.00      0.00      0.00
05:15:36         0.00      0.00      0.00      0.00      0.00      0.00      0.00      0.00      0.00      0.00      0.00      0.00      0.00      0.00
05:15:46         0.00      0.00      0.00      0.00      0.00      0.00      0.00      0.00      0.00      0.00      0.00      0.00      0.00      0.00
05:15:56         0.00      0.00      0.00      0.00      0.00      0.00      0.00      0.00      0.00      0.00      0.00      0.00      0.00      0.00
05:16:06         0.00      0.00      0.00      0.00      0.00      0.00      0.00      0.00      0.00      0.00      0.00      0.00      0.00      0.00
05:16:16         0.00      0.00      0.00      0.00      0.00      0.00      0.00      0.00      0.00      0.00      0.00      0.00      0.00      0.00
05:16:26         0.00      0.00      0.00      0.00      0.00      0.00      0.00      0.00      0.00      0.00      0.00      0.00      0.00      0.00
05:16:36         0.00      0.00      0.00      0.00      0.00      0.00      0.00      0.00      0.00      0.00      0.00      0.00      0.00      0.00
05:16:46         0.00      0.00      0.00      0.00      0.00      0.00      0.00      0.00      0.00      0.00      0.00      0.00      0.00      0.00
05:16:56         0.00      0.00      0.00      0.00      0.00      0.00      0.00      0.00      0.00      0.00      0.00      0.00      0.00      0.00
05:17:06         0.00      0.00      0.00      0.00      0.00      0.00      0.00      0.00      0.00      0.00      0.00      0.00      0.00      0.00
05:17:16         0.00      0.00      0.00      0.00      0.00      0.00      0.00      0.00      0.00      0.00      0.00      0.00      0.00      0.00
05:17:26         0.00      0.00      0.00      0.00      0.00      0.00      0.00      0.00      0.00      0.00      0.00      0.00      0.00      0.00
05:17:36         0.00      0.00      0.00      0.00      0.00      0.00      0.00      0.00      0.00      0.00      0.00      0.00      0.00      0.00
05:17:46         0.00      0.00      0.00      0.00      0.00      0.00      0.00      0.00      0.00      0.00      0.00      0.00      0.00      0.00
05:17:56         0.00      0.00      0.00      0.00      0.00      0.00      0.00      0.00      0.00      0.00      0.00      0.00      0.00      0.00
05:18:06         0.00      0.00      0.00      0.00      0.00      0.00      0.00      0.00      0.00      0.00      0.00      0.00      0.00      0.00
05:18:16         0.00      0.00      0.00      0.00      0.00      0.00      0.00      0.00      0.00      0.00      0.00      0.00      0.00      0.00
05:18:26         0.00      0.00      0.00      0.00      0.00      0.00      0.00      0.00      0.00      0.00      0.00      0.00      0.00      0.00
05:18:36         0.00      0.00      0.00      0.00      0.00      0.00      0.00      0.00      0.00      0.00      0.00      0.00      0.00      0.00
05:18:46         0.00      0.00      0.00      0.00      0.00      0.00      0.00      0.00      0.00      0.00      0.00      0.00      0.00      0.00
05:18:56         0.00      0.00      0.00      0.00      0.00      0.00      0.00      0.00      0.00      0.00      0.00      0.00      0.00      0.00
05:19:06         0.00      0.00      0.00      0.00      0.00      0.00      0.00      0.00      0.00      0.00      0.00      0.00      0.00      0.00
05:19:16         0.00      0.00      0.00      0.00      0.00      0.00      0.00      0.00      0.00      0.00      0.00      0.00      0.00      0.00
05:19:26         0.00      0.00      0.00      0.00      0.00      0.00      0.00      0.00      0.00      0.00      0.00      0.00      0.00      0.00
05:19:36         0.10      0.30      0.10      0.00      0.00      0.00      0.00      0.00      0.00      0.10      0.00      0.00      0.00      0.00
05:19:46         0.00      0.00      0.00      0.00      0.00      0.00      0.00      0.00      0.00      0.00      0.00      0.00      0.00      0.00
05:19:56         0.00      0.00      0.00      0.00      0.00      0.00      0.00      0.00      0.00      0.00      0.00      0.00      0.00      0.00
05:20:06         0.00      0.00      0.00      0.00      0.00      0.00      0.00      0.00      0.00      0.00      0.00      0.00      0.00      0.00
05:20:16         0.00      0.00      0.00      0.00      0.00      0.00      0.00      0.00      0.00      0.00      0.00      0.00      0.00      0.00
05:20:26         0.00      0.00      0.00      0.00      0.00      0.00      0.00      0.00      0.00      0.00      0.00      0.00      0.00      0.00
05:20:36         0.00      0.00      0.00      0.00      0.00      0.00      0.00      0.00      0.00      0.00      0.00      0.00      0.00      0.00
05:20:46         0.00      0.00      0.00      0.00      0.00      0.00      0.00      0.00      0.00      0.00      0.00      0.00      0.00      0.00
05:20:56         0.00      0.00      0.00      0.00      0.00      0.00      0.00      0.00      0.00      0.00      0.00      0.00      0.00      0.00
05:21:06         0.00      0.00      0.00      0.00      0.00      0.00      0.00      0.00      0.00      0.00      0.00      0.00      0.00      0.00
05:21:16         0.00      0.00      0.00      0.00      0.00      0.00      0.00      0.00      0.00      0.00      0.00      0.00      0.00      0.00
05:21:26         0.00      0.00      0.00      0.00      0.00      0.00      0.00      0.00      0.00      0.00      0.00      0.00      0.00      0.00
05:21:36         0.00      0.00      0.00      0.00      0.00      0.00      0.00      0.00      0.00      0.00      0.00      0.00      0.00      0.00
05:21:46         0.00      0.00      0.00      0.00      0.00      0.00      0.00      0.00      0.00      0.00      0.00      0.00      0.00      0.00
05:21:56         0.00      0.00      0.00      0.00      0.00      0.00      0.00      0.00      0.00      0.00      0.00      0.00      0.00      0.00
05:22:06         0.00      0.00      0.00      0.00      0.00      0.00      0.00      0.00      0.00      0.00      0.00      0.00      0.00      0.00
05:22:16         0.00      0.00      0.00      0.00      0.00      0.00      0.00      0.00      0.00      0.00      0.00      0.00      0.00      0.00
05:22:26         0.00      0.00      0.00      0.00      0.00      0.00      0.00      0.00      0.00      0.00      0.00      0.00      0.00      0.00
05:22:36         0.00      0.00      0.00      0.00      0.00      0.00      0.00      0.00      0.00      0.00      0.00      0.00      0.00      0.00
05:22:46         0.00      0.00      0.00      0.00      0.00      0.00      0.00      0.00      0.00      0.00      0.00      0.00      0.00      0.00
05:22:56         0.00      0.00      0.00      0.00      0.00      0.00      0.00      0.00      0.00      0.00      0.00      0.00      0.00      0.00
05:23:06         0.00      0.00      0.00      0.00      0.00      0.00      0.00      0.00      0.00      0.00      0.00      0.00      0.00      0.00
05:23:16         0.00      0.00      0.00      0.00      0.00      0.00      0.00      0.00      0.00      0.00      0.00      0.00      0.00      0.00
05:23:26         0.00      0.00      0.00      0.00      0.00      0.00      0.00      0.00      0.00      0.00      0.00      0.00      0.00      0.00
05:23:36         0.00      0.00      0.00      0.00      0.00      0.00      0.00      0.00      0.00      0.00      0.00      0.00      0.00      0.00
05:23:46         0.00      0.00      0.00      0.00      0.00      0.00      0.00      0.00      0.00      0.00      0.00      0.00      0.00      0.00
05:23:56         0.00      0.00      0.00      0.00      0.00      0.00      0.00      0.00      0.00      0.00      0.00      0.00      0.00      0.00
05:24:06         0.00      0.00      0.00      0.00      0.00      0.00      0.00      0.00      0.00      0.00      0.00      0.00      0.00      0.00
05:24:16         0.00      0.00      0.00      0.00      0.00      0.00      0.00      0.00      0.00      0.00      0.00      0.00      0.00      0.00
05:24:26         0.00      0.00      0.00      0.00      0.00      0.00      0.00      0.00      0.00      0.00      0.00      0.00      0.00      0.00
05:24:36         0.00      0.00      0.00      0.00      0.00      0.00      0.00      0.00      0.00      0.00      0.00      0.00      0.00      0.00
05:24:46         0.00      0.00      0.00      0.00      0.00      0.00      0.00      0.00      0.00      0.00      0.00      0.00      0.00      0.00
05:24:56         0.00      0.00      0.00      0.00      0.00      0.00      0.00      0.00      0.00      0.00      0.00      0.00      0.00      0.00
05:25:06         0.00      0.00      0.00      0.00      0.00      0.00      0.00      0.00      0.00      0.00      0.00      0.00      0.00      0.00
05:25:16         0.00      0.00      0.00      0.00      0.00      0.00      0.00      0.00      0.00      0.00      0.00      0.00      0.00      0.00
05:25:26         0.00      0.00      0.00      0.00      0.00      0.00      0.00      0.00      0.00      0.00      0.00      0.00      0.00      0.00
05:25:36         0.00      0.00      0.00      0.00      0.00      0.00      0.00      0.00      0.00      0.00      0.00      0.00      0.00      0.00
05:25:46         0.00      0.00      0.00      0.00      0.00      0.00      0.00      0.00      0.00      0.00      0.00      0.00      0.00      0.00
05:25:56         0.00      0.00      0.00      0.00      0.00      0.00      0.00      0.00      0.00      0.00      0.00      0.00      0.00      0.00
05:26:06         0.00      0.00      0.00      0.00      0.00      0.00      0.00      0.00      0.00      0.00      0.00      0.00      0.00      0.00
05:26:16         0.10      0.20      0.10      0.00      0.00      0.00      0.00      0.00      0.00      0.10      0.00      0.00      0.00      0.00
05:26:26         0.00      0.00      0.00      0.00      0.00      0.00      0.00      0.00      0.00      0.00      0.00      0.00      0.00      0.00
05:26:36         0.00      0.10      0.00      0.00      0.00      0.00      0.00      0.00      0.00      0.00      0.00      0.00      0.00      0.00
05:26:46         0.00      0.00      0.00      0.00      0.00      0.00      0.00      0.00      0.00      0.00      0.00      0.00      0.00      0.00
05:26:56         0.00      0.00      0.00      0.00      0.00      0.00      0.00      0.00      0.00      0.00      0.00      0.00      0.00      0.00
05:27:06         0.00      0.00      0.00      0.00      0.00      0.00      0.00      0.00      0.00      0.00      0.00      0.00      0.00      0.00
05:27:16         0.00      0.00      0.00      0.00      0.00      0.00      0.00      0.00      0.00      0.00      0.00      0.00      0.00      0.00
05:27:26         0.00      0.00      0.00      0.00      0.00      0.00      0.00      0.00      0.00      0.00      0.00      0.00      0.00      0.00
05:27:36         0.00      0.00      0.00      0.00      0.00      0.00      0.00      0.00      0.00      0.00      0.00      0.00      0.00      0.00
05:27:46         0.00      0.00      0.00      0.00      0.00      0.00      0.00      0.00      0.00      0.00      0.00      0.00      0.00      0.00
05:27:56         0.00      0.00      0.00      0.00      0.00      0.00      0.00      0.00      0.00      0.00      0.00      0.00      0.00      0.00
05:28:06         0.00      0.00      0.00      0.00      0.00      0.00      0.00      0.00      0.00      0.00      0.00      0.00      0.00      0.00
Average:         0.00      0.01      0.00      0.00      0.00      0.00      0.00      0.00      0.00      0.00      0.00      0.00      0.00      0.00

04:48:06       ierr/s    oerr/s idstunr/s odstunr/s   itmex/s   otmex/s iparmpb/s oparmpb/s   isrcq/s   osrcq/s  iredir/s  oredir/s
04:48:16         0.00      0.00      0.00      0.00      0.00      0.00      0.00      0.00      0.00      0.00      0.00      0.00
04:48:26         0.00      0.00      0.00      0.00      0.00      0.00      0.00      0.00      0.00      0.00      0.00      0.00
04:48:36         0.00      0.00      0.00      0.00      0.00      0.00      0.00      0.00      0.00      0.00      0.00      0.00
04:48:46         0.00      0.00      0.00      0.00      0.00      0.00      0.00      0.00      0.00      0.00      0.00      0.00
04:48:56         0.00      0.00      0.00      0.00      0.00      0.00      0.00      0.00      0.00      0.00      0.00      0.00
04:49:06         0.00      0.00      0.00      0.00      0.00      0.00      0.00      0.00      0.00      0.00      0.00      0.00
04:49:16         0.00      0.00      0.00      0.00      0.00      0.00      0.00      0.00      0.00      0.00      0.00      0.00
04:49:26         0.00      0.00      0.00      0.00      0.00      0.00      0.00      0.00      0.00      0.00      0.00      0.00
04:49:36         0.00      0.00      0.00      0.00      0.00      0.00      0.00      0.00      0.00      0.00      0.00      0.00
04:49:46         0.00      0.00      0.00      0.00      0.00      0.00      0.00      0.00      0.00      0.00      0.00      0.00
04:49:56         0.00      0.00      0.00      0.00      0.00      0.00      0.00      0.00      0.00      0.00      0.00      0.00
04:50:06         0.00      0.00      0.00      0.00      0.00      0.00      0.00      0.00      0.00      0.00      0.00      0.00
04:50:16         0.00      0.00      0.00      0.00      0.00      0.00      0.00      0.00      0.00      0.00      0.00      0.00
04:50:26         0.00      0.00      0.00      0.00      0.00      0.00      0.00      0.00      0.00      0.00      0.00      0.00
04:50:36         0.00      0.00      0.00      0.00      0.00      0.00      0.00      0.00      0.00      0.00      0.00      0.00
04:50:46         0.00      0.00      0.00      0.00      0.00      0.00      0.00      0.00      0.00      0.00      0.00      0.00
04:50:56         0.00      0.00      0.00      0.00      0.00      0.00      0.00      0.00      0.00      0.00      0.00      0.00
04:51:06         0.00      0.00      0.00      0.00      0.00      0.00      0.00      0.00      0.00      0.00      0.00      0.00
04:51:16         0.00      0.00      0.00      0.00      0.00      0.00      0.00      0.00      0.00      0.00      0.00      0.00
04:51:26         0.00      0.00      0.00      0.00      0.00      0.00      0.00      0.00      0.00      0.00      0.00      0.00
04:51:36         0.00      0.00      0.00      0.00      0.00      0.00      0.00      0.00      0.00      0.00      0.00      0.00
04:51:46         0.00      0.00      0.00      0.00      0.00      0.00      0.00      0.00      0.00      0.00      0.00      0.00
04:51:56         0.00      0.00      0.00      0.00      0.00      0.00      0.00      0.00      0.00      0.00      0.00      0.00
04:52:06         0.00      0.00      0.00      0.00      0.00      0.00      0.00      0.00      0.00      0.00      0.00      0.00
04:52:16         0.00      0.00      0.00      0.00      0.00      0.00      0.00      0.00      0.00      0.00      0.00      0.00
04:52:26         0.00      0.00      0.00      0.00      0.00      0.00      0.00      0.00      0.00      0.00      0.00      0.00
04:52:36         0.00      0.00      0.00      0.00      0.00      0.00      0.00      0.00      0.00      0.00      0.00      0.00
04:52:46         0.00      0.00      0.00      0.00      0.00      0.00      0.00      0.00      0.00      0.00      0.00      0.00
04:52:56         0.00      0.00      0.00      0.00      0.00      0.00      0.00      0.00      0.00      0.00      0.00      0.00
04:53:06         0.00      0.00      0.00      0.00      0.00      0.00      0.00      0.00      0.00      0.00      0.00      0.00
04:53:16         0.00      0.00      0.00      0.00      0.00      0.00      0.00      0.00      0.00      0.00      0.00      0.00
04:53:26         0.00      0.00      0.00      0.00      0.00      0.00      0.00      0.00      0.00      0.00      0.00      0.00
04:53:36         0.00      0.00      0.00      0.00      0.00      0.00      0.00      0.00      0.00      0.00      0.00      0.00
04:53:46         0.00      0.00      0.00      0.00      0.00      0.00      0.00      0.00      0.00      0.00      0.00      0.00
04:53:56         0.00      0.00      0.00      0.00      0.00      0.00      0.00      0.00      0.00      0.00      0.00      0.00
04:54:06         0.00      0.00      0.00      0.00      0.00      0.00      0.00      0.00      0.00      0.00      0.00      0.00
04:54:16         0.00      0.00      0.00      0.00      0.00      0.00      0.00      0.00      0.00      0.00      0.00      0.00
04:54:26         0.00      0.00      0.00      0.00      0.00      0.00      0.00      0.00      0.00      0.00      0.00      0.00
04:54:36         0.00      0.00      0.00      0.00      0.00      0.00      0.00      0.00      0.00      0.00      0.00      0.00
04:54:46         0.00      0.00      0.00      0.00      0.00      0.00      0.00      0.00      0.00      0.00      0.00      0.00
04:54:56         0.00      0.00      0.00      0.00      0.00      0.00      0.00      0.00      0.00      0.00      0.00      0.00
04:55:06         0.00      0.00      0.00      0.00      0.00      0.00      0.00      0.00      0.00      0.00      0.00      0.00
04:55:16         0.00      0.00      0.00      0.00      0.00      0.00      0.00      0.00      0.00      0.00      0.00      0.00
04:55:26         0.00      0.00      0.00      0.00      0.00      0.00      0.00      0.00      0.00      0.00      0.00      0.00
04:55:36         0.00      0.00      0.00      0.00      0.00      0.00      0.00      0.00      0.00      0.00      0.00      0.00
04:55:46         0.00      0.00      0.00      0.00      0.00      0.00      0.00      0.00      0.00      0.00      0.00      0.00
04:55:56         0.00      0.00      0.00      0.00      0.00      0.00      0.00      0.00      0.00      0.00      0.00      0.00
04:56:06         0.00      0.00      0.00      0.00      0.00      0.00      0.00      0.00      0.00      0.00      0.00      0.00
04:56:16         0.00      0.00      0.00      0.00      0.00      0.00      0.00      0.00      0.00      0.00      0.00      0.00
04:56:26         0.00      0.00      0.00      0.00      0.00      0.00      0.00      0.00      0.00      0.00      0.00      0.00
04:56:36         0.00      0.00      0.00      0.00      0.00      0.00      0.00      0.00      0.00      0.00      0.00      0.00
04:56:46         0.00      0.00      0.00      0.00      0.00      0.00      0.00      0.00      0.00      0.00      0.00      0.00
04:56:56         0.00      0.00      0.00      0.00      0.00      0.00      0.00      0.00      0.00      0.00      0.00      0.00
04:57:06         0.00      0.00      0.00      0.00      0.00      0.00      0.00      0.00      0.00      0.00      0.00      0.00
04:57:16         0.00      0.00      0.00      0.00      0.00      0.00      0.00      0.00      0.00      0.00      0.00      0.00
04:57:26         0.00      0.00      0.00      0.00      0.00      0.00      0.00      0.00      0.00      0.00      0.00      0.00
04:57:36         0.00      0.00      0.00      0.00      0.00      0.00      0.00      0.00      0.00      0.00      0.00      0.00
04:57:46         0.00      0.00      0.00      0.00      0.00      0.00      0.00      0.00      0.00      0.00      0.00      0.00
04:57:56         0.00      0.00      0.00      0.00      0.00      0.00      0.00      0.00      0.00      0.00      0.00      0.00
04:58:06         0.00      0.00      0.00      0.00      0.00      0.00      0.00      0.00      0.00      0.00      0.00      0.00
04:58:16         0.00      0.00      0.00      0.00      0.00      0.00      0.00      0.00      0.00      0.00      0.00      0.00
04:58:26         0.00      0.00      0.00      0.00      0.00      0.00      0.00      0.00      0.00      0.00      0.00      0.00
04:58:36         0.00      0.00      0.00      0.00      0.00      0.00      0.00      0.00      0.00      0.00      0.00      0.00
04:58:46         0.00      0.00      0.00      0.00      0.00      0.00      0.00      0.00      0.00      0.00      0.00      0.00
04:58:56         0.00      0.00      0.00      0.00      0.00      0.00      0.00      0.00      0.00      0.00      0.00      0.00
04:59:06         0.00      0.00      0.00      0.00      0.00      0.00      0.00      0.00      0.00      0.00      0.00      0.00
04:59:16         0.00      0.00      0.00      0.00      0.00      0.00      0.00      0.10      0.00      0.00      0.00      0.00
04:59:26         0.00      0.00      0.00      0.00      0.00      0.00      0.00      0.00      0.00      0.00      0.00      0.00
04:59:36         0.00      0.00      0.00      0.00      0.00      0.00      0.00      0.10      0.00      0.00      0.00      0.00
04:59:46         0.00      0.00      0.00      0.00      0.00      0.00      0.00      0.00      0.00      0.00      0.00      0.00
04:59:56         0.00      0.00      0.00      0.00      0.00      0.00      0.00      0.00      0.00      0.00      0.00      0.00
05:00:06         0.00      0.00      0.00      0.00      0.00      0.00      0.00      0.00      0.00      0.00      0.00      0.00
05:00:16         0.00      0.00      0.00      0.00      0.00      0.00      0.00      0.00      0.00      0.00      0.00      0.00
05:00:26         0.00      0.00      0.00      0.00      0.00      0.00      0.00      0.00      0.00      0.00      0.00      0.00
05:00:36         0.00      0.00      0.00      0.00      0.00      0.00      0.00      0.00      0.00      0.00      0.00      0.00
05:00:46         0.00      0.00      0.00      0.00      0.00      0.00      0.00      0.00      0.00      0.00      0.00      0.00
05:00:56         0.00      0.00      0.00      0.00      0.00      0.00      0.00      0.00      0.00      0.00      0.00      0.00
05:01:06         0.00      0.00      0.00      0.00      0.00      0.00      0.00      0.00      0.00      0.00      0.00      0.00
05:01:16         0.00      0.00      0.00      0.00      0.00      0.00      0.00      0.00      0.00      0.00      0.00      0.00
05:01:26         0.00      0.00      0.00      0.00      0.00      0.00      0.00      0.00      0.00      0.00      0.00      0.00
05:01:36         0.00      0.00      0.00      0.00      0.00      0.00      0.00      0.00      0.00      0.00      0.00      0.00
05:01:46         0.00      0.00      0.00      0.00      0.00      0.00      0.00      0.00      0.00      0.00      0.00      0.00
05:01:56         0.00      0.00      0.00      0.00      0.00      0.00      0.00      0.00      0.00      0.00      0.00      0.00
05:02:06         0.00      0.00      0.00      0.00      0.00      0.00      0.00      0.00      0.00      0.00      0.00      0.00
05:02:16         0.00      0.00      0.00      0.00      0.00      0.00      0.00      0.00      0.00      0.00      0.00      0.00
05:02:26         0.00      0.00      0.00      0.00      0.00      0.00      0.00      0.00      0.00      0.00      0.00      0.00
05:02:36         0.00      0.00      0.00      0.00      0.00      0.00      0.00      0.00      0.00      0.00      0.00      0.00
05:02:46         0.00      0.00      0.00      0.00      0.00      0.00      0.00      0.00      0.00      0.00      0.00      0.00
05:02:56         0.00      0.00      0.00      0.00      0.00      0.00      0.00      0.00      0.00      0.00      0.00      0.00
05:03:06         0.00      0.00      0.00      0.00      0.00      0.00      0.00      0.00      0.00      0.00      0.00      0.00
05:03:16         0.00      0.00      0.00      0.00      0.00      0.00      0.00      0.00      0.00      0.00      0.00      0.00
05:03:26         0.00      0.00      0.00      0.00      0.00      0.00      0.00      0.00      0.00      0.00      0.00      0.00
05:03:36         0.00      0.00      0.00      0.00      0.00      0.00      0.00      0.00      0.00      0.00      0.00      0.00
05:03:46         0.00      0.00      0.00      0.00      0.00      0.00      0.00      0.00      0.00      0.00      0.00      0.00
05:03:56         0.00      0.00      0.00      0.00      0.00      0.00      0.00      0.00      0.00      0.00      0.00      0.00
05:04:06         0.00      0.00      0.00      0.00      0.00      0.00      0.00      0.00      0.00      0.00      0.00      0.00
05:04:16         0.00      0.00      0.00      0.00      0.00      0.00      0.00      0.00      0.00      0.00      0.00      0.00
05:04:26         0.00      0.00      0.00      0.00      0.00      0.00      0.00      0.00      0.00      0.00      0.00      0.00
05:04:36         0.00      0.00      0.00      0.00      0.00      0.00      0.00      0.00      0.00      0.00      0.00      0.00
05:04:46         0.00      0.00      0.00      0.00      0.00      0.00      0.00      0.00      0.00      0.00      0.00      0.00
05:04:56         0.00      0.00      0.00      0.00      0.00      0.00      0.00      0.00      0.00      0.00      0.00      0.00
05:05:06         0.00      0.00      0.00      0.00      0.00      0.00      0.00      0.00      0.00      0.00      0.00      0.00
05:05:16         0.00      0.00      0.00      0.00      0.00      0.00      0.00      0.00      0.00      0.00      0.00      0.00
05:05:26         0.00      0.00      0.00      0.00      0.00      0.00      0.00      0.00      0.00      0.00      0.00      0.00
05:05:36         0.00      0.00      0.00      0.00      0.00      0.00      0.00      0.00      0.00      0.00      0.00      0.00
05:05:46         0.00      0.00      0.00      0.00      0.00      0.00      0.00      0.00      0.00      0.00      0.00      0.00
05:05:56         0.00      0.00      0.00      0.00      0.00      0.00      0.00      0.00      0.00      0.00      0.00      0.00
05:06:06         0.00      0.00      0.00      0.00      0.00      0.00      0.00      0.00      0.00      0.00      0.00      0.00
05:06:16         0.00      0.00      0.00      0.00      0.00      0.00      0.00      0.10      0.00      0.00      0.00      0.00
05:06:26         0.00      0.00      0.00      0.00      0.00      0.00      0.00      0.00      0.00      0.00      0.00      0.00
05:06:36         0.00      0.00      0.00      0.00      0.00      0.00      0.00      0.10      0.00      0.00      0.00      0.00
05:06:46         0.00      0.00      0.00      0.00      0.00      0.00      0.00      0.00      0.00      0.00      0.00      0.00
05:06:56         0.00      0.00      0.00      0.00      0.00      0.00      0.00      0.00      0.00      0.00      0.00      0.00
05:07:06         0.00      0.00      0.00      0.00      0.00      0.00      0.00      0.00      0.00      0.00      0.00      0.00
05:07:16         0.00      0.00      0.00      0.00      0.00      0.00      0.00      0.00      0.00      0.00      0.00      0.00
05:07:26         0.00      0.00      0.00      0.00      0.00      0.00      0.00      0.00      0.00      0.00      0.00      0.00
05:07:36         0.00      0.00      0.00      0.00      0.00      0.00      0.00      0.00      0.00      0.00      0.00      0.00
05:07:46         0.00      0.00      0.00      0.00      0.00      0.00      0.00      0.00      0.00      0.00      0.00      0.00
05:07:56         0.00      0.00      0.00      0.00      0.00      0.00      0.00      0.00      0.00      0.00      0.00      0.00
05:08:06         0.00      0.00      0.00      0.00      0.00      0.00      0.00      0.00      0.00      0.00      0.00      0.00
05:08:16         0.00      0.00      0.00      0.00      0.00      0.00      0.00      0.00      0.00      0.00      0.00      0.00
05:08:26         0.00      0.00      0.00      0.00      0.00      0.00      0.00      0.00      0.00      0.00      0.00      0.00
05:08:36         0.00      0.00      0.00      0.00      0.00      0.00      0.00      0.00      0.00      0.00      0.00      0.00
05:08:46         0.00      0.00      0.00      0.00      0.00      0.00      0.00      0.00      0.00      0.00      0.00      0.00
05:08:56         0.00      0.00      0.00      0.00      0.00      0.00      0.00      0.00      0.00      0.00      0.00      0.00
05:09:06         0.00      0.00      0.00      0.00      0.00      0.00      0.00      0.00      0.00      0.00      0.00      0.00
05:09:16         0.00      0.00      0.00      0.00      0.00      0.00      0.00      0.00      0.00      0.00      0.00      0.00
05:09:26         0.00      0.00      0.00      0.00      0.00      0.00      0.00      0.00      0.00      0.00      0.00      0.00
05:09:36         0.00      0.00      0.00      0.00      0.00      0.00      0.00      0.00      0.00      0.00      0.00      0.00
05:09:46         0.00      0.00      0.00      0.00      0.00      0.00      0.00      0.00      0.00      0.00      0.00      0.00
05:09:56         0.00      0.00      0.00      0.00      0.00      0.00      0.00      0.00      0.00      0.00      0.00      0.00
05:10:06         0.00      0.00      0.00      0.00      0.00      0.00      0.00      0.00      0.00      0.00      0.00      0.00
05:10:16         0.00      0.00      0.00      0.00      0.00      0.00      0.00      0.00      0.00      0.00      0.00      0.00
05:10:26         0.00      0.00      0.00      0.00      0.00      0.00      0.00      0.00      0.00      0.00      0.00      0.00
05:10:36         0.00      0.00      0.00      0.00      0.00      0.00      0.00      0.00      0.00      0.00      0.00      0.00
05:10:46         0.00      0.00      0.00      0.00      0.00      0.00      0.00      0.00      0.00      0.00      0.00      0.00
05:10:56         0.00      0.00      0.00      0.00      0.00      0.00      0.00      0.00      0.00      0.00      0.00      0.00
05:11:06         0.00      0.00      0.00      0.00      0.00      0.00      0.00      0.00      0.00      0.00      0.00      0.00
05:11:16         0.00      0.00      0.00      0.00      0.00      0.00      0.00      0.00      0.00      0.00      0.00      0.00
05:11:26         0.00      0.00      0.00      0.00      0.00      0.00      0.00      0.00      0.00      0.00      0.00      0.00
05:11:36         0.00      0.00      0.00      0.00      0.00      0.00      0.00      0.00      0.00      0.00      0.00      0.00
05:11:46         0.00      0.00      0.00      0.00      0.00      0.00      0.00      0.00      0.00      0.00      0.00      0.00
05:11:56         0.00      0.00      0.00      0.00      0.00      0.00      0.00      0.00      0.00      0.00      0.00      0.00
05:12:06         0.00      0.00      0.00      0.00      0.00      0.00      0.00      0.00      0.00      0.00      0.00      0.00
05:12:16         0.00      0.00      0.00      0.00      0.00      0.00      0.00      0.00      0.00      0.00      0.00      0.00
05:12:26         0.00      0.00      0.00      0.00      0.00      0.00      0.00      0.00      0.00      0.00      0.00      0.00
05:12:36         0.00      0.00      0.00      0.00      0.00      0.00      0.00      0.00      0.00      0.00      0.00      0.00
05:12:46         0.00      0.00      0.00      0.00      0.00      0.00      0.00      0.00      0.00      0.00      0.00      0.00
05:12:56         0.00      0.00      0.00      0.00      0.00      0.00      0.00      0.00      0.00      0.00      0.00      0.00
05:13:06         0.00      0.00      0.00      0.00      0.00      0.00      0.00      0.00      0.00      0.00      0.00      0.00
05:13:16         0.00      0.00      0.00      0.00      0.00      0.00      0.00      0.20      0.00      0.00      0.00      0.00
05:13:26         0.00      0.00      0.00      0.00      0.00      0.00      0.00      0.00      0.00      0.00      0.00      0.00
05:13:36         0.00      0.00      0.00      0.00      0.00      0.00      0.00      0.00      0.00      0.00      0.00      0.00
05:13:46         0.00      0.00      0.00      0.00      0.00      0.00      0.00      0.00      0.00      0.00      0.00      0.00
05:13:56         0.00      0.00      0.00      0.00      0.00      0.00      0.00      0.00      0.00      0.00      0.00      0.00
05:14:06         0.00      0.00      0.00      0.00      0.00      0.00      0.00      0.00      0.00      0.00      0.00      0.00
05:14:16         0.00      0.00      0.00      0.00      0.00      0.00      0.00      0.00      0.00      0.00      0.00      0.00
05:14:26         0.00      0.00      0.00      0.00      0.00      0.00      0.00      0.00      0.00      0.00      0.00      0.00
05:14:36         0.00      0.00      0.00      0.00      0.00      0.00      0.00      0.00      0.00      0.00      0.00      0.00
05:14:46         0.00      0.00      0.00      0.00      0.00      0.00      0.00      0.00      0.00      0.00      0.00      0.00
05:14:56         0.00      0.00      0.00      0.00      0.00      0.00      0.00      0.00      0.00      0.00      0.00      0.00
05:15:06         0.00      0.00      0.00      0.00      0.00      0.00      0.00      0.00      0.00      0.00      0.00      0.00
05:15:16         0.00      0.00      0.00      0.00      0.00      0.00      0.00      0.00      0.00      0.00      0.00      0.00
05:15:26         0.00      0.00      0.00      0.00      0.00      0.00      0.00      0.00      0.00      0.00      0.00      0.00
05:15:36         0.00      0.00      0.00      0.00      0.00      0.00      0.00      0.00      0.00      0.00      0.00      0.00
05:15:46         0.00      0.00      0.00      0.00      0.00      0.00      0.00      0.00      0.00      0.00      0.00      0.00
05:15:56         0.00      0.00      0.00      0.00      0.00      0.00      0.00      0.00      0.00      0.00      0.00      0.00
05:16:06         0.00      0.00      0.00      0.00      0.00      0.00      0.00      0.00      0.00      0.00      0.00      0.00
05:16:16         0.00      0.00      0.00      0.00      0.00      0.00      0.00      0.00      0.00      0.00      0.00      0.00
05:16:26         0.00      0.00      0.00      0.00      0.00      0.00      0.00      0.00      0.00      0.00      0.00      0.00
05:16:36         0.00      0.00      0.00      0.00      0.00      0.00      0.00      0.00      0.00      0.00      0.00      0.00
05:16:46         0.00      0.00      0.00      0.00      0.00      0.00      0.00      0.00      0.00      0.00      0.00      0.00
05:16:56         0.00      0.00      0.00      0.00      0.00      0.00      0.00      0.00      0.00      0.00      0.00      0.00
05:17:06         0.00      0.00      0.00      0.00      0.00      0.00      0.00      0.00      0.00      0.00      0.00      0.00
05:17:16         0.00      0.00      0.00      0.00      0.00      0.00      0.00      0.00      0.00      0.00      0.00      0.00
05:17:26         0.00      0.00      0.00      0.00      0.00      0.00      0.00      0.00      0.00      0.00      0.00      0.00
05:17:36         0.00      0.00      0.00      0.00      0.00      0.00      0.00      0.00      0.00      0.00      0.00      0.00
05:17:46         0.00      0.00      0.00      0.00      0.00      0.00      0.00      0.00      0.00      0.00      0.00      0.00
05:17:56         0.00      0.00      0.00      0.00      0.00      0.00      0.00      0.00      0.00      0.00      0.00      0.00
05:18:06         0.00      0.00      0.00      0.00      0.00      0.00      0.00      0.00      0.00      0.00      0.00      0.00
05:18:16         0.00      0.00      0.00      0.00      0.00      0.00      0.00      0.00      0.00      0.00      0.00      0.00
05:18:26         0.00      0.00      0.00      0.00      0.00      0.00      0.00      0.00      0.00      0.00      0.00      0.00
05:18:36         0.00      0.00      0.00      0.00      0.00      0.00      0.00      0.00      0.00      0.00      0.00      0.00
05:18:46         0.00      0.00      0.00      0.00      0.00      0.00      0.00      0.00      0.00      0.00      0.00      0.00
05:18:56         0.00      0.00      0.00      0.00      0.00      0.00      0.00      0.00      0.00      0.00      0.00      0.00
05:19:06         0.00      0.00      0.00      0.00      0.00      0.00      0.00      0.00      0.00      0.00      0.00      0.00
05:19:16         0.00      0.00      0.00      0.00      0.00      0.00      0.00      0.00      0.00      0.00      0.00      0.00
05:19:26         0.00      0.00      0.00      0.00      0.00      0.00      0.00      0.00      0.00      0.00      0.00      0.00
05:19:36         0.00      0.00      0.00      0.00      0.00      0.00      0.00      0.20      0.00      0.00      0.00      0.00
05:19:46         0.00      0.00      0.00      0.00      0.00      0.00      0.00      0.00      0.00      0.00      0.00      0.00
05:19:56         0.00      0.00      0.00      0.00      0.00      0.00      0.00      0.00      0.00      0.00      0.00      0.00
05:20:06         0.00      0.00      0.00      0.00      0.00      0.00      0.00      0.00      0.00      0.00      0.00      0.00
05:20:16         0.00      0.00      0.00      0.00      0.00      0.00      0.00      0.00      0.00      0.00      0.00      0.00
05:20:26         0.00      0.00      0.00      0.00      0.00      0.00      0.00      0.00      0.00      0.00      0.00      0.00
05:20:36         0.00      0.00      0.00      0.00      0.00      0.00      0.00      0.00      0.00      0.00      0.00      0.00
05:20:46         0.00      0.00      0.00      0.00      0.00      0.00      0.00      0.00      0.00      0.00      0.00      0.00
05:20:56         0.00      0.00      0.00      0.00      0.00      0.00      0.00      0.00      0.00      0.00      0.00      0.00
05:21:06         0.00      0.00      0.00      0.00      0.00      0.00      0.00      0.00      0.00      0.00      0.00      0.00
05:21:16         0.00      0.00      0.00      0.00      0.00      0.00      0.00      0.00      0.00      0.00      0.00      0.00
05:21:26         0.00      0.00      0.00      0.00      0.00      0.00      0.00      0.00      0.00      0.00      0.00      0.00
05:21:36         0.00      0.00      0.00      0.00      0.00      0.00      0.00      0.00      0.00      0.00      0.00      0.00
05:21:46         0.00      0.00      0.00      0.00      0.00      0.00      0.00      0.00      0.00      0.00      0.00      0.00
05:21:56         0.00      0.00      0.00      0.00      0.00      0.00      0.00      0.00      0.00      0.00      0.00      0.00
05:22:06         0.00      0.00      0.00      0.00      0.00      0.00      0.00      0.00      0.00      0.00      0.00      0.00
05:22:16         0.00      0.00      0.00      0.00      0.00      0.00      0.00      0.00      0.00      0.00      0.00      0.00
05:22:26         0.00      0.00      0.00      0.00      0.00      0.00      0.00      0.00      0.00      0.00      0.00      0.00
05:22:36         0.00      0.00      0.00      0.00      0.00      0.00      0.00      0.00      0.00      0.00      0.00      0.00
05:22:46         0.00      0.00      0.00      0.00      0.00      0.00      0.00      0.00      0.00      0.00      0.00      0.00
05:22:56         0.00      0.00      0.00      0.00      0.00      0.00      0.00      0.00      0.00      0.00      0.00      0.00
05:23:06         0.00      0.00      0.00      0.00      0.00      0.00      0.00      0.00      0.00      0.00      0.00      0.00
05:23:16         0.00      0.00      0.00      0.00      0.00      0.00      0.00      0.00      0.00      0.00      0.00      0.00
05:23:26         0.00      0.00      0.00      0.00      0.00      0.00      0.00      0.00      0.00      0.00      0.00      0.00
05:23:36         0.00      0.00      0.00      0.00      0.00      0.00      0.00      0.00      0.00      0.00      0.00      0.00
05:23:46         0.00      0.00      0.00      0.00      0.00      0.00      0.00      0.00      0.00      0.00      0.00      0.00
05:23:56         0.00      0.00      0.00      0.00      0.00      0.00      0.00      0.00      0.00      0.00      0.00      0.00
05:24:06         0.00      0.00      0.00      0.00      0.00      0.00      0.00      0.00      0.00      0.00      0.00      0.00
05:24:16         0.00      0.00      0.00      0.00      0.00      0.00      0.00      0.00      0.00      0.00      0.00      0.00
05:24:26         0.00      0.00      0.00      0.00      0.00      0.00      0.00      0.00      0.00      0.00      0.00      0.00
05:24:36         0.00      0.00      0.00      0.00      0.00      0.00      0.00      0.00      0.00      0.00      0.00      0.00
05:24:46         0.00      0.00      0.00      0.00      0.00      0.00      0.00      0.00      0.00      0.00      0.00      0.00
05:24:56         0.00      0.00      0.00      0.00      0.00      0.00      0.00      0.00      0.00      0.00      0.00      0.00
05:25:06         0.00      0.00      0.00      0.00      0.00      0.00      0.00      0.00      0.00      0.00      0.00      0.00
05:25:16         0.00      0.00      0.00      0.00      0.00      0.00      0.00      0.00      0.00      0.00      0.00      0.00
05:25:26         0.00      0.00      0.00      0.00      0.00      0.00      0.00      0.00      0.00      0.00      0.00      0.00
05:25:36         0.00      0.00      0.00      0.00      0.00      0.00      0.00      0.00      0.00      0.00      0.00      0.00
05:25:46         0.00      0.00      0.00      0.00      0.00      0.00      0.00      0.00      0.00      0.00      0.00      0.00
05:25:56         0.00      0.00      0.00      0.00      0.00      0.00      0.00      0.00      0.00      0.00      0.00      0.00
05:26:06         0.00      0.00      0.00      0.00      0.00      0.00      0.00      0.00      0.00      0.00      0.00      0.00
05:26:16         0.00      0.00      0.00      0.00      0.00      0.00      0.00      0.10      0.00      0.00      0.00      0.00
05:26:26         0.00      0.00      0.00      0.00      0.00      0.00      0.00      0.00      0.00      0.00      0.00      0.00
05:26:36         0.00      0.00      0.00      0.00      0.00      0.00      0.00      0.10      0.00      0.00      0.00      0.00
05:26:46         0.00      0.00      0.00      0.00      0.00      0.00      0.00      0.00      0.00      0.00      0.00      0.00
05:26:56         0.00      0.00      0.00      0.00      0.00      0.00      0.00      0.00      0.00      0.00      0.00      0.00
05:27:06         0.00      0.00      0.00      0.00      0.00      0.00      0.00      0.00      0.00      0.00      0.00      0.00
05:27:16         0.00      0.00      0.00      0.00      0.00      0.00      0.00      0.00      0.00      0.00      0.00      0.00
05:27:26         0.00      0.00      0.00      0.00      0.00      0.00      0.00      0.00      0.00      0.00      0.00      0.00
05:27:36         0.00      0.00      0.00      0.00      0.00      0.00      0.00      0.00      0.00      0.00      0.00      0.00
05:27:46         0.00      0.00      0.00      0.00      0.00      0.00      0.00      0.00      0.00      0.00      0.00      0.00
05:27:56         0.00      0.00      0.00      0.00      0.00      0.00      0.00      0.00      0.00      0.00      0.00      0.00
05:28:06         0.00      0.00      0.00      0.00      0.00      0.00      0.00      0.00      0.00      0.00      0.00      0.00
Average:         0.00      0.00      0.00      0.00      0.00      0.00      0.00      0.00      0.00      0.00      0.00      0.00

04:48:06     active/s passive/s    iseg/s    oseg/s
04:48:16         0.00      0.00      0.00      0.00
04:48:26         0.00      0.00      0.70      1.20
04:48:36         0.00      0.00      0.60      1.10
04:48:46         0.00      0.00      0.70      1.20
04:48:56         0.00      0.00      0.70      1.20
04:49:06         0.00      0.00      0.70      1.20
04:49:16         0.00      0.00      0.60      1.10
04:49:26         0.00      0.00      0.70      1.20
04:49:36         0.00      0.00      0.70      1.20
04:49:46         0.00      0.00      0.70      1.20
04:49:56         0.00      0.00      0.60      1.10
04:50:06         0.00      0.00      0.70      1.20
04:50:16         0.00      0.00      0.70      1.20
04:50:26         0.00      0.00      0.70      1.20
04:50:36         0.00      0.00      0.60      1.10
04:50:46         0.00      0.00      0.70      1.20
04:50:56         0.00      0.00      0.80      1.30
04:51:06         0.00      0.00      0.70      1.20
04:51:16         0.00      0.00      0.70      1.30
04:51:26         0.00      0.00      0.70      1.20
04:51:36         0.00      0.00      0.70      1.20
04:51:46         0.00      0.00      0.70      1.20
04:51:56         0.00      0.00      0.60      1.20
04:52:06         0.00      0.00      0.70      1.20
04:52:16         0.00      0.00      0.70      1.20
04:52:26         0.00      0.00      0.70      1.20
04:52:36         0.00      0.00      0.60      1.10
04:52:46         0.00      0.00      0.70      1.20
04:52:56         0.00      0.00      0.70      1.20
04:53:06         0.00      0.00      0.70      1.20
04:53:16         0.00      0.00      0.60      1.10
04:53:26         0.00      0.00      0.70      1.20
04:53:36         0.00      0.00      0.70      1.20
04:53:46         0.00      0.00      0.70      1.20
04:53:56         0.40      0.00      3.40      3.90
04:54:06         0.00      0.00     33.70     26.30
04:54:16         0.00      0.00      0.80      1.30
04:54:26         0.00      0.00      0.70      1.20
04:54:36         0.00      0.00      0.60      1.10
04:54:46         0.00      0.00      0.80      1.30
04:54:56         0.00      0.00      0.70      1.20
04:55:06         0.00      0.00      0.70      1.20
04:55:16         0.00      0.00      0.60      1.10
04:55:26         0.00      0.00      0.70      1.20
04:55:36         0.00      0.00      0.70      1.20
04:55:46         0.00      0.00      0.70      1.20
04:55:56         0.00      0.00      0.60      1.20
04:56:06         0.00      0.00      0.80      1.30
04:56:16         0.00      0.00      0.70      1.20
04:56:26         0.00      0.00      0.70      1.20
04:56:36         0.00      0.00      0.60      1.10
04:56:46         0.00      0.00      0.70      1.20
04:56:56         0.00      0.00      0.70      1.20
04:57:06         0.00      0.00      0.70      1.20
04:57:16         0.00      0.00      0.60      1.10
04:57:26         0.00      0.00      0.70      1.20
04:57:36         0.00      0.00      0.70      1.20
04:57:46         0.00      0.00      0.70      1.20
04:57:56         0.00      0.00      0.60      1.10
04:58:06         0.00      0.00      0.80      1.30
04:58:16         0.00      0.00      0.70      1.20
04:58:26         0.00      0.00      0.70      1.20
04:58:36         0.00      0.00      0.60      1.10
04:58:46         0.00      0.00      0.70      1.20
04:58:56         0.00      0.00      0.70      1.20
04:59:06         0.00      0.00      0.70      1.20
04:59:16         0.00      0.00      0.60      1.10
04:59:26         0.00      0.00      0.70      1.20
04:59:36         0.00      0.00      0.70      1.20
04:59:46         0.00      0.00      0.70      1.20
04:59:56         0.00      0.00      0.60      1.10
05:00:06         0.00      0.00      0.70      1.20
05:00:16         0.00      0.00      0.70      1.20
05:00:26         0.00      0.00      0.70      1.20
05:00:36         0.00      0.00      0.60      1.10
05:00:46         0.00      0.00      0.70      1.20
05:00:56         0.00      0.00      0.70      1.20
05:01:06         0.00      0.00      0.70      1.20
05:01:16         0.00      0.00      0.60      1.10
05:01:26         0.00      0.00      0.70      1.20
05:01:36         0.00      0.00      0.70      1.20
05:01:46         0.00      0.00      0.70      1.20
05:01:56         0.00      0.00      0.60      1.10
05:02:06         0.00      0.00      0.70      1.20
05:02:16         0.00      0.00      0.70      1.20
05:02:26         0.00      0.00      0.70      1.20
05:02:36         0.00      0.00      0.60      1.10
05:02:46         0.00      0.00      0.70      1.20
05:02:56         0.00      0.00      0.70      1.20
05:03:06         0.00      0.00      0.70      1.20
05:03:16         0.00      0.00      0.60      1.10
05:03:26         0.00      0.00      0.70      1.20
05:03:36         0.00      0.00      0.70      1.20
05:03:46         0.00      0.00      0.70      1.20
05:03:56         0.00      0.00      0.60      1.10
05:04:06         0.00      0.00      0.70      1.20
05:04:16         0.00      0.00      0.70      1.20
05:04:26         0.00      0.00      0.70      1.20
05:04:36         0.00      0.00      0.60      1.10
05:04:46         0.00      0.00      0.70      1.20
05:04:56         0.00      0.00      0.70      1.20
05:05:06         0.00      0.00      0.70      1.20
05:05:16         0.00      0.00      0.60      1.10
05:05:26         0.00      0.00      0.80      1.30
05:05:36         0.00      0.00      0.70      1.20
05:05:46         0.00      0.00      0.70      1.20
05:05:56         0.00      0.00      0.60      1.10
05:06:06         0.00      0.00      0.70      1.20
05:06:16         0.00      0.00      0.70      1.20
05:06:26         0.00      0.00      0.70      1.20
05:06:36         0.00      0.00      0.60      1.10
05:06:46         0.00      0.00      0.60      1.20
05:06:56         0.00      0.00      0.70      1.20
05:07:06         0.00      0.00      0.70      1.20
05:07:16         0.00      0.00      0.60      1.10
05:07:26         0.00      0.00      0.70      1.20
05:07:36         0.00      0.00      0.70      1.20
05:07:46         0.00      0.00      0.70      1.20
05:07:56         0.00      0.00      0.60      1.10
05:08:06         0.00      0.00      0.70      1.20
05:08:16         0.00      0.00      0.70      1.20
05:08:26         0.00      0.00      0.70      1.20
05:08:36         0.00      0.00      0.60      1.10
05:08:46         0.00      0.00      0.70      1.20
05:08:56         0.00      0.00      0.70      1.20
05:09:06         0.00      0.00      0.70      1.20
05:09:16         0.00      0.00      0.60      1.10
05:09:26         0.00      0.00      0.70      1.20
05:09:36         0.00      0.00      0.70      1.20
05:09:46         0.00      0.00      0.70      1.20
05:09:56         0.00      0.00      0.60      1.10
05:10:06         0.00      0.00      0.70      1.20
05:10:16         0.00      0.00      0.70      1.20
05:10:26         0.00      0.00      0.70      1.20
05:10:36         0.00      0.00      0.60      1.10
05:10:46         0.00      0.00      0.70      1.20
05:10:56         0.00      0.00      0.70      1.20
05:11:06         0.00      0.00      0.70      1.20
05:11:16         0.00      0.00      0.60      1.20
05:11:26         0.00      0.00      0.70      1.20
05:11:36         0.00      0.00      0.70      1.20
05:11:46         0.00      0.00      0.70      1.20
05:11:56         0.00      0.00      0.60      1.10
05:12:06         0.00      0.00      0.70      1.20
05:12:16         0.00      0.00      0.70      1.20
05:12:26         0.00      0.00      0.70      1.20
05:12:36         0.00      0.00      0.60      1.10
05:12:46         0.00      0.00      0.70      1.20
05:12:56         0.00      0.00      0.70      1.20
05:13:06         0.00      0.00      0.70      1.20
05:13:16         0.00      0.00      0.60      1.10
05:13:26         0.00      0.00      0.70      1.20
05:13:36         0.00      0.00      0.70      1.20
05:13:46         0.00      0.00      0.70      1.20
05:13:56         0.00      0.00      0.60      1.10
05:14:06         0.00      0.00      0.70      1.20
05:14:16         0.00      0.00      0.70      1.20
05:14:26         0.00      0.00      0.70      1.20
05:14:36         0.00      0.00      0.60      1.10
05:14:46         0.00      0.00      0.70      1.20
05:14:56         0.00      0.00      0.70      1.20
05:15:06         0.00      0.00      0.70      1.20
05:15:16         0.00      0.00      0.60      1.20
05:15:26         0.00      0.00      0.70      1.20
05:15:36         0.00      0.00      0.70      1.20
05:15:46         0.00      0.00      0.70      1.20
05:15:56         0.00      0.00      0.60      1.10
05:16:06         0.00      0.00      0.70      1.20
05:16:16         0.00      0.00      0.70      1.20
05:16:26         0.00      0.00      0.80      1.40
05:16:36         0.00      0.00      0.60      1.10
05:16:46         0.00      0.00      0.70      1.20
05:16:56         0.00      0.00      0.70      1.20
05:17:06         0.00      0.00      0.70      1.20
05:17:16         0.00      0.00      0.60      1.10
05:17:26         0.00      0.00      0.70      1.20
05:17:36         0.00      0.00      0.70      1.20
05:17:46         0.00      0.00      0.70      1.20
05:17:56         0.00      0.00      0.60      1.10
05:18:06         0.00      0.00      0.70      1.20
05:18:16         0.00      0.00      0.70      1.20
05:18:26         0.00      0.00      0.70      1.20
05:18:36         0.00      0.00      0.60      1.10
05:18:46         0.00      0.00      0.70      1.20
05:18:56         0.00      0.00      0.70      1.20
05:19:06         0.00      0.00      0.70      1.20
05:19:16         0.00      0.00      0.60      1.10
05:19:26         0.00      0.00      0.70      1.20
05:19:36         0.00      0.00      0.70      1.20
05:19:46         0.00      0.00      0.70      1.20
05:19:56         0.00      0.00      0.60      1.10
05:20:06         0.00      0.00      0.70      1.20
05:20:16         0.00      0.00      0.70      1.20
05:20:26         0.00      0.00      0.70      1.20
05:20:36         0.00      0.00      0.60      1.10
05:20:46         0.00      0.00      0.70      1.20
05:20:56         0.00      0.00      0.70      1.20
05:21:06         0.00      0.00      0.70      1.20
05:21:16         0.00      0.00      0.60      1.10
05:21:26         0.00      0.00      0.70      1.20
05:21:36         0.00      0.00      0.70      1.20
05:21:46         0.00      0.00      0.70      1.20
05:21:56         0.00      0.00      0.60      1.10
05:22:06         0.00      0.00      0.70      1.20
05:22:16         0.00      0.00      0.70      1.20
05:22:26         0.00      0.00      0.70      1.20
05:22:36         0.00      0.00      0.60      1.10
05:22:46         0.00      0.00      0.70      1.20
05:22:56         0.00      0.00      0.70      1.20
05:23:06         0.00      0.00      0.70      1.20
05:23:16         0.00      0.00      0.60      1.10
05:23:26         0.00      0.00      0.70      1.20
05:23:36         0.00      0.00      0.70      1.20
05:23:46         0.00      0.00      0.70      1.20
05:23:56         0.00      0.00      0.60      1.10
05:24:06         0.00      0.00      0.70      1.20
05:24:16         0.00      0.00      0.70      1.20
05:24:26         0.00      0.00      0.70      1.20
05:24:36         0.00      0.00      0.60      1.10
05:24:46         0.00      0.00      0.70      1.20
05:24:56         0.00      0.00      0.70      1.20
05:25:06         0.00      0.00      0.70      1.20
05:25:16         0.00      0.00      0.60      1.10
05:25:26         0.00      0.00      0.70      1.20
05:25:36         0.00      0.00      0.70      1.20
05:25:46         0.00      0.00      0.70      1.20
05:25:56         0.00      0.00      0.60      1.10
05:26:06         0.00      0.00      0.70      1.20
05:26:16         0.00      0.00      0.70      1.20
05:26:26         0.00      0.00      0.70      1.20
05:26:36         0.00      0.00      0.60      1.20
05:26:46         0.00      0.00      0.70      1.20
05:26:56         0.00      0.00      0.70      1.20
05:27:06         0.00      0.00      0.70      1.20
05:27:16         0.00      0.00      0.60      1.10
05:27:26         0.00      0.00      0.70      1.20
05:27:36         0.00      0.00      0.70      1.20
05:27:46         0.00      0.00      0.80      1.30
05:27:56         0.00      0.00      0.60      1.10
05:28:06         0.00      0.00      0.70      1.20
Average:         0.00      0.00      0.82      1.29

04:48:06     atmptf/s  estres/s retrans/s isegerr/s   orsts/s
04:48:16         0.00      0.00      0.00      0.00      0.00
04:48:26         0.00      0.00      0.00      0.00      0.00
04:48:36         0.00      0.00      0.00      0.00      0.00
04:48:46         0.00      0.00      0.00      0.00      0.00
04:48:56         0.00      0.00      0.00      0.00      0.00
04:49:06         0.00      0.00      0.00      0.00      0.00
04:49:16         0.00      0.00      0.00      0.00      0.00
04:49:26         0.00      0.00      0.00      0.00      0.00
04:49:36         0.00      0.00      0.00      0.00      0.00
04:49:46         0.00      0.00      0.00      0.00      0.00
04:49:56         0.00      0.00      0.00      0.00      0.00
04:50:06         0.00      0.00      0.00      0.00      0.00
04:50:16         0.00      0.00      0.00      0.00      0.00
04:50:26         0.00      0.00      0.00      0.00      0.00
04:50:36         0.00      0.00      0.00      0.00      0.00
04:50:46         0.00      0.00      0.00      0.00      0.00
04:50:56         0.00      0.00      0.00      0.00      0.00
04:51:06         0.00      0.00      0.00      0.00      0.00
04:51:16         0.00      0.00      0.00      0.00      0.00
04:51:26         0.00      0.00      0.00      0.00      0.00
04:51:36         0.00      0.00      0.00      0.00      0.00
04:51:46         0.00      0.00      0.00      0.00      0.00
04:51:56         0.00      0.00      0.00      0.00      0.00
04:52:06         0.00      0.00      0.00      0.00      0.00
04:52:16         0.00      0.00      0.00      0.00      0.00
04:52:26         0.00      0.00      0.00      0.00      0.00
04:52:36         0.00      0.00      0.00      0.00      0.00
04:52:46         0.00      0.00      0.00      0.00      0.00
04:52:56         0.00      0.00      0.00      0.00      0.00
04:53:06         0.00      0.00      0.00      0.00      0.00
04:53:16         0.00      0.00      0.00      0.00      0.00
04:53:26         0.00      0.00      0.00      0.00      0.00
04:53:36         0.00      0.00      0.00      0.00      0.00
04:53:46         0.00      0.00      0.00      0.00      0.00
04:53:56         0.20      0.00      0.00      0.00      0.50
04:54:06         0.00      0.00      0.00      0.00      0.20
04:54:16         0.00      0.00      0.00      0.00      0.00
04:54:26         0.00      0.00      0.00      0.00      0.00
04:54:36         0.00      0.00      0.00      0.00      0.00
04:54:46         0.00      0.00      0.00      0.00      0.00
04:54:56         0.00      0.00      0.00      0.00      0.00
04:55:06         0.00      0.00      0.00      0.00      0.00
04:55:16         0.00      0.00      0.00      0.00      0.00
04:55:26         0.00      0.00      0.00      0.00      0.00
04:55:36         0.00      0.00      0.00      0.00      0.00
04:55:46         0.00      0.00      0.00      0.00      0.00
04:55:56         0.00      0.00      0.00      0.00      0.00
04:56:06         0.00      0.00      0.00      0.00      0.00
04:56:16         0.00      0.00      0.00      0.00      0.00
04:56:26         0.00      0.00      0.00      0.00      0.00
04:56:36         0.00      0.00      0.00      0.00      0.00
04:56:46         0.00      0.00      0.00      0.00      0.00
04:56:56         0.00      0.00      0.00      0.00      0.00
04:57:06         0.00      0.00      0.00      0.00      0.00
04:57:16         0.00      0.00      0.00      0.00      0.00
04:57:26         0.00      0.00      0.00      0.00      0.00
04:57:36         0.00      0.00      0.00      0.00      0.00
04:57:46         0.00      0.00      0.00      0.00      0.00
04:57:56         0.00      0.00      0.00      0.00      0.00
04:58:06         0.00      0.00      0.00      0.00      0.00
04:58:16         0.00      0.00      0.00      0.00      0.00
04:58:26         0.00      0.00      0.00      0.00      0.00
04:58:36         0.00      0.00      0.00      0.00      0.00
04:58:46         0.00      0.00      0.00      0.00      0.00
04:58:56         0.00      0.00      0.00      0.00      0.00
04:59:06         0.00      0.00      0.00      0.00      0.00
04:59:16         0.00      0.00      0.00      0.00      0.00
04:59:26         0.00      0.00      0.00      0.00      0.00
04:59:36         0.00      0.00      0.00      0.00      0.00
04:59:46         0.00      0.00      0.00      0.00      0.00
04:59:56         0.00      0.00      0.00      0.00      0.00
05:00:06         0.00      0.00      0.00      0.00      0.00
05:00:16         0.00      0.00      0.00      0.00      0.00
05:00:26         0.00      0.00      0.00      0.00      0.00
05:00:36         0.00      0.00      0.00      0.00      0.00
05:00:46         0.00      0.00      0.00      0.00      0.00
05:00:56         0.00      0.00      0.00      0.00      0.00
05:01:06         0.00      0.00      0.00      0.00      0.00
05:01:16         0.00      0.00      0.00      0.00      0.00
05:01:26         0.00      0.00      0.00      0.00      0.00
05:01:36         0.00      0.00      0.00      0.00      0.00
05:01:46         0.00      0.00      0.00      0.00      0.00
05:01:56         0.00      0.00      0.00      0.00      0.00
05:02:06         0.00      0.00      0.00      0.00      0.00
05:02:16         0.00      0.00      0.00      0.00      0.00
05:02:26         0.00      0.00      0.00      0.00      0.00
05:02:36         0.00      0.00      0.00      0.00      0.00
05:02:46         0.00      0.00      0.00      0.00      0.00
05:02:56         0.00      0.00      0.00      0.00      0.00
05:03:06         0.00      0.00      0.00      0.00      0.00
05:03:16         0.00      0.00      0.00      0.00      0.00
05:03:26         0.00      0.00      0.00      0.00      0.00
05:03:36         0.00      0.00      0.00      0.00      0.00
05:03:46         0.00      0.00      0.00      0.00      0.00
05:03:56         0.00      0.00      0.00      0.00      0.00
05:04:06         0.00      0.00      0.00      0.00      0.00
05:04:16         0.00      0.00      0.00      0.00      0.00
05:04:26         0.00      0.00      0.00      0.00      0.00
05:04:36         0.00      0.00      0.00      0.00      0.00
05:04:46         0.00      0.00      0.00      0.00      0.00
05:04:56         0.00      0.00      0.00      0.00      0.00
05:05:06         0.00      0.00      0.00      0.00      0.00
05:05:16         0.00      0.00      0.00      0.00      0.00
05:05:26         0.00      0.00      0.00      0.00      0.00
05:05:36         0.00      0.00      0.00      0.00      0.00
05:05:46         0.00      0.00      0.00      0.00      0.00
05:05:56         0.00      0.00      0.00      0.00      0.00
05:06:06         0.00      0.00      0.00      0.00      0.00
05:06:16         0.00      0.00      0.00      0.00      0.00
05:06:26         0.00      0.00      0.00      0.00      0.00
05:06:36         0.00      0.00      0.00      0.00      0.00
05:06:46         0.00      0.00      0.00      0.00      0.00
05:06:56         0.00      0.00      0.00      0.00      0.00
05:07:06         0.00      0.00      0.00      0.00      0.00
05:07:16         0.00      0.00      0.00      0.00      0.00
05:07:26         0.00      0.00      0.00      0.00      0.00
05:07:36         0.00      0.00      0.00      0.00      0.00
05:07:46         0.00      0.00      0.00      0.00      0.00
05:07:56         0.00      0.00      0.00      0.00      0.00
05:08:06         0.00      0.00      0.00      0.00      0.00
05:08:16         0.00      0.00      0.00      0.00      0.00
05:08:26         0.00      0.00      0.00      0.00      0.00
05:08:36         0.00      0.00      0.00      0.00      0.00
05:08:46         0.00      0.00      0.00      0.00      0.00
05:08:56         0.00      0.00      0.00      0.00      0.00
05:09:06         0.00      0.00      0.00      0.00      0.00
05:09:16         0.00      0.00      0.00      0.00      0.00
05:09:26         0.00      0.00      0.00      0.00      0.00
05:09:36         0.00      0.00      0.00      0.00      0.00
05:09:46         0.00      0.00      0.00      0.00      0.00
05:09:56         0.00      0.00      0.00      0.00      0.00
05:10:06         0.00      0.00      0.00      0.00      0.00
05:10:16         0.00      0.00      0.00      0.00      0.00
05:10:26         0.00      0.00      0.00      0.00      0.00
05:10:36         0.00      0.00      0.00      0.00      0.00
05:10:46         0.00      0.00      0.00      0.00      0.00
05:10:56         0.00      0.00      0.00      0.00      0.00
05:11:06         0.00      0.00      0.00      0.00      0.00
05:11:16         0.00      0.00      0.00      0.00      0.00
05:11:26         0.00      0.00      0.00      0.00      0.00
05:11:36         0.00      0.00      0.00      0.00      0.00
05:11:46         0.00      0.00      0.00      0.00      0.00
05:11:56         0.00      0.00      0.00      0.00      0.00
05:12:06         0.00      0.00      0.00      0.00      0.00
05:12:16         0.00      0.00      0.00      0.00      0.00
05:12:26         0.00      0.00      0.00      0.00      0.00
05:12:36         0.00      0.00      0.00      0.00      0.00
05:12:46         0.00      0.00      0.00      0.00      0.00
05:12:56         0.00      0.00      0.00      0.00      0.00
05:13:06         0.00      0.00      0.00      0.00      0.00
05:13:16         0.00      0.00      0.00      0.00      0.00
05:13:26         0.00      0.00      0.00      0.00      0.00
05:13:36         0.00      0.00      0.00      0.00      0.00
05:13:46         0.00      0.00      0.00      0.00      0.00
05:13:56         0.00      0.00      0.00      0.00      0.00
05:14:06         0.00      0.00      0.00      0.00      0.00
05:14:16         0.00      0.00      0.00      0.00      0.00
05:14:26         0.00      0.00      0.00      0.00      0.00
05:14:36         0.00      0.00      0.00      0.00      0.00
05:14:46         0.00      0.00      0.00      0.00      0.00
05:14:56         0.00      0.00      0.00      0.00      0.00
05:15:06         0.00      0.00      0.00      0.00      0.00
05:15:16         0.00      0.00      0.00      0.00      0.00
05:15:26         0.00      0.00      0.00      0.00      0.00
05:15:36         0.00      0.00      0.00      0.00      0.00
05:15:46         0.00      0.00      0.00      0.00      0.00
05:15:56         0.00      0.00      0.00      0.00      0.00
05:16:06         0.00      0.00      0.00      0.00      0.00
05:16:16         0.00      0.00      0.00      0.00      0.00
05:16:26         0.00      0.00      0.00      0.00      0.00
05:16:36         0.00      0.00      0.00      0.00      0.00
05:16:46         0.00      0.00      0.00      0.00      0.00
05:16:56         0.00      0.00      0.00      0.00      0.00
05:17:06         0.00      0.00      0.00      0.00      0.00
05:17:16         0.00      0.00      0.00      0.00      0.00
05:17:26         0.00      0.00      0.00      0.00      0.00
05:17:36         0.00      0.00      0.00      0.00      0.00
05:17:46         0.00      0.00      0.00      0.00      0.00
05:17:56         0.00      0.00      0.00      0.00      0.00
05:18:06         0.00      0.00      0.00      0.00      0.00
05:18:16         0.00      0.00      0.00      0.00      0.00
05:18:26         0.00      0.00      0.00      0.00      0.00
05:18:36         0.00      0.00      0.00      0.00      0.00
05:18:46         0.00      0.00      0.00      0.00      0.00
05:18:56         0.00      0.00      0.00      0.00      0.00
05:19:06         0.00      0.00      0.00      0.00      0.00
05:19:16         0.00      0.00      0.00      0.00      0.00
05:19:26         0.00      0.00      0.00      0.00      0.00
05:19:36         0.00      0.00      0.00      0.00      0.00
05:19:46         0.00      0.00      0.00      0.00      0.00
05:19:56         0.00      0.00      0.00      0.00      0.00
05:20:06         0.00      0.00      0.00      0.00      0.00
05:20:16         0.00      0.00      0.00      0.00      0.00
05:20:26         0.00      0.00      0.00      0.00      0.00
05:20:36         0.00      0.00      0.00      0.00      0.00
05:20:46         0.00      0.00      0.00      0.00      0.00
05:20:56         0.00      0.00      0.00      0.00      0.00
05:21:06         0.00      0.00      0.00      0.00      0.00
05:21:16         0.00      0.00      0.00      0.00      0.00
05:21:26         0.00      0.00      0.00      0.00      0.00
05:21:36         0.00      0.00      0.00      0.00      0.00
05:21:46         0.00      0.00      0.00      0.00      0.00
05:21:56         0.00      0.00      0.00      0.00      0.00
05:22:06         0.00      0.00      0.00      0.00      0.00
05:22:16         0.00      0.00      0.00      0.00      0.00
05:22:26         0.00      0.00      0.00      0.00      0.00
05:22:36         0.00      0.00      0.00      0.00      0.00
05:22:46         0.00      0.00      0.00      0.00      0.00
05:22:56         0.00      0.00      0.00      0.00      0.00
05:23:06         0.00      0.00      0.00      0.00      0.00
05:23:16         0.00      0.00      0.00      0.00      0.00
05:23:26         0.00      0.00      0.00      0.00      0.00
05:23:36         0.00      0.00      0.00      0.00      0.00
05:23:46         0.00      0.00      0.00      0.00      0.00
05:23:56         0.00      0.00      0.00      0.00      0.00
05:24:06         0.00      0.00      0.00      0.00      0.00
05:24:16         0.00      0.00      0.00      0.00      0.00
05:24:26         0.00      0.00      0.00      0.00      0.00
05:24:36         0.00      0.00      0.00      0.00      0.00
05:24:46         0.00      0.00      0.00      0.00      0.00
05:24:56         0.00      0.00      0.00      0.00      0.00
05:25:06         0.00      0.00      0.00      0.00      0.00
05:25:16         0.00      0.00      0.00      0.00      0.00
05:25:26         0.00      0.00      0.00      0.00      0.00
05:25:36         0.00      0.00      0.00      0.00      0.00
05:25:46         0.00      0.00      0.00      0.00      0.00
05:25:56         0.00      0.00      0.00      0.00      0.00
05:26:06         0.00      0.00      0.00      0.00      0.00
05:26:16         0.00      0.00      0.00      0.00      0.00
05:26:26         0.00      0.00      0.00      0.00      0.00
05:26:36         0.00      0.00      0.00      0.00      0.00
05:26:46         0.00      0.00      0.00      0.00      0.00
05:26:56         0.00      0.00      0.00      0.00      0.00
05:27:06         0.00      0.00      0.00      0.00      0.00
05:27:16         0.00      0.00      0.00      0.00      0.00
05:27:26         0.00      0.00      0.00      0.00      0.00
05:27:36         0.00      0.00      0.00      0.00      0.00
05:27:46         0.00      0.00      0.00      0.00      0.00
05:27:56         0.00      0.00      0.00      0.00      0.00
05:28:06         0.00      0.00      0.00      0.00      0.00
Average:         0.00      0.00      0.00      0.00      0.00

04:48:06       idgm/s    odgm/s  noport/s idgmerr/s
04:48:16         0.00      0.00      0.00      0.00
04:48:26         0.00      0.00      0.00      0.00
04:48:36         0.00      0.00      0.00      0.00
04:48:46         0.00      0.00      0.00      0.00
04:48:56         0.00      0.00      0.00      0.00
04:49:06         0.00      0.00      0.00      0.00
04:49:16         0.00      0.00      0.00      0.00
04:49:26         0.00      0.00      0.00      0.00
04:49:36         0.00      0.00      0.00      0.00
04:49:46         0.00      0.00      0.00      0.00
04:49:56         0.00      0.00      0.00      0.00
04:50:06         0.00      0.00      0.00      0.00
04:50:16         0.00      0.00      0.00      0.00
04:50:26         0.00      0.00      0.00      0.00
04:50:36         0.00      0.00      0.00      0.00
04:50:46         0.00      0.00      0.00      0.00
04:50:56         0.00      0.00      0.00      0.00
04:51:06         0.00      0.00      0.00      0.00
04:51:16         0.00      0.00      0.00      0.00
04:51:26         0.00      0.00      0.00      0.00
04:51:36         0.00      0.00      0.00      0.00
04:51:46         0.00      0.00      0.00      0.00
04:51:56         0.00      0.00      0.00      0.00
04:52:06         0.00      0.00      0.00      0.00
04:52:16         0.00      0.00      0.00      0.00
04:52:26         0.00      0.00      0.00      0.00
04:52:36         0.00      0.00      0.00      0.00
04:52:46         0.00      0.00      0.00      0.00
04:52:56         0.00      0.00      0.00      0.00
04:53:06         0.00      0.00      0.00      0.00
04:53:16         0.00      0.00      0.00      0.00
04:53:26         0.00      0.00      0.00      0.00
04:53:36         0.00      0.00      0.00      0.00
04:53:46         0.00      0.00      0.00      0.00
04:53:56         1.00      1.00      0.00      0.00
04:54:06         0.00      0.00      0.00      0.00
04:54:16         0.00      0.00      0.00      0.00
04:54:26         0.00      0.00      0.00      0.00
04:54:36         0.00      0.00      0.00      0.00
04:54:46         0.00      0.00      0.00      0.00
04:54:56         0.00      0.00      0.00      0.00
04:55:06         0.00      0.00      0.00      0.00
04:55:16         0.00      0.00      0.00      0.00
04:55:26         0.00      0.00      0.00      0.00
04:55:36         0.00      0.00      0.00      0.00
04:55:46         0.00      0.00      0.00      0.00
04:55:56         0.00      0.00      0.00      0.00
04:56:06         0.00      0.00      0.00      0.00
04:56:16         0.00      0.00      0.00      0.00
04:56:26         0.00      0.00      0.00      0.00
04:56:36         0.00      0.00      0.00      0.00
04:56:46         0.00      0.00      0.00      0.00
04:56:56         0.00      0.00      0.00      0.00
04:57:06         0.00      0.00      0.00      0.00
04:57:16         0.00      0.00      0.00      0.00
04:57:26         0.00      0.00      0.00      0.00
04:57:36         0.00      0.00      0.00      0.00
04:57:46         0.00      0.00      0.00      0.00
04:57:56         0.00      0.00      0.00      0.00
04:58:06         0.00      0.00      0.00      0.00
04:58:16         0.00      0.00      0.00      0.00
04:58:26         0.00      0.00      0.00      0.00
04:58:36         0.00      0.00      0.00      0.00
04:58:46         0.00      0.00      0.00      0.00
04:58:56         0.00      0.00      0.00      0.00
04:59:06         0.00      0.00      0.00      0.00
04:59:16         0.00      0.00      0.10      0.00
04:59:26         0.00      0.00      0.00      0.00
04:59:36         0.00      0.00      0.10      0.00
04:59:46         0.00      0.00      0.00      0.00
04:59:56         0.00      0.00      0.00      0.00
05:00:06         0.00      0.00      0.00      0.00
05:00:16         0.00      0.00      0.00      0.00
05:00:26         0.00      0.00      0.00      0.00
05:00:36         0.00      0.00      0.00      0.00
05:00:46         0.00      0.00      0.00      0.00
05:00:56         0.00      0.00      0.00      0.00
05:01:06         0.00      0.00      0.00      0.00
05:01:16         0.00      0.00      0.00      0.00
05:01:26         0.00      0.00      0.00      0.00
05:01:36         0.00      0.00      0.00      0.00
05:01:46         0.00      0.00      0.00      0.00
05:01:56         0.00      0.00      0.00      0.00
05:02:06         0.00      0.00      0.00      0.00
05:02:16         0.00      0.00      0.00      0.00
05:02:26         0.00      0.00      0.00      0.00
05:02:36         0.00      0.00      0.00      0.00
05:02:46         0.00      0.00      0.00      0.00
05:02:56         0.00      0.00      0.00      0.00
05:03:06         0.00      0.00      0.00      0.00
05:03:16         0.00      0.00      0.00      0.00
05:03:26         0.00      0.00      0.00      0.00
05:03:36         0.00      0.00      0.00      0.00
05:03:46         0.00      0.00      0.00      0.00
05:03:56         0.00      0.00      0.00      0.00
05:04:06         0.10      0.10      0.00      0.00
05:04:16         0.00      0.00      0.00      0.00
05:04:26         0.00      0.00      0.00      0.00
05:04:36         0.00      0.00      0.00      0.00
05:04:46         0.00      0.00      0.00      0.00
05:04:56         0.00      0.00      0.00      0.00
05:05:06         0.00      0.00      0.00      0.00
05:05:16         0.00      0.00      0.00      0.00
05:05:26         0.00      0.00      0.00      0.00
05:05:36         0.00      0.00      0.00      0.00
05:05:46         0.00      0.00      0.00      0.00
05:05:56         0.00      0.00      0.00      0.00
05:06:06         0.00      0.00      0.00      0.00
05:06:16         0.00      0.00      0.10      0.00
05:06:26         0.00      0.00      0.00      0.00
05:06:36         0.00      0.00      0.10      0.00
05:06:46         0.00      0.00      0.00      0.00
05:06:56         0.00      0.00      0.00      0.00
05:07:06         0.00      0.00      0.00      0.00
05:07:16         0.00      0.00      0.00      0.00
05:07:26         0.00      0.00      0.00      0.00
05:07:36         0.00      0.00      0.00      0.00
05:07:46         0.00      0.00      0.00      0.00
05:07:56         0.00      0.00      0.00      0.00
05:08:06         0.00      0.00      0.00      0.00
05:08:16         0.00      0.00      0.00      0.00
05:08:26         0.00      0.00      0.00      0.00
05:08:36         0.00      0.00      0.00      0.00
05:08:46         0.00      0.00      0.00      0.00
05:08:56         0.00      0.00      0.00      0.00
05:09:06         0.00      0.00      0.00      0.00
05:09:16         0.00      0.00      0.00      0.00
05:09:26         0.00      0.00      0.00      0.00
05:09:36         0.00      0.00      0.00      0.00
05:09:46         0.00      0.00      0.00      0.00
05:09:56         0.00      0.00      0.00      0.00
05:10:06         0.00      0.00      0.00      0.00
05:10:16         0.00      0.00      0.00      0.00
05:10:26         0.00      0.00      0.00      0.00
05:10:36         0.00      0.00      0.00      0.00
05:10:46         0.00      0.00      0.00      0.00
05:10:56         0.00      0.00      0.00      0.00
05:11:06         0.00      0.00      0.00      0.00
05:11:16         0.00      0.00      0.00      0.00
05:11:26         0.00      0.00      0.00      0.00
05:11:36         0.00      0.00      0.00      0.00
05:11:46         0.00      0.00      0.00      0.00
05:11:56         0.00      0.00      0.00      0.00
05:12:06         0.00      0.00      0.00      0.00
05:12:16         0.00      0.00      0.00      0.00
05:12:26         0.00      0.00      0.00      0.00
05:12:36         0.00      0.00      0.00      0.00
05:12:46         0.00      0.00      0.00      0.00
05:12:56         0.00      0.00      0.00      0.00
05:13:06         0.00      0.00      0.00      0.00
05:13:16         0.00      0.00      0.20      0.00
05:13:26         0.00      0.00      0.00      0.00
05:13:36         0.00      0.00      0.00      0.00
05:13:46         0.00      0.00      0.00      0.00
05:13:56         0.00      0.00      0.00      0.00
05:14:06         0.00      0.00      0.00      0.00
05:14:16         0.00      0.00      0.00      0.00
05:14:26         0.00      0.00      0.00      0.00
05:14:36         0.00      0.00      0.00      0.00
05:14:46         0.00      0.00      0.00      0.00
05:14:56         0.00      0.00      0.00      0.00
05:15:06         0.00      0.00      0.00      0.00
05:15:16         0.00      0.00      0.00      0.00
05:15:26         0.00      0.00      0.00      0.00
05:15:36         0.00      0.00      0.00      0.00
05:15:46         0.00      0.00      0.00      0.00
05:15:56         0.00      0.00      0.00      0.00
05:16:06         0.00      0.00      0.00      0.00
05:16:16         0.00      0.00      0.00      0.00
05:16:26         0.00      0.00      0.00      0.00
05:16:36         0.00      0.00      0.00      0.00
05:16:46         0.00      0.00      0.00      0.00
05:16:56         0.00      0.00      0.00      0.00
05:17:06         0.00      0.00      0.00      0.00
05:17:16         0.00      0.00      0.00      0.00
05:17:26         0.00      0.00      0.00      0.00
05:17:36         0.00      0.00      0.00      0.00
05:17:46         0.00      0.00      0.00      0.00
05:17:56         0.00      0.00      0.00      0.00
05:18:06         0.00      0.00      0.00      0.00
05:18:16         0.00      0.00      0.00      0.00
05:18:26         0.00      0.00      0.00      0.00
05:18:36         0.00      0.00      0.00      0.00
05:18:46         0.00      0.00      0.00      0.00
05:18:56         0.00      0.00      0.00      0.00
05:19:06         0.00      0.00      0.00      0.00
05:19:16         0.00      0.00      0.00      0.00
05:19:26         0.00      0.00      0.00      0.00
05:19:36         0.00      0.00      0.20      0.00
05:19:46         0.00      0.00      0.00      0.00
05:19:56         0.00      0.00      0.00      0.00
05:20:06         0.00      0.00      0.00      0.00
05:20:16         0.00      0.00      0.00      0.00
05:20:26         0.00      0.00      0.00      0.00
05:20:36         0.00      0.00      0.00      0.00
05:20:46         0.00      0.00      0.00      0.00
05:20:56         0.00      0.00      0.00      0.00
05:21:06         0.00      0.00      0.00      0.00
05:21:16         0.00      0.00      0.00      0.00
05:21:26         0.00      0.00      0.00      0.00
05:21:36         0.00      0.00      0.00      0.00
05:21:46         0.00      0.00      0.00      0.00
05:21:56         0.00      0.00      0.00      0.00
05:22:06         0.00      0.00      0.00      0.00
05:22:16         0.00      0.00      0.00      0.00
05:22:26         0.00      0.00      0.00      0.00
05:22:36         0.00      0.00      0.00      0.00
05:22:46         0.00      0.00      0.00      0.00
05:22:56         0.00      0.00      0.00      0.00
05:23:06         0.00      0.00      0.00      0.00
05:23:16         0.00      0.00      0.00      0.00
05:23:26         0.00      0.00      0.00      0.00
05:23:36         0.00      0.00      0.00      0.00
05:23:46         0.00      0.00      0.00      0.00
05:23:56         0.00      0.00      0.00      0.00
05:24:06         0.00      0.00      0.00      0.00
05:24:16         0.00      0.00      0.00      0.00
05:24:26         0.00      0.00      0.00      0.00
05:24:36         0.00      0.00      0.00      0.00
05:24:46         0.00      0.00      0.00      0.00
05:24:56         0.00      0.00      0.00      0.00
05:25:06         0.00      0.00      0.00      0.00
05:25:16         0.00      0.00      0.00      0.00
05:25:26         0.00      0.00      0.00      0.00
05:25:36         0.00      0.00      0.00      0.00
05:25:46         0.00      0.00      0.00      0.00
05:25:56         0.00      0.00      0.00      0.00
05:26:06         0.00      0.00      0.00      0.00
05:26:16         0.00      0.00      0.10      0.00
05:26:26         0.00      0.00      0.00      0.00
05:26:36         0.00      0.00      0.10      0.00
05:26:46         0.00      0.00      0.00      0.00
05:26:56         0.00      0.00      0.00      0.00
05:27:06         0.00      0.00      0.00      0.00
05:27:16         0.00      0.00      0.00      0.00
05:27:26         0.00      0.00      0.00      0.00
05:27:36         0.00      0.00      0.00      0.00
05:27:46         0.00      0.00      0.00      0.00
05:27:56         0.00      0.00      0.00      0.00
05:28:06         0.00      0.00      0.00      0.00
Average:         0.00      0.00      0.00      0.00

04:48:06      tcp6sck   udp6sck   raw6sck  ip6-frag
04:48:16            1         0         1         0
04:48:26            1         0         1         0
04:48:36            1         0         1         0
04:48:46            1         0         1         0
04:48:56            1         0         1         0
04:49:06            1         0         1         0
04:49:16            1         0         1         0
04:49:26            1         0         1         0
04:49:36            1         0         1         0
04:49:46            1         0         1         0
04:49:56            1         0         1         0
04:50:06            1         0         1         0
04:50:16            1         0         1         0
04:50:26            1         0         1         0
04:50:36            1         0         1         0
04:50:46            1         0         1         0
04:50:56            1         0         1         0
04:51:06            1         0         1         0
04:51:16            1         0         1         0
04:51:26            1         0         1         0
04:51:36            1         0         1         0
04:51:46            1         0         1         0
04:51:56            1         0         1         0
04:52:06            1         0         1         0
04:52:16            1         0         1         0
04:52:26            1         0         1         0
04:52:36            1         0         1         0
04:52:46            1         0         1         0
04:52:56            1         0         1         0
04:53:06            1         0         1         0
04:53:16            1         0         1         0
04:53:26            1         0         1         0
04:53:36            1         0         1         0
04:53:46            1         0         1         0
04:53:56            1         0         1         0
04:54:06            1         0         1         0
04:54:16            1         0         1         0
04:54:26            1         0         1         0
04:54:36            1         0         1         0
04:54:46            1         0         1         0
04:54:56            1         0         1         0
04:55:06            1         0         1         0
04:55:16            1         0         1         0
04:55:26            1         0         1         0
04:55:36            1         0         1         0
04:55:46            1         0         1         0
04:55:56            1         0         1         0
04:56:06            1         0         1         0
04:56:16            1         0         1         0
04:56:26            1         0         1         0
04:56:36            1         0         1         0
04:56:46            1         0         1         0
04:56:56            1         0         1         0
04:57:06            1         0         1         0
04:57:16            1         0         1         0
04:57:26            1         0         1         0
04:57:36            1         0         1         0
04:57:46            1         0         1         0
04:57:56            1         0         1         0
04:58:06            1         0         1         0
04:58:16            1         0         1         0
04:58:26            1         0         1         0
04:58:36            1         0         1         0
04:58:46            1         0         1         0
04:58:56            1         0         1         0
04:59:06            1         0         1         0
04:59:16            1         0         1         0
04:59:26            1         0         1         0
04:59:36            1         0         1         0
04:59:46            1         0         1         0
04:59:56            1         0         1         0
05:00:06            1         0         1         0
05:00:16            1         0         1         0
05:00:26            1         0         1         0
05:00:36            1         0         1         0
05:00:46            1         0         1         0
05:00:56            1         0         1         0
05:01:06            1         0         1         0
05:01:16            1         0         1         0
05:01:26            1         0         1         0
05:01:36            1         0         1         0
05:01:46            1         0         1         0
05:01:56            1         0         1         0
05:02:06            1         0         1         0
05:02:16            1         0         1         0
05:02:26            1         0         1         0
05:02:36            1         0         1         0
05:02:46            1         0         1         0
05:02:56            1         0         1         0
05:03:06            1         0         1         0
05:03:16            1         0         1         0
05:03:26            1         0         1         0
05:03:36            1         0         1         0
05:03:46            1         0         1         0
05:03:56            1         0         1         0
05:04:06            1         0         1         0
05:04:16            1         0         1         0
05:04:26            1         0         1         0
05:04:36            1         0         1         0
05:04:46            1         0         1         0
05:04:56            1         0         1         0
05:05:06            1         0         1         0
05:05:16            1         0         1         0
05:05:26            1         0         1         0
05:05:36            1         0         1         0
05:05:46            1         0         1         0
05:05:56            1         0         1         0
05:06:06            1         0         1         0
05:06:16            1         0         1         0
05:06:26            1         0         1         0
05:06:36            1         0         1         0
05:06:46            1         0         1         0
05:06:56            1         0         1         0
05:07:06            1         0         1         0
05:07:16            1         0         1         0
05:07:26            1         0         1         0
05:07:36            1         0         1         0
05:07:46            1         0         1         0
05:07:56            1         0         1         0
05:08:06            1         0         1         0
05:08:16            1         0         1         0
05:08:26            1         0         1         0
05:08:36            1         0         1         0
05:08:46            1         0         1         0
05:08:56            1         0         1         0
05:09:06            1         0         1         0
05:09:16            1         0         1         0
05:09:26            1         0         1         0
05:09:36            1         0         1         0
05:09:46            1         0         1         0
05:09:56            1         0         1         0
05:10:06            1         0         1         0
05:10:16            1         0         1         0
05:10:26            1         0         1         0
05:10:36            1         0         1         0
05:10:46            1         0         1         0
05:10:56            1         0         1         0
05:11:06            1         0         1         0
05:11:16            1         0         1         0
05:11:26            1         0         1         0
05:11:36            1         0         1         0
05:11:46            1         0         1         0
05:11:56            1         0         1         0
05:12:06            1         0         1         0
05:12:16            1         0         1         0
05:12:26            1         0         1         0
05:12:36            1         0         1         0
05:12:46            1         0         1         0
05:12:56            1         0         1         0
05:13:06            1         0         1         0
05:13:16            1         0         1         0
05:13:26            1         0         1         0
05:13:36            1         0         1         0
05:13:46            1         0         1         0
05:13:56            1         0         1         0
05:14:06            1         0         1         0
05:14:16            1         0         1         0
05:14:26            1         0         1         0
05:14:36            1         0         1         0
05:14:46            1         0         1         0
05:14:56            1         0         1         0
05:15:06            1         0         1         0
05:15:16            1         0         1         0
05:15:26            1         0         1         0
05:15:36            1         0         1         0
05:15:46            1         0         1         0
05:15:56            1         0         1         0
05:16:06            1         0         1         0
05:16:16            1         0         1         0
05:16:26            1         0         1         0
05:16:36            1         0         1         0
05:16:46            1         0         1         0
05:16:56            1         0         1         0
05:17:06            1         0         1         0
05:17:16            1         0         1         0
05:17:26            1         0         1         0
05:17:36            1         0         1         0
05:17:46            1         0         1         0
05:17:56            1         0         1         0
05:18:06            1         0         1         0
05:18:16            1         0         1         0
05:18:26            1         0         1         0
05:18:36            1         0         1         0
05:18:46            1         0         1         0
05:18:56            1         0         1         0
05:19:06            1         0         1         0
05:19:16            1         0         1         0
05:19:26            1         0         1         0
05:19:36            1         0         1         0
05:19:46            1         0         1         0
05:19:56            1         0         1         0
05:20:06            1         0         1         0
05:20:16            1         0         1         0
05:20:26            1         0         1         0
05:20:36            1         0         1         0
05:20:46            1         0         1         0
05:20:56            1         0         1         0
05:21:06            1         0         1         0
05:21:16            1         0         1         0
05:21:26            1         0         1         0
05:21:36            1         0         1         0
05:21:46            1         0         1         0
05:21:56            1         0         1         0
05:22:06            1         0         1         0
05:22:16            1         0         1         0
05:22:26            1         0         1         0
05:22:36            1         0         1         0
05:22:46            1         0         1         0
05:22:56            1         0         1         0
05:23:06            1         0         1         0
05:23:16            1         0         1         0
05:23:26            1         0         1         0
05:23:36            1         0         1         0
05:23:46            1         0         1         0
05:23:56            1         0         1         0
05:24:06            1         0         1         0
05:24:16            1         0         1         0
05:24:26            1         0         1         0
05:24:36            1         0         1         0
05:24:46            1         0         1         0
05:24:56            1         0         1         0
05:25:06            1         0         1         0
05:25:16            1         0         1         0
05:25:26            1         0         1         0
05:25:36            1         0         1         0
05:25:46            1         0         1         0
05:25:56            1         0         1         0
05:26:06            1         0         1         0
05:26:16            1         0         1         0
05:26:26            1         0         1         0
05:26:36            1         0         1         0
05:26:46            1         0         1         0
05:26:56            1         0         1         0
05:27:06            1         0         1         0
05:27:16            1         0         1         0
05:27:26            1         0         1         0
05:27:36            1         0         1         0
05:27:46            1         0         1         0
05:27:56            1         0         1         0
05:28:06            1         0         1         0
Average:            1         0         1         0

04:48:06      irec6/s fwddgm6/s   idel6/s    orq6/s  asmrq6/s  asmok6/s imcpck6/s omcpck6/s fragok6/s fragcr6/s
04:48:16         0.00      0.00      0.00      0.00      0.00      0.00      0.00      0.00      0.00      0.00
04:48:26         0.00      0.00      0.00      0.00      0.00      0.00      0.00      0.00      0.00      0.00
04:48:36         0.00      0.00      0.00      0.00      0.00      0.00      0.00      0.00      0.00      0.00
04:48:46         0.00      0.00      0.00      0.00      0.00      0.00      0.00      0.00      0.00      0.00
04:48:56         0.00      0.00      0.00      0.00      0.00      0.00      0.00      0.00      0.00      0.00
04:49:06         0.00      0.00      0.00      0.00      0.00      0.00      0.00      0.00      0.00      0.00
04:49:16         0.00      0.00      0.00      0.00      0.00      0.00      0.00      0.00      0.00      0.00
04:49:26         0.00      0.00      0.00      0.00      0.00      0.00      0.00      0.00      0.00      0.00
04:49:36         0.00      0.00      0.00      0.00      0.00      0.00      0.00      0.00      0.00      0.00
04:49:46         0.00      0.00      0.00      0.00      0.00      0.00      0.00      0.00      0.00      0.00
04:49:56         0.00      0.00      0.00      0.00      0.00      0.00      0.00      0.00      0.00      0.00
04:50:06         0.00      0.00      0.00      0.00      0.00      0.00      0.00      0.00      0.00      0.00
04:50:16         0.00      0.00      0.00      0.00      0.00      0.00      0.00      0.00      0.00      0.00
04:50:26         0.00      0.00      0.00      0.00      0.00      0.00      0.00      0.00      0.00      0.00
04:50:36         0.00      0.00      0.00      0.00      0.00      0.00      0.00      0.00      0.00      0.00
04:50:46         0.00      0.00      0.00      0.00      0.00      0.00      0.00      0.00      0.00      0.00
04:50:56         0.00      0.00      0.00      0.00      0.00      0.00      0.00      0.00      0.00      0.00
04:51:06         0.00      0.00      0.00      0.00      0.00      0.00      0.00      0.00      0.00      0.00
04:51:16         0.00      0.00      0.00      0.00      0.00      0.00      0.00      0.00      0.00      0.00
04:51:26         0.00      0.00      0.00      0.00      0.00      0.00      0.00      0.00      0.00      0.00
04:51:36         0.00      0.00      0.00      0.00      0.00      0.00      0.00      0.00      0.00      0.00
04:51:46         0.00      0.00      0.00      0.00      0.00      0.00      0.00      0.00      0.00      0.00
04:51:56         0.00      0.00      0.00      0.00      0.00      0.00      0.00      0.00      0.00      0.00
04:52:06         0.00      0.00      0.00      0.00      0.00      0.00      0.00      0.00      0.00      0.00
04:52:16         0.00      0.00      0.00      0.00      0.00      0.00      0.00      0.00      0.00      0.00
04:52:26         0.00      0.00      0.00      0.00      0.00      0.00      0.00      0.00      0.00      0.00
04:52:36         0.00      0.00      0.00      0.00      0.00      0.00      0.00      0.00      0.00      0.00
04:52:46         0.00      0.00      0.00      0.00      0.00      0.00      0.00      0.00      0.00      0.00
04:52:56         0.00      0.00      0.00      0.00      0.00      0.00      0.00      0.00      0.00      0.00
04:53:06         0.00      0.00      0.00      0.00      0.00      0.00      0.00      0.00      0.00      0.00
04:53:16         0.00      0.00      0.00      0.00      0.00      0.00      0.00      0.00      0.00      0.00
04:53:26         0.00      0.00      0.00      0.00      0.00      0.00      0.00      0.00      0.00      0.00
04:53:36         0.00      0.00      0.00      0.00      0.00      0.00      0.00      0.00      0.00      0.00
04:53:46         0.00      0.00      0.00      0.00      0.00      0.00      0.00      0.00      0.00      0.00
04:53:56         0.20      0.00      0.20      0.20      0.00      0.00      0.00      0.00      0.00      0.00
04:54:06         0.00      0.00      0.00      0.00      0.00      0.00      0.00      0.00      0.00      0.00
04:54:16         0.00      0.00      0.00      0.00      0.00      0.00      0.00      0.00      0.00      0.00
04:54:26         0.00      0.00      0.00      0.00      0.00      0.00      0.00      0.00      0.00      0.00
04:54:36         0.00      0.00      0.00      0.00      0.00      0.00      0.00      0.00      0.00      0.00
04:54:46         0.00      0.00      0.00      0.00      0.00      0.00      0.00      0.00      0.00      0.00
04:54:56         0.00      0.00      0.00      0.00      0.00      0.00      0.00      0.00      0.00      0.00
04:55:06         0.00      0.00      0.00      0.00      0.00      0.00      0.00      0.00      0.00      0.00
04:55:16         0.00      0.00      0.00      0.00      0.00      0.00      0.00      0.00      0.00      0.00
04:55:26         0.00      0.00      0.00      0.00      0.00      0.00      0.00      0.00      0.00      0.00
04:55:36         0.00      0.00      0.00      0.00      0.00      0.00      0.00      0.00      0.00      0.00
04:55:46         0.00      0.00      0.00      0.00      0.00      0.00      0.00      0.00      0.00      0.00
04:55:56         0.00      0.00      0.00      0.00      0.00      0.00      0.00      0.00      0.00      0.00
04:56:06         0.00      0.00      0.00      0.00      0.00      0.00      0.00      0.00      0.00      0.00
04:56:16         0.00      0.00      0.00      0.00      0.00      0.00      0.00      0.00      0.00      0.00
04:56:26         0.00      0.00      0.00      0.00      0.00      0.00      0.00      0.00      0.00      0.00
04:56:36         0.00      0.00      0.00      0.00      0.00      0.00      0.00      0.00      0.00      0.00
04:56:46         0.00      0.00      0.00      0.00      0.00      0.00      0.00      0.00      0.00      0.00
04:56:56         0.00      0.00      0.00      0.00      0.00      0.00      0.00      0.00      0.00      0.00
04:57:06         0.00      0.00      0.00      0.00      0.00      0.00      0.00      0.00      0.00      0.00
04:57:16         0.00      0.00      0.00      0.00      0.00      0.00      0.00      0.00      0.00      0.00
04:57:26         0.00      0.00      0.00      0.00      0.00      0.00      0.00      0.00      0.00      0.00
04:57:36         0.00      0.00      0.00      0.00      0.00      0.00      0.00      0.00      0.00      0.00
04:57:46         0.00      0.00      0.00      0.00      0.00      0.00      0.00      0.00      0.00      0.00
04:57:56         0.00      0.00      0.00      0.00      0.00      0.00      0.00      0.00      0.00      0.00
04:58:06         0.00      0.00      0.00      0.00      0.00      0.00      0.00      0.00      0.00      0.00
04:58:16         0.00      0.00      0.00      0.00      0.00      0.00      0.00      0.00      0.00      0.00
04:58:26         0.00      0.00      0.00      0.00      0.00      0.00      0.00      0.00      0.00      0.00
04:58:36         0.00      0.00      0.00      0.00      0.00      0.00      0.00      0.00      0.00      0.00
04:58:46         0.00      0.00      0.00      0.00      0.00      0.00      0.00      0.00      0.00      0.00
04:58:56         0.00      0.00      0.00      0.00      0.00      0.00      0.00      0.00      0.00      0.00
04:59:06         0.00      0.00      0.00      0.00      0.00      0.00      0.00      0.00      0.00      0.00
04:59:16         0.00      0.00      0.00      0.00      0.00      0.00      0.00      0.00      0.00      0.00
04:59:26         0.00      0.00      0.00      0.00      0.00      0.00      0.00      0.00      0.00      0.00
04:59:36         0.00      0.00      0.00      0.00      0.00      0.00      0.00      0.00      0.00      0.00
04:59:46         0.00      0.00      0.00      0.00      0.00      0.00      0.00      0.00      0.00      0.00
04:59:56         0.00      0.00      0.00      0.00      0.00      0.00      0.00      0.00      0.00      0.00
05:00:06         0.00      0.00      0.00      0.00      0.00      0.00      0.00      0.00      0.00      0.00
05:00:16         0.00      0.00      0.00      0.00      0.00      0.00      0.00      0.00      0.00      0.00
05:00:26         0.00      0.00      0.00      0.00      0.00      0.00      0.00      0.00      0.00      0.00
05:00:36         0.00      0.00      0.00      0.00      0.00      0.00      0.00      0.00      0.00      0.00
05:00:46         0.00      0.00      0.00      0.00      0.00      0.00      0.00      0.00      0.00      0.00
05:00:56         0.00      0.00      0.00      0.00      0.00      0.00      0.00      0.00      0.00      0.00
05:01:06         0.00      0.00      0.00      0.00      0.00      0.00      0.00      0.00      0.00      0.00
05:01:16         0.00      0.00      0.00      0.00      0.00      0.00      0.00      0.00      0.00      0.00
05:01:26         0.00      0.00      0.00      0.00      0.00      0.00      0.00      0.00      0.00      0.00
05:01:36         0.00      0.00      0.00      0.00      0.00      0.00      0.00      0.00      0.00      0.00
05:01:46         0.00      0.00      0.00      0.00      0.00      0.00      0.00      0.00      0.00      0.00
05:01:56         0.00      0.00      0.00      0.00      0.00      0.00      0.00      0.00      0.00      0.00
05:02:06         0.00      0.00      0.00      0.00      0.00      0.00      0.00      0.00      0.00      0.00
05:02:16         0.00      0.00      0.00      0.00      0.00      0.00      0.00      0.00      0.00      0.00
05:02:26         0.00      0.00      0.00      0.00      0.00      0.00      0.00      0.00      0.00      0.00
05:02:36         0.00      0.00      0.00      0.00      0.00      0.00      0.00      0.00      0.00      0.00
05:02:46         0.00      0.00      0.00      0.00      0.00      0.00      0.00      0.00      0.00      0.00
05:02:56         0.00      0.00      0.00      0.00      0.00      0.00      0.00      0.00      0.00      0.00
05:03:06         0.00      0.00      0.00      0.00      0.00      0.00      0.00      0.00      0.00      0.00
05:03:16         0.00      0.00      0.00      0.10      0.00      0.00      0.00      0.10      0.00      0.00
05:03:26         0.00      0.00      0.00      0.00      0.00      0.00      0.00      0.00      0.00      0.00
05:03:36         0.00      0.00      0.00      0.00      0.00      0.00      0.00      0.00      0.00      0.00
05:03:46         0.00      0.00      0.00      0.00      0.00      0.00      0.00      0.00      0.00      0.00
05:03:56         0.00      0.00      0.00      0.00      0.00      0.00      0.00      0.00      0.00      0.00
05:04:06         0.00      0.00      0.00      0.00      0.00      0.00      0.00      0.00      0.00      0.00
05:04:16         0.00      0.00      0.00      0.00      0.00      0.00      0.00      0.00      0.00      0.00
05:04:26         0.00      0.00      0.00      0.00      0.00      0.00      0.00      0.00      0.00      0.00
05:04:36         0.00      0.00      0.00      0.00      0.00      0.00      0.00      0.00      0.00      0.00
05:04:46         0.00      0.00      0.00      0.00      0.00      0.00      0.00      0.00      0.00      0.00
05:04:56         0.00      0.00      0.00      0.00      0.00      0.00      0.00      0.00      0.00      0.00
05:05:06         0.00      0.00      0.00      0.00      0.00      0.00      0.00      0.00      0.00      0.00
05:05:16         0.00      0.00      0.00      0.00      0.00      0.00      0.00      0.00      0.00      0.00
05:05:26         0.00      0.00      0.00      0.00      0.00      0.00      0.00      0.00      0.00      0.00
05:05:36         0.00      0.00      0.00      0.00      0.00      0.00      0.00      0.00      0.00      0.00
05:05:46         0.00      0.00      0.00      0.00      0.00      0.00      0.00      0.00      0.00      0.00
05:05:56         0.00      0.00      0.00      0.00      0.00      0.00      0.00      0.00      0.00      0.00
05:06:06         0.00      0.00      0.00      0.00      0.00      0.00      0.00      0.00      0.00      0.00
05:06:16         0.00      0.00      0.00      0.00      0.00      0.00      0.00      0.00      0.00      0.00
05:06:26         0.00      0.00      0.00      0.00      0.00      0.00      0.00      0.00      0.00      0.00
05:06:36         0.00      0.00      0.00      0.00      0.00      0.00      0.00      0.00      0.00      0.00
05:06:46         0.00      0.00      0.00      0.00      0.00      0.00      0.00      0.00      0.00      0.00
05:06:56         0.00      0.00      0.00      0.00      0.00      0.00      0.00      0.00      0.00      0.00
05:07:06         0.00      0.00      0.00      0.00      0.00      0.00      0.00      0.00      0.00      0.00
05:07:16         0.00      0.00      0.00      0.00      0.00      0.00      0.00      0.00      0.00      0.00
05:07:26         0.00      0.00      0.00      0.00      0.00      0.00      0.00      0.00      0.00      0.00
05:07:36         0.00      0.00      0.00      0.00      0.00      0.00      0.00      0.00      0.00      0.00
05:07:46         0.00      0.00      0.00      0.00      0.00      0.00      0.00      0.00      0.00      0.00
05:07:56         0.00      0.00      0.00      0.00      0.00      0.00      0.00      0.00      0.00      0.00
05:08:06         0.00      0.00      0.00      0.00      0.00      0.00      0.00      0.00      0.00      0.00
05:08:16         0.00      0.00      0.00      0.00      0.00      0.00      0.00      0.00      0.00      0.00
05:08:26         0.00      0.00      0.00      0.00      0.00      0.00      0.00      0.00      0.00      0.00
05:08:36         0.00      0.00      0.00      0.00      0.00      0.00      0.00      0.00      0.00      0.00
05:08:46         0.00      0.00      0.00      0.00      0.00      0.00      0.00      0.00      0.00      0.00
05:08:56         0.00      0.00      0.00      0.00      0.00      0.00      0.00      0.00      0.00      0.00
05:09:06         0.00      0.00      0.00      0.00      0.00      0.00      0.00      0.00      0.00      0.00
05:09:16         0.00      0.00      0.00      0.00      0.00      0.00      0.00      0.00      0.00      0.00
05:09:26         0.00      0.00      0.00      0.00      0.00      0.00      0.00      0.00      0.00      0.00
05:09:36         0.00      0.00      0.00      0.00      0.00      0.00      0.00      0.00      0.00      0.00
05:09:46         0.00      0.00      0.00      0.00      0.00      0.00      0.00      0.00      0.00      0.00
05:09:56         0.00      0.00      0.00      0.00      0.00      0.00      0.00      0.00      0.00      0.00
05:10:06         0.00      0.00      0.00      0.00      0.00      0.00      0.00      0.00      0.00      0.00
05:10:16         0.00      0.00      0.00      0.00      0.00      0.00      0.00      0.00      0.00      0.00
05:10:26         0.00      0.00      0.00      0.00      0.00      0.00      0.00      0.00      0.00      0.00
05:10:36         0.00      0.00      0.00      0.00      0.00      0.00      0.00      0.00      0.00      0.00
05:10:46         0.00      0.00      0.00      0.00      0.00      0.00      0.00      0.00      0.00      0.00
05:10:56         0.00      0.00      0.00      0.00      0.00      0.00      0.00      0.00      0.00      0.00
05:11:06         0.00      0.00      0.00      0.00      0.00      0.00      0.00      0.00      0.00      0.00
05:11:16         0.00      0.00      0.00      0.00      0.00      0.00      0.00      0.00      0.00      0.00
05:11:26         0.00      0.00      0.00      0.00      0.00      0.00      0.00      0.00      0.00      0.00
05:11:36         0.00      0.00      0.00      0.00      0.00      0.00      0.00      0.00      0.00      0.00
05:11:46         0.00      0.00      0.00      0.00      0.00      0.00      0.00      0.00      0.00      0.00
05:11:56         0.00      0.00      0.00      0.00      0.00      0.00      0.00      0.00      0.00      0.00
05:12:06         0.00      0.00      0.00      0.00      0.00      0.00      0.00      0.00      0.00      0.00
05:12:16         0.00      0.00      0.00      0.00      0.00      0.00      0.00      0.00      0.00      0.00
05:12:26         0.00      0.00      0.00      0.00      0.00      0.00      0.00      0.00      0.00      0.00
05:12:36         0.00      0.00      0.00      0.00      0.00      0.00      0.00      0.00      0.00      0.00
05:12:46         0.00      0.00      0.00      0.00      0.00      0.00      0.00      0.00      0.00      0.00
05:12:56         0.00      0.00      0.00      0.00      0.00      0.00      0.00      0.00      0.00      0.00
05:13:06         0.00      0.00      0.00      0.00      0.00      0.00      0.00      0.00      0.00      0.00
05:13:16         0.00      0.00      0.00      0.00      0.00      0.00      0.00      0.00      0.00      0.00
05:13:26         0.00      0.00      0.00      0.00      0.00      0.00      0.00      0.00      0.00      0.00
05:13:36         0.00      0.00      0.00      0.00      0.00      0.00      0.00      0.00      0.00      0.00
05:13:46         0.00      0.00      0.00      0.00      0.00      0.00      0.00      0.00      0.00      0.00
05:13:56         0.00      0.00      0.00      0.00      0.00      0.00      0.00      0.00      0.00      0.00
05:14:06         0.00      0.00      0.00      0.00      0.00      0.00      0.00      0.00      0.00      0.00
05:14:16         0.00      0.00      0.00      0.00      0.00      0.00      0.00      0.00      0.00      0.00
05:14:26         0.00      0.00      0.00      0.00      0.00      0.00      0.00      0.00      0.00      0.00
05:14:36         0.00      0.00      0.00      0.00      0.00      0.00      0.00      0.00      0.00      0.00
05:14:46         0.00      0.00      0.00      0.00      0.00      0.00      0.00      0.00      0.00      0.00
05:14:56         0.00      0.00      0.00      0.00      0.00      0.00      0.00      0.00      0.00      0.00
05:15:06         0.00      0.00      0.00      0.00      0.00      0.00      0.00      0.00      0.00      0.00
05:15:16         0.00      0.00      0.00      0.00      0.00      0.00      0.00      0.00      0.00      0.00
05:15:26         0.00      0.00      0.00      0.00      0.00      0.00      0.00      0.00      0.00      0.00
05:15:36         0.00      0.00      0.00      0.00      0.00      0.00      0.00      0.00      0.00      0.00
05:15:46         0.00      0.00      0.00      0.00      0.00      0.00      0.00      0.00      0.00      0.00
05:15:56         0.00      0.00      0.00      0.00      0.00      0.00      0.00      0.00      0.00      0.00
05:16:06         0.00      0.00      0.00      0.00      0.00      0.00      0.00      0.00      0.00      0.00
05:16:16         0.00      0.00      0.00      0.00      0.00      0.00      0.00      0.00      0.00      0.00
05:16:26         0.00      0.00      0.00      0.00      0.00      0.00      0.00      0.00      0.00      0.00
05:16:36         0.00      0.00      0.00      0.00      0.00      0.00      0.00      0.00      0.00      0.00
05:16:46         0.00      0.00      0.00      0.00      0.00      0.00      0.00      0.00      0.00      0.00
05:16:56         0.00      0.00      0.00      0.00      0.00      0.00      0.00      0.00      0.00      0.00
05:17:06         0.00      0.00      0.00      0.00      0.00      0.00      0.00      0.00      0.00      0.00
05:17:16         0.00      0.00      0.00      0.00      0.00      0.00      0.00      0.00      0.00      0.00
05:17:26         0.00      0.00      0.00      0.00      0.00      0.00      0.00      0.00      0.00      0.00
05:17:36         0.00      0.00      0.00      0.00      0.00      0.00      0.00      0.00      0.00      0.00
05:17:46         0.00      0.00      0.00      0.00      0.00      0.00      0.00      0.00      0.00      0.00
05:17:56         0.00      0.00      0.00      0.00      0.00      0.00      0.00      0.00      0.00      0.00
05:18:06         0.00      0.00      0.00      0.00      0.00      0.00      0.00      0.00      0.00      0.00
05:18:16         0.00      0.00      0.00      0.00      0.00      0.00      0.00      0.00      0.00      0.00
05:18:26         0.00      0.00      0.00      0.00      0.00      0.00      0.00      0.00      0.00      0.00
05:18:36         0.00      0.00      0.00      0.00      0.00      0.00      0.00      0.00      0.00      0.00
05:18:46         0.00      0.00      0.00      0.00      0.00      0.00      0.00      0.00      0.00      0.00
05:18:56         0.00      0.00      0.00      0.00      0.00      0.00      0.00      0.00      0.00      0.00
05:19:06         0.00      0.00      0.00      0.00      0.00      0.00      0.00      0.00      0.00      0.00
05:19:16         0.00      0.00      0.00      0.00      0.00      0.00      0.00      0.00      0.00      0.00
05:19:26         0.00      0.00      0.00      0.00      0.00      0.00      0.00      0.00      0.00      0.00
05:19:36         0.00      0.00      0.00      0.00      0.00      0.00      0.00      0.00      0.00      0.00
05:19:46         0.00      0.00      0.00      0.00      0.00      0.00      0.00      0.00      0.00      0.00
05:19:56         0.00      0.00      0.00      0.00      0.00      0.00      0.00      0.00      0.00      0.00
05:20:06         0.00      0.00      0.00      0.00      0.00      0.00      0.00      0.00      0.00      0.00
05:20:16         0.00      0.00      0.00      0.00      0.00      0.00      0.00      0.00      0.00      0.00
05:20:26         0.00      0.00      0.00      0.00      0.00      0.00      0.00      0.00      0.00      0.00
05:20:36         0.00      0.00      0.00      0.00      0.00      0.00      0.00      0.00      0.00      0.00
05:20:46         0.00      0.00      0.00      0.00      0.00      0.00      0.00      0.00      0.00      0.00
05:20:56         0.00      0.00      0.00      0.00      0.00      0.00      0.00      0.00      0.00      0.00
05:21:06         0.00      0.00      0.00      0.00      0.00      0.00      0.00      0.00      0.00      0.00
05:21:16         0.00      0.00      0.00      0.00      0.00      0.00      0.00      0.00      0.00      0.00
05:21:26         0.00      0.00      0.00      0.00      0.00      0.00      0.00      0.00      0.00      0.00
05:21:36         0.00      0.00      0.00      0.00      0.00      0.00      0.00      0.00      0.00      0.00
05:21:46         0.00      0.00      0.00      0.00      0.00      0.00      0.00      0.00      0.00      0.00
05:21:56         0.00      0.00      0.00      0.00      0.00      0.00      0.00      0.00      0.00      0.00
05:22:06         0.00      0.00      0.00      0.00      0.00      0.00      0.00      0.00      0.00      0.00
05:22:16         0.00      0.00      0.00      0.00      0.00      0.00      0.00      0.00      0.00      0.00
05:22:26         0.00      0.00      0.00      0.00      0.00      0.00      0.00      0.00      0.00      0.00
05:22:36         0.00      0.00      0.00      0.00      0.00      0.00      0.00      0.00      0.00      0.00
05:22:46         0.00      0.00      0.00      0.00      0.00      0.00      0.00      0.00      0.00      0.00
05:22:56         0.00      0.00      0.00      0.00      0.00      0.00      0.00      0.00      0.00      0.00
05:23:06         0.00      0.00      0.00      0.00      0.00      0.00      0.00      0.00      0.00      0.00
05:23:16         0.00      0.00      0.00      0.00      0.00      0.00      0.00      0.00      0.00      0.00
05:23:26         0.00      0.00      0.00      0.00      0.00      0.00      0.00      0.00      0.00      0.00
05:23:36         0.00      0.00      0.00      0.00      0.00      0.00      0.00      0.00      0.00      0.00
05:23:46         0.00      0.00      0.00      0.00      0.00      0.00      0.00      0.00      0.00      0.00
05:23:56         0.00      0.00      0.00      0.00      0.00      0.00      0.00      0.00      0.00      0.00
05:24:06         0.00      0.00      0.00      0.00      0.00      0.00      0.00      0.00      0.00      0.00
05:24:16         0.00      0.00      0.00      0.00      0.00      0.00      0.00      0.00      0.00      0.00
05:24:26         0.00      0.00      0.00      0.00      0.00      0.00      0.00      0.00      0.00      0.00
05:24:36         0.00      0.00      0.00      0.00      0.00      0.00      0.00      0.00      0.00      0.00
05:24:46         0.00      0.00      0.00      0.00      0.00      0.00      0.00      0.00      0.00      0.00
05:24:56         0.00      0.00      0.00      0.00      0.00      0.00      0.00      0.00      0.00      0.00
05:25:06         0.00      0.00      0.00      0.00      0.00      0.00      0.00      0.00      0.00      0.00
05:25:16         0.00      0.00      0.00      0.00      0.00      0.00      0.00      0.00      0.00      0.00
05:25:26         0.00      0.00      0.00      0.00      0.00      0.00      0.00      0.00      0.00      0.00
05:25:36         0.00      0.00      0.00      0.00      0.00      0.00      0.00      0.00      0.00      0.00
05:25:46         0.00      0.00      0.00      0.00      0.00      0.00      0.00      0.00      0.00      0.00
05:25:56         0.00      0.00      0.00      0.00      0.00      0.00      0.00      0.00      0.00      0.00
05:26:06         0.00      0.00      0.00      0.00      0.00      0.00      0.00      0.00      0.00      0.00
05:26:16         0.00      0.00      0.00      0.00      0.00      0.00      0.00      0.00      0.00      0.00
05:26:26         0.00      0.00      0.00      0.00      0.00      0.00      0.00      0.00      0.00      0.00
05:26:36         0.00      0.00      0.00      0.00      0.00      0.00      0.00      0.00      0.00      0.00
05:26:46         0.00      0.00      0.00      0.00      0.00      0.00      0.00      0.00      0.00      0.00
05:26:56         0.00      0.00      0.00      0.00      0.00      0.00      0.00      0.00      0.00      0.00
05:27:06         0.00      0.00      0.00      0.00      0.00      0.00      0.00      0.00      0.00      0.00
05:27:16         0.00      0.00      0.00      0.00      0.00      0.00      0.00      0.00      0.00      0.00
05:27:26         0.00      0.00      0.00      0.00      0.00      0.00      0.00      0.00      0.00      0.00
05:27:36         0.00      0.00      0.00      0.00      0.00      0.00      0.00      0.00      0.00      0.00
05:27:46         0.00      0.00      0.00      0.00      0.00      0.00      0.00      0.00      0.00      0.00
05:27:56         0.00      0.00      0.00      0.00      0.00      0.00      0.00      0.00      0.00      0.00
05:28:06         0.00      0.00      0.00      0.00      0.00      0.00      0.00      0.00      0.00      0.00
Average:         0.00      0.00      0.00      0.00      0.00      0.00      0.00      0.00      0.00      0.00

04:48:06    ihdrer6/s iadrer6/s iukwnp6/s  i2big6/s  idisc6/s  odisc6/s  inort6/s  onort6/s   asmf6/s  fragf6/s itrpck6/s
04:48:16         0.00      0.00      0.00      0.00      0.00      0.00      0.00      0.00      0.00      0.00      0.00
04:48:26         0.00      0.00      0.00      0.00      0.00      0.00      0.00      0.00      0.00      0.00      0.00
04:48:36         0.00      0.00      0.00      0.00      0.00      0.00      0.00      0.00      0.00      0.00      0.00
04:48:46         0.00      0.00      0.00      0.00      0.00      0.00      0.00      0.00      0.00      0.00      0.00
04:48:56         0.00      0.00      0.00      0.00      0.00      0.00      0.00      0.00      0.00      0.00      0.00
04:49:06         0.00      0.00      0.00      0.00      0.00      0.00      0.00      0.00      0.00      0.00      0.00
04:49:16         0.00      0.00      0.00      0.00      0.00      0.00      0.00      0.00      0.00      0.00      0.00
04:49:26         0.00      0.00      0.00      0.00      0.00      0.00      0.00      0.00      0.00      0.00      0.00
04:49:36         0.00      0.00      0.00      0.00      0.00      0.00      0.00      0.00      0.00      0.00      0.00
04:49:46         0.00      0.00      0.00      0.00      0.00      0.00      0.00      0.00      0.00      0.00      0.00
04:49:56         0.00      0.00      0.00      0.00      0.00      0.00      0.00      0.00      0.00      0.00      0.00
04:50:06         0.00      0.00      0.00      0.00      0.00      0.00      0.00      0.00      0.00      0.00      0.00
04:50:16         0.00      0.00      0.00      0.00      0.00      0.00      0.00      0.00      0.00      0.00      0.00
04:50:26         0.00      0.00      0.00      0.00      0.00      0.00      0.00      0.00      0.00      0.00      0.00
04:50:36         0.00      0.00      0.00      0.00      0.00      0.00      0.00      0.00      0.00      0.00      0.00
04:50:46         0.00      0.00      0.00      0.00      0.00      0.00      0.00      0.00      0.00      0.00      0.00
04:50:56         0.00      0.00      0.00      0.00      0.00      0.00      0.00      0.00      0.00      0.00      0.00
04:51:06         0.00      0.00      0.00      0.00      0.00      0.00      0.00      0.00      0.00      0.00      0.00
04:51:16         0.00      0.00      0.00      0.00      0.00      0.00      0.00      0.00      0.00      0.00      0.00
04:51:26         0.00      0.00      0.00      0.00      0.00      0.00      0.00      0.00      0.00      0.00      0.00
04:51:36         0.00      0.00      0.00      0.00      0.00      0.00      0.00      0.00      0.00      0.00      0.00
04:51:46         0.00      0.00      0.00      0.00      0.00      0.00      0.00      0.00      0.00      0.00      0.00
04:51:56         0.00      0.00      0.00      0.00      0.00      0.00      0.00      0.00      0.00      0.00      0.00
04:52:06         0.00      0.00      0.00      0.00      0.00      0.00      0.00      0.00      0.00      0.00      0.00
04:52:16         0.00      0.00      0.00      0.00      0.00      0.00      0.00      0.00      0.00      0.00      0.00
04:52:26         0.00      0.00      0.00      0.00      0.00      0.00      0.00      0.00      0.00      0.00      0.00
04:52:36         0.00      0.00      0.00      0.00      0.00      0.00      0.00      0.00      0.00      0.00      0.00
04:52:46         0.00      0.00      0.00      0.00      0.00      0.00      0.00      0.00      0.00      0.00      0.00
04:52:56         0.00      0.00      0.00      0.00      0.00      0.00      0.00      0.00      0.00      0.00      0.00
04:53:06         0.00      0.00      0.00      0.00      0.00      0.00      0.00      0.00      0.00      0.00      0.00
04:53:16         0.00      0.00      0.00      0.00      0.00      0.00      0.00      0.00      0.00      0.00      0.00
04:53:26         0.00      0.00      0.00      0.00      0.00      0.00      0.00      0.00      0.00      0.00      0.00
04:53:36         0.00      0.00      0.00      0.00      0.00      0.00      0.00      0.00      0.00      0.00      0.00
04:53:46         0.00      0.00      0.00      0.00      0.00      0.00      0.00      0.00      0.00      0.00      0.00
04:53:56         0.00      0.00      0.00      0.00      0.00      0.00      0.00      0.20      0.00      0.00      0.00
04:54:06         0.00      0.00      0.00      0.00      0.00      0.00      0.00      0.00      0.00      0.00      0.00
04:54:16         0.00      0.00      0.00      0.00      0.00      0.00      0.00      0.00      0.00      0.00      0.00
04:54:26         0.00      0.00      0.00      0.00      0.00      0.00      0.00      0.00      0.00      0.00      0.00
04:54:36         0.00      0.00      0.00      0.00      0.00      0.00      0.00      0.00      0.00      0.00      0.00
04:54:46         0.00      0.00      0.00      0.00      0.00      0.00      0.00      0.00      0.00      0.00      0.00
04:54:56         0.00      0.00      0.00      0.00      0.00      0.00      0.00      0.00      0.00      0.00      0.00
04:55:06         0.00      0.00      0.00      0.00      0.00      0.00      0.00      0.00      0.00      0.00      0.00
04:55:16         0.00      0.00      0.00      0.00      0.00      0.00      0.00      0.00      0.00      0.00      0.00
04:55:26         0.00      0.00      0.00      0.00      0.00      0.00      0.00      0.00      0.00      0.00      0.00
04:55:36         0.00      0.00      0.00      0.00      0.00      0.00      0.00      0.00      0.00      0.00      0.00
04:55:46         0.00      0.00      0.00      0.00      0.00      0.00      0.00      0.00      0.00      0.00      0.00
04:55:56         0.00      0.00      0.00      0.00      0.00      0.00      0.00      0.00      0.00      0.00      0.00
04:56:06         0.00      0.00      0.00      0.00      0.00      0.00      0.00      0.00      0.00      0.00      0.00
04:56:16         0.00      0.00      0.00      0.00      0.00      0.00      0.00      0.00      0.00      0.00      0.00
04:56:26         0.00      0.00      0.00      0.00      0.00      0.00      0.00      0.00      0.00      0.00      0.00
04:56:36         0.00      0.00      0.00      0.00      0.00      0.00      0.00      0.00      0.00      0.00      0.00
04:56:46         0.00      0.00      0.00      0.00      0.00      0.00      0.00      0.00      0.00      0.00      0.00
04:56:56         0.00      0.00      0.00      0.00      0.00      0.00      0.00      0.00      0.00      0.00      0.00
04:57:06         0.00      0.00      0.00      0.00      0.00      0.00      0.00      0.00      0.00      0.00      0.00
04:57:16         0.00      0.00      0.00      0.00      0.00      0.00      0.00      0.00      0.00      0.00      0.00
04:57:26         0.00      0.00      0.00      0.00      0.00      0.00      0.00      0.00      0.00      0.00      0.00
04:57:36         0.00      0.00      0.00      0.00      0.00      0.00      0.00      0.00      0.00      0.00      0.00
04:57:46         0.00      0.00      0.00      0.00      0.00      0.00      0.00      0.00      0.00      0.00      0.00
04:57:56         0.00      0.00      0.00      0.00      0.00      0.00      0.00      0.00      0.00      0.00      0.00
04:58:06         0.00      0.00      0.00      0.00      0.00      0.00      0.00      0.00      0.00      0.00      0.00
04:58:16         0.00      0.00      0.00      0.00      0.00      0.00      0.00      0.00      0.00      0.00      0.00
04:58:26         0.00      0.00      0.00      0.00      0.00      0.00      0.00      0.00      0.00      0.00      0.00
04:58:36         0.00      0.00      0.00      0.00      0.00      0.00      0.00      0.00      0.00      0.00      0.00
04:58:46         0.00      0.00      0.00      0.00      0.00      0.00      0.00      0.00      0.00      0.00      0.00
04:58:56         0.00      0.00      0.00      0.00      0.00      0.00      0.00      0.00      0.00      0.00      0.00
04:59:06         0.00      0.00      0.00      0.00      0.00      0.00      0.00      0.00      0.00      0.00      0.00
04:59:16         0.00      0.00      0.00      0.00      0.00      0.00      0.00      0.00      0.00      0.00      0.00
04:59:26         0.00      0.00      0.00      0.00      0.00      0.00      0.00      0.00      0.00      0.00      0.00
04:59:36         0.00      0.00      0.00      0.00      0.00      0.00      0.00      0.00      0.00      0.00      0.00
04:59:46         0.00      0.00      0.00      0.00      0.00      0.00      0.00      0.00      0.00      0.00      0.00
04:59:56         0.00      0.00      0.00      0.00      0.00      0.00      0.00      0.00      0.00      0.00      0.00
05:00:06         0.00      0.00      0.00      0.00      0.00      0.00      0.00      0.00      0.00      0.00      0.00
05:00:16         0.00      0.00      0.00      0.00      0.00      0.00      0.00      0.00      0.00      0.00      0.00
05:00:26         0.00      0.00      0.00      0.00      0.00      0.00      0.00      0.00      0.00      0.00      0.00
05:00:36         0.00      0.00      0.00      0.00      0.00      0.00      0.00      0.00      0.00      0.00      0.00
05:00:46         0.00      0.00      0.00      0.00      0.00      0.00      0.00      0.00      0.00      0.00      0.00
05:00:56         0.00      0.00      0.00      0.00      0.00      0.00      0.00      0.00      0.00      0.00      0.00
05:01:06         0.00      0.00      0.00      0.00      0.00      0.00      0.00      0.00      0.00      0.00      0.00
05:01:16         0.00      0.00      0.00      0.00      0.00      0.00      0.00      0.00      0.00      0.00      0.00
05:01:26         0.00      0.00      0.00      0.00      0.00      0.00      0.00      0.00      0.00      0.00      0.00
05:01:36         0.00      0.00      0.00      0.00      0.00      0.00      0.00      0.00      0.00      0.00      0.00
05:01:46         0.00      0.00      0.00      0.00      0.00      0.00      0.00      0.00      0.00      0.00      0.00
05:01:56         0.00      0.00      0.00      0.00      0.00      0.00      0.00      0.00      0.00      0.00      0.00
05:02:06         0.00      0.00      0.00      0.00      0.00      0.00      0.00      0.00      0.00      0.00      0.00
05:02:16         0.00      0.00      0.00      0.00      0.00      0.00      0.00      0.00      0.00      0.00      0.00
05:02:26         0.00      0.00      0.00      0.00      0.00      0.00      0.00      0.00      0.00      0.00      0.00
05:02:36         0.00      0.00      0.00      0.00      0.00      0.00      0.00      0.00      0.00      0.00      0.00
05:02:46         0.00      0.00      0.00      0.00      0.00      0.00      0.00      0.00      0.00      0.00      0.00
05:02:56         0.00      0.00      0.00      0.00      0.00      0.00      0.00      0.00      0.00      0.00      0.00
05:03:06         0.00      0.00      0.00      0.00      0.00      0.00      0.00      0.00      0.00      0.00      0.00
05:03:16         0.00      0.00      0.00      0.00      0.00      0.00      0.00      0.00      0.00      0.00      0.00
05:03:26         0.00      0.00      0.00      0.00      0.00      0.00      0.00      0.00      0.00      0.00      0.00
05:03:36         0.00      0.00      0.00      0.00      0.00      0.00      0.00      0.00      0.00      0.00      0.00
05:03:46         0.00      0.00      0.00      0.00      0.00      0.00      0.00      0.00      0.00      0.00      0.00
05:03:56         0.00      0.00      0.00      0.00      0.00      0.00      0.00      0.00      0.00      0.00      0.00
05:04:06         0.00      0.00      0.00      0.00      0.00      0.00      0.00      0.00      0.00      0.00      0.00
05:04:16         0.00      0.00      0.00      0.00      0.00      0.00      0.00      0.00      0.00      0.00      0.00
05:04:26         0.00      0.00      0.00      0.00      0.00      0.00      0.00      0.00      0.00      0.00      0.00
05:04:36         0.00      0.00      0.00      0.00      0.00      0.00      0.00      0.00      0.00      0.00      0.00
05:04:46         0.00      0.00      0.00      0.00      0.00      0.00      0.00      0.00      0.00      0.00      0.00
05:04:56         0.00      0.00      0.00      0.00      0.00      0.00      0.00      0.00      0.00      0.00      0.00
05:05:06         0.00      0.00      0.00      0.00      0.00      0.00      0.00      0.00      0.00      0.00      0.00
05:05:16         0.00      0.00      0.00      0.00      0.00      0.00      0.00      0.00      0.00      0.00      0.00
05:05:26         0.00      0.00      0.00      0.00      0.00      0.00      0.00      0.00      0.00      0.00      0.00
05:05:36         0.00      0.00      0.00      0.00      0.00      0.00      0.00      0.00      0.00      0.00      0.00
05:05:46         0.00      0.00      0.00      0.00      0.00      0.00      0.00      0.00      0.00      0.00      0.00
05:05:56         0.00      0.00      0.00      0.00      0.00      0.00      0.00      0.00      0.00      0.00      0.00
05:06:06         0.00      0.00      0.00      0.00      0.00      0.00      0.00      0.00      0.00      0.00      0.00
05:06:16         0.00      0.00      0.00      0.00      0.00      0.00      0.00      0.00      0.00      0.00      0.00
05:06:26         0.00      0.00      0.00      0.00      0.00      0.00      0.00      0.00      0.00      0.00      0.00
05:06:36         0.00      0.00      0.00      0.00      0.00      0.00      0.00      0.00      0.00      0.00      0.00
05:06:46         0.00      0.00      0.00      0.00      0.00      0.00      0.00      0.00      0.00      0.00      0.00
05:06:56         0.00      0.00      0.00      0.00      0.00      0.00      0.00      0.00      0.00      0.00      0.00
05:07:06         0.00      0.00      0.00      0.00      0.00      0.00      0.00      0.00      0.00      0.00      0.00
05:07:16         0.00      0.00      0.00      0.00      0.00      0.00      0.00      0.00      0.00      0.00      0.00
05:07:26         0.00      0.00      0.00      0.00      0.00      0.00      0.00      0.00      0.00      0.00      0.00
05:07:36         0.00      0.00      0.00      0.00      0.00      0.00      0.00      0.00      0.00      0.00      0.00
05:07:46         0.00      0.00      0.00      0.00      0.00      0.00      0.00      0.00      0.00      0.00      0.00
05:07:56         0.00      0.00      0.00      0.00      0.00      0.00      0.00      0.00      0.00      0.00      0.00
05:08:06         0.00      0.00      0.00      0.00      0.00      0.00      0.00      0.00      0.00      0.00      0.00
05:08:16         0.00      0.00      0.00      0.00      0.00      0.00      0.00      0.00      0.00      0.00      0.00
05:08:26         0.00      0.00      0.00      0.00      0.00      0.00      0.00      0.00      0.00      0.00      0.00
05:08:36         0.00      0.00      0.00      0.00      0.00      0.00      0.00      0.00      0.00      0.00      0.00
05:08:46         0.00      0.00      0.00      0.00      0.00      0.00      0.00      0.00      0.00      0.00      0.00
05:08:56         0.00      0.00      0.00      0.00      0.00      0.00      0.00      0.00      0.00      0.00      0.00
05:09:06         0.00      0.00      0.00      0.00      0.00      0.00      0.00      0.00      0.00      0.00      0.00
05:09:16         0.00      0.00      0.00      0.00      0.00      0.00      0.00      0.00      0.00      0.00      0.00
05:09:26         0.00      0.00      0.00      0.00      0.00      0.00      0.00      0.00      0.00      0.00      0.00
05:09:36         0.00      0.00      0.00      0.00      0.00      0.00      0.00      0.00      0.00      0.00      0.00
05:09:46         0.00      0.00      0.00      0.00      0.00      0.00      0.00      0.00      0.00      0.00      0.00
05:09:56         0.00      0.00      0.00      0.00      0.00      0.00      0.00      0.00      0.00      0.00      0.00
05:10:06         0.00      0.00      0.00      0.00      0.00      0.00      0.00      0.00      0.00      0.00      0.00
05:10:16         0.00      0.00      0.00      0.00      0.00      0.00      0.00      0.00      0.00      0.00      0.00
05:10:26         0.00      0.00      0.00      0.00      0.00      0.00      0.00      0.00      0.00      0.00      0.00
05:10:36         0.00      0.00      0.00      0.00      0.00      0.00      0.00      0.00      0.00      0.00      0.00
05:10:46         0.00      0.00      0.00      0.00      0.00      0.00      0.00      0.00      0.00      0.00      0.00
05:10:56         0.00      0.00      0.00      0.00      0.00      0.00      0.00      0.00      0.00      0.00      0.00
05:11:06         0.00      0.00      0.00      0.00      0.00      0.00      0.00      0.00      0.00      0.00      0.00
05:11:16         0.00      0.00      0.00      0.00      0.00      0.00      0.00      0.00      0.00      0.00      0.00
05:11:26         0.00      0.00      0.00      0.00      0.00      0.00      0.00      0.00      0.00      0.00      0.00
05:11:36         0.00      0.00      0.00      0.00      0.00      0.00      0.00      0.00      0.00      0.00      0.00
05:11:46         0.00      0.00      0.00      0.00      0.00      0.00      0.00      0.00      0.00      0.00      0.00
05:11:56         0.00      0.00      0.00      0.00      0.00      0.00      0.00      0.00      0.00      0.00      0.00
05:12:06         0.00      0.00      0.00      0.00      0.00      0.00      0.00      0.00      0.00      0.00      0.00
05:12:16         0.00      0.00      0.00      0.00      0.00      0.00      0.00      0.00      0.00      0.00      0.00
05:12:26         0.00      0.00      0.00      0.00      0.00      0.00      0.00      0.00      0.00      0.00      0.00
05:12:36         0.00      0.00      0.00      0.00      0.00      0.00      0.00      0.00      0.00      0.00      0.00
05:12:46         0.00      0.00      0.00      0.00      0.00      0.00      0.00      0.00      0.00      0.00      0.00
05:12:56         0.00      0.00      0.00      0.00      0.00      0.00      0.00      0.00      0.00      0.00      0.00
05:13:06         0.00      0.00      0.00      0.00      0.00      0.00      0.00      0.00      0.00      0.00      0.00
05:13:16         0.00      0.00      0.00      0.00      0.00      0.00      0.00      0.00      0.00      0.00      0.00
05:13:26         0.00      0.00      0.00      0.00      0.00      0.00      0.00      0.00      0.00      0.00      0.00
05:13:36         0.00      0.00      0.00      0.00      0.00      0.00      0.00      0.00      0.00      0.00      0.00
05:13:46         0.00      0.00      0.00      0.00      0.00      0.00      0.00      0.00      0.00      0.00      0.00
05:13:56         0.00      0.00      0.00      0.00      0.00      0.00      0.00      0.00      0.00      0.00      0.00
05:14:06         0.00      0.00      0.00      0.00      0.00      0.00      0.00      0.00      0.00      0.00      0.00
05:14:16         0.00      0.00      0.00      0.00      0.00      0.00      0.00      0.00      0.00      0.00      0.00
05:14:26         0.00      0.00      0.00      0.00      0.00      0.00      0.00      0.00      0.00      0.00      0.00
05:14:36         0.00      0.00      0.00      0.00      0.00      0.00      0.00      0.00      0.00      0.00      0.00
05:14:46         0.00      0.00      0.00      0.00      0.00      0.00      0.00      0.00      0.00      0.00      0.00
05:14:56         0.00      0.00      0.00      0.00      0.00      0.00      0.00      0.00      0.00      0.00      0.00
05:15:06         0.00      0.00      0.00      0.00      0.00      0.00      0.00      0.00      0.00      0.00      0.00
05:15:16         0.00      0.00      0.00      0.00      0.00      0.00      0.00      0.00      0.00      0.00      0.00
05:15:26         0.00      0.00      0.00      0.00      0.00      0.00      0.00      0.00      0.00      0.00      0.00
05:15:36         0.00      0.00      0.00      0.00      0.00      0.00      0.00      0.00      0.00      0.00      0.00
05:15:46         0.00      0.00      0.00      0.00      0.00      0.00      0.00      0.00      0.00      0.00      0.00
05:15:56         0.00      0.00      0.00      0.00      0.00      0.00      0.00      0.00      0.00      0.00      0.00
05:16:06         0.00      0.00      0.00      0.00      0.00      0.00      0.00      0.00      0.00      0.00      0.00
05:16:16         0.00      0.00      0.00      0.00      0.00      0.00      0.00      0.00      0.00      0.00      0.00
05:16:26         0.00      0.00      0.00      0.00      0.00      0.00      0.00      0.00      0.00      0.00      0.00
05:16:36         0.00      0.00      0.00      0.00      0.00      0.00      0.00      0.00      0.00      0.00      0.00
05:16:46         0.00      0.00      0.00      0.00      0.00      0.00      0.00      0.00      0.00      0.00      0.00
05:16:56         0.00      0.00      0.00      0.00      0.00      0.00      0.00      0.00      0.00      0.00      0.00
05:17:06         0.00      0.00      0.00      0.00      0.00      0.00      0.00      0.00      0.00      0.00      0.00
05:17:16         0.00      0.00      0.00      0.00      0.00      0.00      0.00      0.00      0.00      0.00      0.00
05:17:26         0.00      0.00      0.00      0.00      0.00      0.00      0.00      0.00      0.00      0.00      0.00
05:17:36         0.00      0.00      0.00      0.00      0.00      0.00      0.00      0.00      0.00      0.00      0.00
05:17:46         0.00      0.00      0.00      0.00      0.00      0.00      0.00      0.00      0.00      0.00      0.00
05:17:56         0.00      0.00      0.00      0.00      0.00      0.00      0.00      0.00      0.00      0.00      0.00
05:18:06         0.00      0.00      0.00      0.00      0.00      0.00      0.00      0.00      0.00      0.00      0.00
05:18:16         0.00      0.00      0.00      0.00      0.00      0.00      0.00      0.00      0.00      0.00      0.00
05:18:26         0.00      0.00      0.00      0.00      0.00      0.00      0.00      0.00      0.00      0.00      0.00
05:18:36         0.00      0.00      0.00      0.00      0.00      0.00      0.00      0.00      0.00      0.00      0.00
05:18:46         0.00      0.00      0.00      0.00      0.00      0.00      0.00      0.00      0.00      0.00      0.00
05:18:56         0.00      0.00      0.00      0.00      0.00      0.00      0.00      0.00      0.00      0.00      0.00
05:19:06         0.00      0.00      0.00      0.00      0.00      0.00      0.00      0.00      0.00      0.00      0.00
05:19:16         0.00      0.00      0.00      0.00      0.00      0.00      0.00      0.00      0.00      0.00      0.00
05:19:26         0.00      0.00      0.00      0.00      0.00      0.00      0.00      0.00      0.00      0.00      0.00
05:19:36         0.00      0.00      0.00      0.00      0.00      0.00      0.00      0.00      0.00      0.00      0.00
05:19:46         0.00      0.00      0.00      0.00      0.00      0.00      0.00      0.00      0.00      0.00      0.00
05:19:56         0.00      0.00      0.00      0.00      0.00      0.00      0.00      0.00      0.00      0.00      0.00
05:20:06         0.00      0.00      0.00      0.00      0.00      0.00      0.00      0.00      0.00      0.00      0.00
05:20:16         0.00      0.00      0.00      0.00      0.00      0.00      0.00      0.00      0.00      0.00      0.00
05:20:26         0.00      0.00      0.00      0.00      0.00      0.00      0.00      0.00      0.00      0.00      0.00
05:20:36         0.00      0.00      0.00      0.00      0.00      0.00      0.00      0.00      0.00      0.00      0.00
05:20:46         0.00      0.00      0.00      0.00      0.00      0.00      0.00      0.00      0.00      0.00      0.00
05:20:56         0.00      0.00      0.00      0.00      0.00      0.00      0.00      0.00      0.00      0.00      0.00
05:21:06         0.00      0.00      0.00      0.00      0.00      0.00      0.00      0.00      0.00      0.00      0.00
05:21:16         0.00      0.00      0.00      0.00      0.00      0.00      0.00      0.00      0.00      0.00      0.00
05:21:26         0.00      0.00      0.00      0.00      0.00      0.00      0.00      0.00      0.00      0.00      0.00
05:21:36         0.00      0.00      0.00      0.00      0.00      0.00      0.00      0.00      0.00      0.00      0.00
05:21:46         0.00      0.00      0.00      0.00      0.00      0.00      0.00      0.00      0.00      0.00      0.00
05:21:56         0.00      0.00      0.00      0.00      0.00      0.00      0.00      0.00      0.00      0.00      0.00
05:22:06         0.00      0.00      0.00      0.00      0.00      0.00      0.00      0.00      0.00      0.00      0.00
05:22:16         0.00      0.00      0.00      0.00      0.00      0.00      0.00      0.00      0.00      0.00      0.00
05:22:26         0.00      0.00      0.00      0.00      0.00      0.00      0.00      0.00      0.00      0.00      0.00
05:22:36         0.00      0.00      0.00      0.00      0.00      0.00      0.00      0.00      0.00      0.00      0.00
05:22:46         0.00      0.00      0.00      0.00      0.00      0.00      0.00      0.00      0.00      0.00      0.00
05:22:56         0.00      0.00      0.00      0.00      0.00      0.00      0.00      0.00      0.00      0.00      0.00
05:23:06         0.00      0.00      0.00      0.00      0.00      0.00      0.00      0.00      0.00      0.00      0.00
05:23:16         0.00      0.00      0.00      0.00      0.00      0.00      0.00      0.00      0.00      0.00      0.00
05:23:26         0.00      0.00      0.00      0.00      0.00      0.00      0.00      0.00      0.00      0.00      0.00
05:23:36         0.00      0.00      0.00      0.00      0.00      0.00      0.00      0.00      0.00      0.00      0.00
05:23:46         0.00      0.00      0.00      0.00      0.00      0.00      0.00      0.00      0.00      0.00      0.00
05:23:56         0.00      0.00      0.00      0.00      0.00      0.00      0.00      0.00      0.00      0.00      0.00
05:24:06         0.00      0.00      0.00      0.00      0.00      0.00      0.00      0.00      0.00      0.00      0.00
05:24:16         0.00      0.00      0.00      0.00      0.00      0.00      0.00      0.00      0.00      0.00      0.00
05:24:26         0.00      0.00      0.00      0.00      0.00      0.00      0.00      0.00      0.00      0.00      0.00
05:24:36         0.00      0.00      0.00      0.00      0.00      0.00      0.00      0.00      0.00      0.00      0.00
05:24:46         0.00      0.00      0.00      0.00      0.00      0.00      0.00      0.00      0.00      0.00      0.00
05:24:56         0.00      0.00      0.00      0.00      0.00      0.00      0.00      0.00      0.00      0.00      0.00
05:25:06         0.00      0.00      0.00      0.00      0.00      0.00      0.00      0.00      0.00      0.00      0.00
05:25:16         0.00      0.00      0.00      0.00      0.00      0.00      0.00      0.00      0.00      0.00      0.00
05:25:26         0.00      0.00      0.00      0.00      0.00      0.00      0.00      0.00      0.00      0.00      0.00
05:25:36         0.00      0.00      0.00      0.00      0.00      0.00      0.00      0.00      0.00      0.00      0.00
05:25:46         0.00      0.00      0.00      0.00      0.00      0.00      0.00      0.00      0.00      0.00      0.00
05:25:56         0.00      0.00      0.00      0.00      0.00      0.00      0.00      0.00      0.00      0.00      0.00
05:26:06         0.00      0.00      0.00      0.00      0.00      0.00      0.00      0.00      0.00      0.00      0.00
05:26:16         0.00      0.00      0.00      0.00      0.00      0.00      0.00      0.00      0.00      0.00      0.00
05:26:26         0.00      0.00      0.00      0.00      0.00      0.00      0.00      0.00      0.00      0.00      0.00
05:26:36         0.00      0.00      0.00      0.00      0.00      0.00      0.00      0.00      0.00      0.00      0.00
05:26:46         0.00      0.00      0.00      0.00      0.00      0.00      0.00      0.00      0.00      0.00      0.00
05:26:56         0.00      0.00      0.00      0.00      0.00      0.00      0.00      0.00      0.00      0.00      0.00
05:27:06         0.00      0.00      0.00      0.00      0.00      0.00      0.00      0.00      0.00      0.00      0.00
05:27:16         0.00      0.00      0.00      0.00      0.00      0.00      0.00      0.00      0.00      0.00      0.00
05:27:26         0.00      0.00      0.00      0.00      0.00      0.00      0.00      0.00      0.00      0.00      0.00
05:27:36         0.00      0.00      0.00      0.00      0.00      0.00      0.00      0.00      0.00      0.00      0.00
05:27:46         0.00      0.00      0.00      0.00      0.00      0.00      0.00      0.00      0.00      0.00      0.00
05:27:56         0.00      0.00      0.00      0.00      0.00      0.00      0.00      0.00      0.00      0.00      0.00
05:28:06         0.00      0.00      0.00      0.00      0.00      0.00      0.00      0.00      0.00      0.00      0.00
Average:         0.00      0.00      0.00      0.00      0.00      0.00      0.00      0.00      0.00      0.00      0.00

04:48:06      imsg6/s   omsg6/s   iech6/s  iechr6/s  oechr6/s  igmbq6/s  igmbr6/s  ogmbr6/s igmbrd6/s ogmbrd6/s irtsol6/s ortsol6/s  irtad6/s inbsol6/s onbsol6/s  inbad6/s  onbad6/s
04:48:16         0.00      0.00      0.00      0.00      0.00      0.00      0.00      0.00      0.00      0.00      0.00      0.00      0.00      0.00      0.00      0.00      0.00
04:48:26         0.00      0.00      0.00      0.00      0.00      0.00      0.00      0.00      0.00      0.00      0.00      0.00      0.00      0.00      0.00      0.00      0.00
04:48:36         0.00      0.00      0.00      0.00      0.00      0.00      0.00      0.00      0.00      0.00      0.00      0.00      0.00      0.00      0.00      0.00      0.00
04:48:46         0.00      0.00      0.00      0.00      0.00      0.00      0.00      0.00      0.00      0.00      0.00      0.00      0.00      0.00      0.00      0.00      0.00
04:48:56         0.00      0.00      0.00      0.00      0.00      0.00      0.00      0.00      0.00      0.00      0.00      0.00      0.00      0.00      0.00      0.00      0.00
04:49:06         0.00      0.00      0.00      0.00      0.00      0.00      0.00      0.00      0.00      0.00      0.00      0.00      0.00      0.00      0.00      0.00      0.00
04:49:16         0.00      0.00      0.00      0.00      0.00      0.00      0.00      0.00      0.00      0.00      0.00      0.00      0.00      0.00      0.00      0.00      0.00
04:49:26         0.00      0.00      0.00      0.00      0.00      0.00      0.00      0.00      0.00      0.00      0.00      0.00      0.00      0.00      0.00      0.00      0.00
04:49:36         0.00      0.00      0.00      0.00      0.00      0.00      0.00      0.00      0.00      0.00      0.00      0.00      0.00      0.00      0.00      0.00      0.00
04:49:46         0.00      0.00      0.00      0.00      0.00      0.00      0.00      0.00      0.00      0.00      0.00      0.00      0.00      0.00      0.00      0.00      0.00
04:49:56         0.00      0.00      0.00      0.00      0.00      0.00      0.00      0.00      0.00      0.00      0.00      0.00      0.00      0.00      0.00      0.00      0.00
04:50:06         0.00      0.00      0.00      0.00      0.00      0.00      0.00      0.00      0.00      0.00      0.00      0.00      0.00      0.00      0.00      0.00      0.00
04:50:16         0.00      0.00      0.00      0.00      0.00      0.00      0.00      0.00      0.00      0.00      0.00      0.00      0.00      0.00      0.00      0.00      0.00
04:50:26         0.00      0.00      0.00      0.00      0.00      0.00      0.00      0.00      0.00      0.00      0.00      0.00      0.00      0.00      0.00      0.00      0.00
04:50:36         0.00      0.00      0.00      0.00      0.00      0.00      0.00      0.00      0.00      0.00      0.00      0.00      0.00      0.00      0.00      0.00      0.00
04:50:46         0.00      0.00      0.00      0.00      0.00      0.00      0.00      0.00      0.00      0.00      0.00      0.00      0.00      0.00      0.00      0.00      0.00
04:50:56         0.00      0.00      0.00      0.00      0.00      0.00      0.00      0.00      0.00      0.00      0.00      0.00      0.00      0.00      0.00      0.00      0.00
04:51:06         0.00      0.00      0.00      0.00      0.00      0.00      0.00      0.00      0.00      0.00      0.00      0.00      0.00      0.00      0.00      0.00      0.00
04:51:16         0.00      0.00      0.00      0.00      0.00      0.00      0.00      0.00      0.00      0.00      0.00      0.00      0.00      0.00      0.00      0.00      0.00
04:51:26         0.00      0.00      0.00      0.00      0.00      0.00      0.00      0.00      0.00      0.00      0.00      0.00      0.00      0.00      0.00      0.00      0.00
04:51:36         0.00      0.00      0.00      0.00      0.00      0.00      0.00      0.00      0.00      0.00      0.00      0.00      0.00      0.00      0.00      0.00      0.00
04:51:46         0.00      0.00      0.00      0.00      0.00      0.00      0.00      0.00      0.00      0.00      0.00      0.00      0.00      0.00      0.00      0.00      0.00
04:51:56         0.00      0.00      0.00      0.00      0.00      0.00      0.00      0.00      0.00      0.00      0.00      0.00      0.00      0.00      0.00      0.00      0.00
04:52:06         0.00      0.00      0.00      0.00      0.00      0.00      0.00      0.00      0.00      0.00      0.00      0.00      0.00      0.00      0.00      0.00      0.00
04:52:16         0.00      0.00      0.00      0.00      0.00      0.00      0.00      0.00      0.00      0.00      0.00      0.00      0.00      0.00      0.00      0.00      0.00
04:52:26         0.00      0.00      0.00      0.00      0.00      0.00      0.00      0.00      0.00      0.00      0.00      0.00      0.00      0.00      0.00      0.00      0.00
04:52:36         0.00      0.00      0.00      0.00      0.00      0.00      0.00      0.00      0.00      0.00      0.00      0.00      0.00      0.00      0.00      0.00      0.00
04:52:46         0.00      0.00      0.00      0.00      0.00      0.00      0.00      0.00      0.00      0.00      0.00      0.00      0.00      0.00      0.00      0.00      0.00
04:52:56         0.00      0.00      0.00      0.00      0.00      0.00      0.00      0.00      0.00      0.00      0.00      0.00      0.00      0.00      0.00      0.00      0.00
04:53:06         0.00      0.00      0.00      0.00      0.00      0.00      0.00      0.00      0.00      0.00      0.00      0.00      0.00      0.00      0.00      0.00      0.00
04:53:16         0.00      0.00      0.00      0.00      0.00      0.00      0.00      0.00      0.00      0.00      0.00      0.00      0.00      0.00      0.00      0.00      0.00
04:53:26         0.00      0.00      0.00      0.00      0.00      0.00      0.00      0.00      0.00      0.00      0.00      0.00      0.00      0.00      0.00      0.00      0.00
04:53:36         0.00      0.00      0.00      0.00      0.00      0.00      0.00      0.00      0.00      0.00      0.00      0.00      0.00      0.00      0.00      0.00      0.00
04:53:46         0.00      0.00      0.00      0.00      0.00      0.00      0.00      0.00      0.00      0.00      0.00      0.00      0.00      0.00      0.00      0.00      0.00
04:53:56         0.00      0.00      0.00      0.00      0.00      0.00      0.00      0.00      0.00      0.00      0.00      0.00      0.00      0.00      0.00      0.00      0.00
04:54:06         0.00      0.00      0.00      0.00      0.00      0.00      0.00      0.00      0.00      0.00      0.00      0.00      0.00      0.00      0.00      0.00      0.00
04:54:16         0.00      0.00      0.00      0.00      0.00      0.00      0.00      0.00      0.00      0.00      0.00      0.00      0.00      0.00      0.00      0.00      0.00
04:54:26         0.00      0.00      0.00      0.00      0.00      0.00      0.00      0.00      0.00      0.00      0.00      0.00      0.00      0.00      0.00      0.00      0.00
04:54:36         0.00      0.00      0.00      0.00      0.00      0.00      0.00      0.00      0.00      0.00      0.00      0.00      0.00      0.00      0.00      0.00      0.00
04:54:46         0.00      0.00      0.00      0.00      0.00      0.00      0.00      0.00      0.00      0.00      0.00      0.00      0.00      0.00      0.00      0.00      0.00
04:54:56         0.00      0.00      0.00      0.00      0.00      0.00      0.00      0.00      0.00      0.00      0.00      0.00      0.00      0.00      0.00      0.00      0.00
04:55:06         0.00      0.00      0.00      0.00      0.00      0.00      0.00      0.00      0.00      0.00      0.00      0.00      0.00      0.00      0.00      0.00      0.00
04:55:16         0.00      0.00      0.00      0.00      0.00      0.00      0.00      0.00      0.00      0.00      0.00      0.00      0.00      0.00      0.00      0.00      0.00
04:55:26         0.00      0.00      0.00      0.00      0.00      0.00      0.00      0.00      0.00      0.00      0.00      0.00      0.00      0.00      0.00      0.00      0.00
04:55:36         0.00      0.00      0.00      0.00      0.00      0.00      0.00      0.00      0.00      0.00      0.00      0.00      0.00      0.00      0.00      0.00      0.00
04:55:46         0.00      0.00      0.00      0.00      0.00      0.00      0.00      0.00      0.00      0.00      0.00      0.00      0.00      0.00      0.00      0.00      0.00
04:55:56         0.00      0.00      0.00      0.00      0.00      0.00      0.00      0.00      0.00      0.00      0.00      0.00      0.00      0.00      0.00      0.00      0.00
04:56:06         0.00      0.00      0.00      0.00      0.00      0.00      0.00      0.00      0.00      0.00      0.00      0.00      0.00      0.00      0.00      0.00      0.00
04:56:16         0.00      0.00      0.00      0.00      0.00      0.00      0.00      0.00      0.00      0.00      0.00      0.00      0.00      0.00      0.00      0.00      0.00
04:56:26         0.00      0.00      0.00      0.00      0.00      0.00      0.00      0.00      0.00      0.00      0.00      0.00      0.00      0.00      0.00      0.00      0.00
04:56:36         0.00      0.00      0.00      0.00      0.00      0.00      0.00      0.00      0.00      0.00      0.00      0.00      0.00      0.00      0.00      0.00      0.00
04:56:46         0.00      0.00      0.00      0.00      0.00      0.00      0.00      0.00      0.00      0.00      0.00      0.00      0.00      0.00      0.00      0.00      0.00
04:56:56         0.00      0.00      0.00      0.00      0.00      0.00      0.00      0.00      0.00      0.00      0.00      0.00      0.00      0.00      0.00      0.00      0.00
04:57:06         0.00      0.00      0.00      0.00      0.00      0.00      0.00      0.00      0.00      0.00      0.00      0.00      0.00      0.00      0.00      0.00      0.00
04:57:16         0.00      0.00      0.00      0.00      0.00      0.00      0.00      0.00      0.00      0.00      0.00      0.00      0.00      0.00      0.00      0.00      0.00
04:57:26         0.00      0.00      0.00      0.00      0.00      0.00      0.00      0.00      0.00      0.00      0.00      0.00      0.00      0.00      0.00      0.00      0.00
04:57:36         0.00      0.00      0.00      0.00      0.00      0.00      0.00      0.00      0.00      0.00      0.00      0.00      0.00      0.00      0.00      0.00      0.00
04:57:46         0.00      0.00      0.00      0.00      0.00      0.00      0.00      0.00      0.00      0.00      0.00      0.00      0.00      0.00      0.00      0.00      0.00
04:57:56         0.00      0.00      0.00      0.00      0.00      0.00      0.00      0.00      0.00      0.00      0.00      0.00      0.00      0.00      0.00      0.00      0.00
04:58:06         0.00      0.00      0.00      0.00      0.00      0.00      0.00      0.00      0.00      0.00      0.00      0.00      0.00      0.00      0.00      0.00      0.00
04:58:16         0.00      0.00      0.00      0.00      0.00      0.00      0.00      0.00      0.00      0.00      0.00      0.00      0.00      0.00      0.00      0.00      0.00
04:58:26         0.00      0.00      0.00      0.00      0.00      0.00      0.00      0.00      0.00      0.00      0.00      0.00      0.00      0.00      0.00      0.00      0.00
04:58:36         0.00      0.00      0.00      0.00      0.00      0.00      0.00      0.00      0.00      0.00      0.00      0.00      0.00      0.00      0.00      0.00      0.00
04:58:46         0.00      0.00      0.00      0.00      0.00      0.00      0.00      0.00      0.00      0.00      0.00      0.00      0.00      0.00      0.00      0.00      0.00
04:58:56         0.00      0.00      0.00      0.00      0.00      0.00      0.00      0.00      0.00      0.00      0.00      0.00      0.00      0.00      0.00      0.00      0.00
04:59:06         0.00      0.00      0.00      0.00      0.00      0.00      0.00      0.00      0.00      0.00      0.00      0.00      0.00      0.00      0.00      0.00      0.00
04:59:16         0.00      0.00      0.00      0.00      0.00      0.00      0.00      0.00      0.00      0.00      0.00      0.00      0.00      0.00      0.00      0.00      0.00
04:59:26         0.00      0.00      0.00      0.00      0.00      0.00      0.00      0.00      0.00      0.00      0.00      0.00      0.00      0.00      0.00      0.00      0.00
04:59:36         0.00      0.00      0.00      0.00      0.00      0.00      0.00      0.00      0.00      0.00      0.00      0.00      0.00      0.00      0.00      0.00      0.00
04:59:46         0.00      0.00      0.00      0.00      0.00      0.00      0.00      0.00      0.00      0.00      0.00      0.00      0.00      0.00      0.00      0.00      0.00
04:59:56         0.00      0.00      0.00      0.00      0.00      0.00      0.00      0.00      0.00      0.00      0.00      0.00      0.00      0.00      0.00      0.00      0.00
05:00:06         0.00      0.00      0.00      0.00      0.00      0.00      0.00      0.00      0.00      0.00      0.00      0.00      0.00      0.00      0.00      0.00      0.00
05:00:16         0.00      0.00      0.00      0.00      0.00      0.00      0.00      0.00      0.00      0.00      0.00      0.00      0.00      0.00      0.00      0.00      0.00
05:00:26         0.00      0.00      0.00      0.00      0.00      0.00      0.00      0.00      0.00      0.00      0.00      0.00      0.00      0.00      0.00      0.00      0.00
05:00:36         0.00      0.00      0.00      0.00      0.00      0.00      0.00      0.00      0.00      0.00      0.00      0.00      0.00      0.00      0.00      0.00      0.00
05:00:46         0.00      0.00      0.00      0.00      0.00      0.00      0.00      0.00      0.00      0.00      0.00      0.00      0.00      0.00      0.00      0.00      0.00
05:00:56         0.00      0.00      0.00      0.00      0.00      0.00      0.00      0.00      0.00      0.00      0.00      0.00      0.00      0.00      0.00      0.00      0.00
05:01:06         0.00      0.00      0.00      0.00      0.00      0.00      0.00      0.00      0.00      0.00      0.00      0.00      0.00      0.00      0.00      0.00      0.00
05:01:16         0.00      0.00      0.00      0.00      0.00      0.00      0.00      0.00      0.00      0.00      0.00      0.00      0.00      0.00      0.00      0.00      0.00
05:01:26         0.00      0.00      0.00      0.00      0.00      0.00      0.00      0.00      0.00      0.00      0.00      0.00      0.00      0.00      0.00      0.00      0.00
05:01:36         0.00      0.00      0.00      0.00      0.00      0.00      0.00      0.00      0.00      0.00      0.00      0.00      0.00      0.00      0.00      0.00      0.00
05:01:46         0.00      0.00      0.00      0.00      0.00      0.00      0.00      0.00      0.00      0.00      0.00      0.00      0.00      0.00      0.00      0.00      0.00
05:01:56         0.00      0.00      0.00      0.00      0.00      0.00      0.00      0.00      0.00      0.00      0.00      0.00      0.00      0.00      0.00      0.00      0.00
05:02:06         0.00      0.00      0.00      0.00      0.00      0.00      0.00      0.00      0.00      0.00      0.00      0.00      0.00      0.00      0.00      0.00      0.00
05:02:16         0.00      0.00      0.00      0.00      0.00      0.00      0.00      0.00      0.00      0.00      0.00      0.00      0.00      0.00      0.00      0.00      0.00
05:02:26         0.00      0.00      0.00      0.00      0.00      0.00      0.00      0.00      0.00      0.00      0.00      0.00      0.00      0.00      0.00      0.00      0.00
05:02:36         0.00      0.00      0.00      0.00      0.00      0.00      0.00      0.00      0.00      0.00      0.00      0.00      0.00      0.00      0.00      0.00      0.00
05:02:46         0.00      0.00      0.00      0.00      0.00      0.00      0.00      0.00      0.00      0.00      0.00      0.00      0.00      0.00      0.00      0.00      0.00
05:02:56         0.00      0.00      0.00      0.00      0.00      0.00      0.00      0.00      0.00      0.00      0.00      0.00      0.00      0.00      0.00      0.00      0.00
05:03:06         0.00      0.00      0.00      0.00      0.00      0.00      0.00      0.00      0.00      0.00      0.00      0.00      0.00      0.00      0.00      0.00      0.00
05:03:16         0.00      0.10      0.00      0.00      0.00      0.00      0.00      0.00      0.00      0.00      0.00      0.10      0.00      0.00      0.00      0.00      0.00
05:03:26         0.00      0.00      0.00      0.00      0.00      0.00      0.00      0.00      0.00      0.00      0.00      0.00      0.00      0.00      0.00      0.00      0.00
05:03:36         0.00      0.00      0.00      0.00      0.00      0.00      0.00      0.00      0.00      0.00      0.00      0.00      0.00      0.00      0.00      0.00      0.00
05:03:46         0.00      0.00      0.00      0.00      0.00      0.00      0.00      0.00      0.00      0.00      0.00      0.00      0.00      0.00      0.00      0.00      0.00
05:03:56         0.00      0.00      0.00      0.00      0.00      0.00      0.00      0.00      0.00      0.00      0.00      0.00      0.00      0.00      0.00      0.00      0.00
05:04:06         0.00      0.00      0.00      0.00      0.00      0.00      0.00      0.00      0.00      0.00      0.00      0.00      0.00      0.00      0.00      0.00      0.00
05:04:16         0.00      0.00      0.00      0.00      0.00      0.00      0.00      0.00      0.00      0.00      0.00      0.00      0.00      0.00      0.00      0.00      0.00
05:04:26         0.00      0.00      0.00      0.00      0.00      0.00      0.00      0.00      0.00      0.00      0.00      0.00      0.00      0.00      0.00      0.00      0.00
05:04:36         0.00      0.00      0.00      0.00      0.00      0.00      0.00      0.00      0.00      0.00      0.00      0.00      0.00      0.00      0.00      0.00      0.00
05:04:46         0.00      0.00      0.00      0.00      0.00      0.00      0.00      0.00      0.00      0.00      0.00      0.00      0.00      0.00      0.00      0.00      0.00
05:04:56         0.00      0.00      0.00      0.00      0.00      0.00      0.00      0.00      0.00      0.00      0.00      0.00      0.00      0.00      0.00      0.00      0.00
05:05:06         0.00      0.00      0.00      0.00      0.00      0.00      0.00      0.00      0.00      0.00      0.00      0.00      0.00      0.00      0.00      0.00      0.00
05:05:16         0.00      0.00      0.00      0.00      0.00      0.00      0.00      0.00      0.00      0.00      0.00      0.00      0.00      0.00      0.00      0.00      0.00
05:05:26         0.00      0.00      0.00      0.00      0.00      0.00      0.00      0.00      0.00      0.00      0.00      0.00      0.00      0.00      0.00      0.00      0.00
05:05:36         0.00      0.00      0.00      0.00      0.00      0.00      0.00      0.00      0.00      0.00      0.00      0.00      0.00      0.00      0.00      0.00      0.00
05:05:46         0.00      0.00      0.00      0.00      0.00      0.00      0.00      0.00      0.00      0.00      0.00      0.00      0.00      0.00      0.00      0.00      0.00
05:05:56         0.00      0.00      0.00      0.00      0.00      0.00      0.00      0.00      0.00      0.00      0.00      0.00      0.00      0.00      0.00      0.00      0.00
05:06:06         0.00      0.00      0.00      0.00      0.00      0.00      0.00      0.00      0.00      0.00      0.00      0.00      0.00      0.00      0.00      0.00      0.00
05:06:16         0.00      0.00      0.00      0.00      0.00      0.00      0.00      0.00      0.00      0.00      0.00      0.00      0.00      0.00      0.00      0.00      0.00
05:06:26         0.00      0.00      0.00      0.00      0.00      0.00      0.00      0.00      0.00      0.00      0.00      0.00      0.00      0.00      0.00      0.00      0.00
05:06:36         0.00      0.00      0.00      0.00      0.00      0.00      0.00      0.00      0.00      0.00      0.00      0.00      0.00      0.00      0.00      0.00      0.00
05:06:46         0.00      0.00      0.00      0.00      0.00      0.00      0.00      0.00      0.00      0.00      0.00      0.00      0.00      0.00      0.00      0.00      0.00
05:06:56         0.00      0.00      0.00      0.00      0.00      0.00      0.00      0.00      0.00      0.00      0.00      0.00      0.00      0.00      0.00      0.00      0.00
05:07:06         0.00      0.00      0.00      0.00      0.00      0.00      0.00      0.00      0.00      0.00      0.00      0.00      0.00      0.00      0.00      0.00      0.00
05:07:16         0.00      0.00      0.00      0.00      0.00      0.00      0.00      0.00      0.00      0.00      0.00      0.00      0.00      0.00      0.00      0.00      0.00
05:07:26         0.00      0.00      0.00      0.00      0.00      0.00      0.00      0.00      0.00      0.00      0.00      0.00      0.00      0.00      0.00      0.00      0.00
05:07:36         0.00      0.00      0.00      0.00      0.00      0.00      0.00      0.00      0.00      0.00      0.00      0.00      0.00      0.00      0.00      0.00      0.00
05:07:46         0.00      0.00      0.00      0.00      0.00      0.00      0.00      0.00      0.00      0.00      0.00      0.00      0.00      0.00      0.00      0.00      0.00
05:07:56         0.00      0.00      0.00      0.00      0.00      0.00      0.00      0.00      0.00      0.00      0.00      0.00      0.00      0.00      0.00      0.00      0.00
05:08:06         0.00      0.00      0.00      0.00      0.00      0.00      0.00      0.00      0.00      0.00      0.00      0.00      0.00      0.00      0.00      0.00      0.00
05:08:16         0.00      0.00      0.00      0.00      0.00      0.00      0.00      0.00      0.00      0.00      0.00      0.00      0.00      0.00      0.00      0.00      0.00
05:08:26         0.00      0.00      0.00      0.00      0.00      0.00      0.00      0.00      0.00      0.00      0.00      0.00      0.00      0.00      0.00      0.00      0.00
05:08:36         0.00      0.00      0.00      0.00      0.00      0.00      0.00      0.00      0.00      0.00      0.00      0.00      0.00      0.00      0.00      0.00      0.00
05:08:46         0.00      0.00      0.00      0.00      0.00      0.00      0.00      0.00      0.00      0.00      0.00      0.00      0.00      0.00      0.00      0.00      0.00
05:08:56         0.00      0.00      0.00      0.00      0.00      0.00      0.00      0.00      0.00      0.00      0.00      0.00      0.00      0.00      0.00      0.00      0.00
05:09:06         0.00      0.00      0.00      0.00      0.00      0.00      0.00      0.00      0.00      0.00      0.00      0.00      0.00      0.00      0.00      0.00      0.00
05:09:16         0.00      0.00      0.00      0.00      0.00      0.00      0.00      0.00      0.00      0.00      0.00      0.00      0.00      0.00      0.00      0.00      0.00
05:09:26         0.00      0.00      0.00      0.00      0.00      0.00      0.00      0.00      0.00      0.00      0.00      0.00      0.00      0.00      0.00      0.00      0.00
05:09:36         0.00      0.00      0.00      0.00      0.00      0.00      0.00      0.00      0.00      0.00      0.00      0.00      0.00      0.00      0.00      0.00      0.00
05:09:46         0.00      0.00      0.00      0.00      0.00      0.00      0.00      0.00      0.00      0.00      0.00      0.00      0.00      0.00      0.00      0.00      0.00
05:09:56         0.00      0.00      0.00      0.00      0.00      0.00      0.00      0.00      0.00      0.00      0.00      0.00      0.00      0.00      0.00      0.00      0.00
05:10:06         0.00      0.00      0.00      0.00      0.00      0.00      0.00      0.00      0.00      0.00      0.00      0.00      0.00      0.00      0.00      0.00      0.00
05:10:16         0.00      0.00      0.00      0.00      0.00      0.00      0.00      0.00      0.00      0.00      0.00      0.00      0.00      0.00      0.00      0.00      0.00
05:10:26         0.00      0.00      0.00      0.00      0.00      0.00      0.00      0.00      0.00      0.00      0.00      0.00      0.00      0.00      0.00      0.00      0.00
05:10:36         0.00      0.00      0.00      0.00      0.00      0.00      0.00      0.00      0.00      0.00      0.00      0.00      0.00      0.00      0.00      0.00      0.00
05:10:46         0.00      0.00      0.00      0.00      0.00      0.00      0.00      0.00      0.00      0.00      0.00      0.00      0.00      0.00      0.00      0.00      0.00
05:10:56         0.00      0.00      0.00      0.00      0.00      0.00      0.00      0.00      0.00      0.00      0.00      0.00      0.00      0.00      0.00      0.00      0.00
05:11:06         0.00      0.00      0.00      0.00      0.00      0.00      0.00      0.00      0.00      0.00      0.00      0.00      0.00      0.00      0.00      0.00      0.00
05:11:16         0.00      0.00      0.00      0.00      0.00      0.00      0.00      0.00      0.00      0.00      0.00      0.00      0.00      0.00      0.00      0.00      0.00
05:11:26         0.00      0.00      0.00      0.00      0.00      0.00      0.00      0.00      0.00      0.00      0.00      0.00      0.00      0.00      0.00      0.00      0.00
05:11:36         0.00      0.00      0.00      0.00      0.00      0.00      0.00      0.00      0.00      0.00      0.00      0.00      0.00      0.00      0.00      0.00      0.00
05:11:46         0.00      0.00      0.00      0.00      0.00      0.00      0.00      0.00      0.00      0.00      0.00      0.00      0.00      0.00      0.00      0.00      0.00
05:11:56         0.00      0.00      0.00      0.00      0.00      0.00      0.00      0.00      0.00      0.00      0.00      0.00      0.00      0.00      0.00      0.00      0.00
05:12:06         0.00      0.00      0.00      0.00      0.00      0.00      0.00      0.00      0.00      0.00      0.00      0.00      0.00      0.00      0.00      0.00      0.00
05:12:16         0.00      0.00      0.00      0.00      0.00      0.00      0.00      0.00      0.00      0.00      0.00      0.00      0.00      0.00      0.00      0.00      0.00
05:12:26         0.00      0.00      0.00      0.00      0.00      0.00      0.00      0.00      0.00      0.00      0.00      0.00      0.00      0.00      0.00      0.00      0.00
05:12:36         0.00      0.00      0.00      0.00      0.00      0.00      0.00      0.00      0.00      0.00      0.00      0.00      0.00      0.00      0.00      0.00      0.00
05:12:46         0.00      0.00      0.00      0.00      0.00      0.00      0.00      0.00      0.00      0.00      0.00      0.00      0.00      0.00      0.00      0.00      0.00
05:12:56         0.00      0.00      0.00      0.00      0.00      0.00      0.00      0.00      0.00      0.00      0.00      0.00      0.00      0.00      0.00      0.00      0.00
05:13:06         0.00      0.00      0.00      0.00      0.00      0.00      0.00      0.00      0.00      0.00      0.00      0.00      0.00      0.00      0.00      0.00      0.00
05:13:16         0.00      0.00      0.00      0.00      0.00      0.00      0.00      0.00      0.00      0.00      0.00      0.00      0.00      0.00      0.00      0.00      0.00
05:13:26         0.00      0.00      0.00      0.00      0.00      0.00      0.00      0.00      0.00      0.00      0.00      0.00      0.00      0.00      0.00      0.00      0.00
05:13:36         0.00      0.00      0.00      0.00      0.00      0.00      0.00      0.00      0.00      0.00      0.00      0.00      0.00      0.00      0.00      0.00      0.00
05:13:46         0.00      0.00      0.00      0.00      0.00      0.00      0.00      0.00      0.00      0.00      0.00      0.00      0.00      0.00      0.00      0.00      0.00
05:13:56         0.00      0.00      0.00      0.00      0.00      0.00      0.00      0.00      0.00      0.00      0.00      0.00      0.00      0.00      0.00      0.00      0.00
05:14:06         0.00      0.00      0.00      0.00      0.00      0.00      0.00      0.00      0.00      0.00      0.00      0.00      0.00      0.00      0.00      0.00      0.00
05:14:16         0.00      0.00      0.00      0.00      0.00      0.00      0.00      0.00      0.00      0.00      0.00      0.00      0.00      0.00      0.00      0.00      0.00
05:14:26         0.00      0.00      0.00      0.00      0.00      0.00      0.00      0.00      0.00      0.00      0.00      0.00      0.00      0.00      0.00      0.00      0.00
05:14:36         0.00      0.00      0.00      0.00      0.00      0.00      0.00      0.00      0.00      0.00      0.00      0.00      0.00      0.00      0.00      0.00      0.00
05:14:46         0.00      0.00      0.00      0.00      0.00      0.00      0.00      0.00      0.00      0.00      0.00      0.00      0.00      0.00      0.00      0.00      0.00
05:14:56         0.00      0.00      0.00      0.00      0.00      0.00      0.00      0.00      0.00      0.00      0.00      0.00      0.00      0.00      0.00      0.00      0.00
05:15:06         0.00      0.00      0.00      0.00      0.00      0.00      0.00      0.00      0.00      0.00      0.00      0.00      0.00      0.00      0.00      0.00      0.00
05:15:16         0.00      0.00      0.00      0.00      0.00      0.00      0.00      0.00      0.00      0.00      0.00      0.00      0.00      0.00      0.00      0.00      0.00
05:15:26         0.00      0.00      0.00      0.00      0.00      0.00      0.00      0.00      0.00      0.00      0.00      0.00      0.00      0.00      0.00      0.00      0.00
05:15:36         0.00      0.00      0.00      0.00      0.00      0.00      0.00      0.00      0.00      0.00      0.00      0.00      0.00      0.00      0.00      0.00      0.00
05:15:46         0.00      0.00      0.00      0.00      0.00      0.00      0.00      0.00      0.00      0.00      0.00      0.00      0.00      0.00      0.00      0.00      0.00
05:15:56         0.00      0.00      0.00      0.00      0.00      0.00      0.00      0.00      0.00      0.00      0.00      0.00      0.00      0.00      0.00      0.00      0.00
05:16:06         0.00      0.00      0.00      0.00      0.00      0.00      0.00      0.00      0.00      0.00      0.00      0.00      0.00      0.00      0.00      0.00      0.00
05:16:16         0.00      0.00      0.00      0.00      0.00      0.00      0.00      0.00      0.00      0.00      0.00      0.00      0.00      0.00      0.00      0.00      0.00
05:16:26         0.00      0.00      0.00      0.00      0.00      0.00      0.00      0.00      0.00      0.00      0.00      0.00      0.00      0.00      0.00      0.00      0.00
05:16:36         0.00      0.00      0.00      0.00      0.00      0.00      0.00      0.00      0.00      0.00      0.00      0.00      0.00      0.00      0.00      0.00      0.00
05:16:46         0.00      0.00      0.00      0.00      0.00      0.00      0.00      0.00      0.00      0.00      0.00      0.00      0.00      0.00      0.00      0.00      0.00
05:16:56         0.00      0.00      0.00      0.00      0.00      0.00      0.00      0.00      0.00      0.00      0.00      0.00      0.00      0.00      0.00      0.00      0.00
05:17:06         0.00      0.00      0.00      0.00      0.00      0.00      0.00      0.00      0.00      0.00      0.00      0.00      0.00      0.00      0.00      0.00      0.00
05:17:16         0.00      0.00      0.00      0.00      0.00      0.00      0.00      0.00      0.00      0.00      0.00      0.00      0.00      0.00      0.00      0.00      0.00
05:17:26         0.00      0.00      0.00      0.00      0.00      0.00      0.00      0.00      0.00      0.00      0.00      0.00      0.00      0.00      0.00      0.00      0.00
05:17:36         0.00      0.00      0.00      0.00      0.00      0.00      0.00      0.00      0.00      0.00      0.00      0.00      0.00      0.00      0.00      0.00      0.00
05:17:46         0.00      0.00      0.00      0.00      0.00      0.00      0.00      0.00      0.00      0.00      0.00      0.00      0.00      0.00      0.00      0.00      0.00
05:17:56         0.00      0.00      0.00      0.00      0.00      0.00      0.00      0.00      0.00      0.00      0.00      0.00      0.00      0.00      0.00      0.00      0.00
05:18:06         0.00      0.00      0.00      0.00      0.00      0.00      0.00      0.00      0.00      0.00      0.00      0.00      0.00      0.00      0.00      0.00      0.00
05:18:16         0.00      0.00      0.00      0.00      0.00      0.00      0.00      0.00      0.00      0.00      0.00      0.00      0.00      0.00      0.00      0.00      0.00
05:18:26         0.00      0.00      0.00      0.00      0.00      0.00      0.00      0.00      0.00      0.00      0.00      0.00      0.00      0.00      0.00      0.00      0.00
05:18:36         0.00      0.00      0.00      0.00      0.00      0.00      0.00      0.00      0.00      0.00      0.00      0.00      0.00      0.00      0.00      0.00      0.00
05:18:46         0.00      0.00      0.00      0.00      0.00      0.00      0.00      0.00      0.00      0.00      0.00      0.00      0.00      0.00      0.00      0.00      0.00
05:18:56         0.00      0.00      0.00      0.00      0.00      0.00      0.00      0.00      0.00      0.00      0.00      0.00      0.00      0.00      0.00      0.00      0.00
05:19:06         0.00      0.00      0.00      0.00      0.00      0.00      0.00      0.00      0.00      0.00      0.00      0.00      0.00      0.00      0.00      0.00      0.00
05:19:16         0.00      0.00      0.00      0.00      0.00      0.00      0.00      0.00      0.00      0.00      0.00      0.00      0.00      0.00      0.00      0.00      0.00
05:19:26         0.00      0.00      0.00      0.00      0.00      0.00      0.00      0.00      0.00      0.00      0.00      0.00      0.00      0.00      0.00      0.00      0.00
05:19:36         0.00      0.00      0.00      0.00      0.00      0.00      0.00      0.00      0.00      0.00      0.00      0.00      0.00      0.00      0.00      0.00      0.00
05:19:46         0.00      0.00      0.00      0.00      0.00      0.00      0.00      0.00      0.00      0.00      0.00      0.00      0.00      0.00      0.00      0.00      0.00
05:19:56         0.00      0.00      0.00      0.00      0.00      0.00      0.00      0.00      0.00      0.00      0.00      0.00      0.00      0.00      0.00      0.00      0.00
05:20:06         0.00      0.00      0.00      0.00      0.00      0.00      0.00      0.00      0.00      0.00      0.00      0.00      0.00      0.00      0.00      0.00      0.00
05:20:16         0.00      0.00      0.00      0.00      0.00      0.00      0.00      0.00      0.00      0.00      0.00      0.00      0.00      0.00      0.00      0.00      0.00
05:20:26         0.00      0.00      0.00      0.00      0.00      0.00      0.00      0.00      0.00      0.00      0.00      0.00      0.00      0.00      0.00      0.00      0.00
05:20:36         0.00      0.00      0.00      0.00      0.00      0.00      0.00      0.00      0.00      0.00      0.00      0.00      0.00      0.00      0.00      0.00      0.00
05:20:46         0.00      0.00      0.00      0.00      0.00      0.00      0.00      0.00      0.00      0.00      0.00      0.00      0.00      0.00      0.00      0.00      0.00
05:20:56         0.00      0.00      0.00      0.00      0.00      0.00      0.00      0.00      0.00      0.00      0.00      0.00      0.00      0.00      0.00      0.00      0.00
05:21:06         0.00      0.00      0.00      0.00      0.00      0.00      0.00      0.00      0.00      0.00      0.00      0.00      0.00      0.00      0.00      0.00      0.00
05:21:16         0.00      0.00      0.00      0.00      0.00      0.00      0.00      0.00      0.00      0.00      0.00      0.00      0.00      0.00      0.00      0.00      0.00
05:21:26         0.00      0.00      0.00      0.00      0.00      0.00      0.00      0.00      0.00      0.00      0.00      0.00      0.00      0.00      0.00      0.00      0.00
05:21:36         0.00      0.00      0.00      0.00      0.00      0.00      0.00      0.00      0.00      0.00      0.00      0.00      0.00      0.00      0.00      0.00      0.00
05:21:46         0.00      0.00      0.00      0.00      0.00      0.00      0.00      0.00      0.00      0.00      0.00      0.00      0.00      0.00      0.00      0.00      0.00
05:21:56         0.00      0.00      0.00      0.00      0.00      0.00      0.00      0.00      0.00      0.00      0.00      0.00      0.00      0.00      0.00      0.00      0.00
05:22:06         0.00      0.00      0.00      0.00      0.00      0.00      0.00      0.00      0.00      0.00      0.00      0.00      0.00      0.00      0.00      0.00      0.00
05:22:16         0.00      0.00      0.00      0.00      0.00      0.00      0.00      0.00      0.00      0.00      0.00      0.00      0.00      0.00      0.00      0.00      0.00
05:22:26         0.00      0.00      0.00      0.00      0.00      0.00      0.00      0.00      0.00      0.00      0.00      0.00      0.00      0.00      0.00      0.00      0.00
05:22:36         0.00      0.00      0.00      0.00      0.00      0.00      0.00      0.00      0.00      0.00      0.00      0.00      0.00      0.00      0.00      0.00      0.00
05:22:46         0.00      0.00      0.00      0.00      0.00      0.00      0.00      0.00      0.00      0.00      0.00      0.00      0.00      0.00      0.00      0.00      0.00
05:22:56         0.00      0.00      0.00      0.00      0.00      0.00      0.00      0.00      0.00      0.00      0.00      0.00      0.00      0.00      0.00      0.00      0.00
05:23:06         0.00      0.00      0.00      0.00      0.00      0.00      0.00      0.00      0.00      0.00      0.00      0.00      0.00      0.00      0.00      0.00      0.00
05:23:16         0.00      0.00      0.00      0.00      0.00      0.00      0.00      0.00      0.00      0.00      0.00      0.00      0.00      0.00      0.00      0.00      0.00
05:23:26         0.00      0.00      0.00      0.00      0.00      0.00      0.00      0.00      0.00      0.00      0.00      0.00      0.00      0.00      0.00      0.00      0.00
05:23:36         0.00      0.00      0.00      0.00      0.00      0.00      0.00      0.00      0.00      0.00      0.00      0.00      0.00      0.00      0.00      0.00      0.00
05:23:46         0.00      0.00      0.00      0.00      0.00      0.00      0.00      0.00      0.00      0.00      0.00      0.00      0.00      0.00      0.00      0.00      0.00
05:23:56         0.00      0.00      0.00      0.00      0.00      0.00      0.00      0.00      0.00      0.00      0.00      0.00      0.00      0.00      0.00      0.00      0.00
05:24:06         0.00      0.00      0.00      0.00      0.00      0.00      0.00      0.00      0.00      0.00      0.00      0.00      0.00      0.00      0.00      0.00      0.00
05:24:16         0.00      0.00      0.00      0.00      0.00      0.00      0.00      0.00      0.00      0.00      0.00      0.00      0.00      0.00      0.00      0.00      0.00
05:24:26         0.00      0.00      0.00      0.00      0.00      0.00      0.00      0.00      0.00      0.00      0.00      0.00      0.00      0.00      0.00      0.00      0.00
05:24:36         0.00      0.00      0.00      0.00      0.00      0.00      0.00      0.00      0.00      0.00      0.00      0.00      0.00      0.00      0.00      0.00      0.00
05:24:46         0.00      0.00      0.00      0.00      0.00      0.00      0.00      0.00      0.00      0.00      0.00      0.00      0.00      0.00      0.00      0.00      0.00
05:24:56         0.00      0.00      0.00      0.00      0.00      0.00      0.00      0.00      0.00      0.00      0.00      0.00      0.00      0.00      0.00      0.00      0.00
05:25:06         0.00      0.00      0.00      0.00      0.00      0.00      0.00      0.00      0.00      0.00      0.00      0.00      0.00      0.00      0.00      0.00      0.00
05:25:16         0.00      0.00      0.00      0.00      0.00      0.00      0.00      0.00      0.00      0.00      0.00      0.00      0.00      0.00      0.00      0.00      0.00
05:25:26         0.00      0.00      0.00      0.00      0.00      0.00      0.00      0.00      0.00      0.00      0.00      0.00      0.00      0.00      0.00      0.00      0.00
05:25:36         0.00      0.00      0.00      0.00      0.00      0.00      0.00      0.00      0.00      0.00      0.00      0.00      0.00      0.00      0.00      0.00      0.00
05:25:46         0.00      0.00      0.00      0.00      0.00      0.00      0.00      0.00      0.00      0.00      0.00      0.00      0.00      0.00      0.00      0.00      0.00
05:25:56         0.00      0.00      0.00      0.00      0.00      0.00      0.00      0.00      0.00      0.00      0.00      0.00      0.00      0.00      0.00      0.00      0.00
05:26:06         0.00      0.00      0.00      0.00      0.00      0.00      0.00      0.00      0.00      0.00      0.00      0.00      0.00      0.00      0.00      0.00      0.00
05:26:16         0.00      0.00      0.00      0.00      0.00      0.00      0.00      0.00      0.00      0.00      0.00      0.00      0.00      0.00      0.00      0.00      0.00
05:26:26         0.00      0.00      0.00      0.00      0.00      0.00      0.00      0.00      0.00      0.00      0.00      0.00      0.00      0.00      0.00      0.00      0.00
05:26:36         0.00      0.00      0.00      0.00      0.00      0.00      0.00      0.00      0.00      0.00      0.00      0.00      0.00      0.00      0.00      0.00      0.00
05:26:46         0.00      0.00      0.00      0.00      0.00      0.00      0.00      0.00      0.00      0.00      0.00      0.00      0.00      0.00      0.00      0.00      0.00
05:26:56         0.00      0.00      0.00      0.00      0.00      0.00      0.00      0.00      0.00      0.00      0.00      0.00      0.00      0.00      0.00      0.00      0.00
05:27:06         0.00      0.00      0.00      0.00      0.00      0.00      0.00      0.00      0.00      0.00      0.00      0.00      0.00      0.00      0.00      0.00      0.00
05:27:16         0.00      0.00      0.00      0.00      0.00      0.00      0.00      0.00      0.00      0.00      0.00      0.00      0.00      0.00      0.00      0.00      0.00
05:27:26         0.00      0.00      0.00      0.00      0.00      0.00      0.00      0.00      0.00      0.00      0.00      0.00      0.00      0.00      0.00      0.00      0.00
05:27:36         0.00      0.00      0.00      0.00      0.00      0.00      0.00      0.00      0.00      0.00      0.00      0.00      0.00      0.00      0.00      0.00      0.00
05:27:46         0.00      0.00      0.00      0.00      0.00      0.00      0.00      0.00      0.00      0.00      0.00      0.00      0.00      0.00      0.00      0.00      0.00
05:27:56         0.00      0.00      0.00      0.00      0.00      0.00      0.00      0.00      0.00      0.00      0.00      0.00      0.00      0.00      0.00      0.00      0.00
05:28:06         0.00      0.00      0.00      0.00      0.00      0.00      0.00      0.00      0.00      0.00      0.00      0.00      0.00      0.00      0.00      0.00      0.00
Average:         0.00      0.00      0.00      0.00      0.00      0.00      0.00      0.00      0.00      0.00      0.00      0.00      0.00      0.00      0.00      0.00      0.00

04:48:06      ierr6/s idtunr6/s odtunr6/s  itmex6/s  otmex6/s iprmpb6/s oprmpb6/s iredir6/s oredir6/s ipck2b6/s opck2b6/s
04:48:16         0.00      0.00      0.00      0.00      0.00      0.00      0.00      0.00      0.00      0.00      0.00
04:48:26         0.00      0.00      0.00      0.00      0.00      0.00      0.00      0.00      0.00      0.00      0.00
04:48:36         0.00      0.00      0.00      0.00      0.00      0.00      0.00      0.00      0.00      0.00      0.00
04:48:46         0.00      0.00      0.00      0.00      0.00      0.00      0.00      0.00      0.00      0.00      0.00
04:48:56         0.00      0.00      0.00      0.00      0.00      0.00      0.00      0.00      0.00      0.00      0.00
04:49:06         0.00      0.00      0.00      0.00      0.00      0.00      0.00      0.00      0.00      0.00      0.00
04:49:16         0.00      0.00      0.00      0.00      0.00      0.00      0.00      0.00      0.00      0.00      0.00
04:49:26         0.00      0.00      0.00      0.00      0.00      0.00      0.00      0.00      0.00      0.00      0.00
04:49:36         0.00      0.00      0.00      0.00      0.00      0.00      0.00      0.00      0.00      0.00      0.00
04:49:46         0.00      0.00      0.00      0.00      0.00      0.00      0.00      0.00      0.00      0.00      0.00
04:49:56         0.00      0.00      0.00      0.00      0.00      0.00      0.00      0.00      0.00      0.00      0.00
04:50:06         0.00      0.00      0.00      0.00      0.00      0.00      0.00      0.00      0.00      0.00      0.00
04:50:16         0.00      0.00      0.00      0.00      0.00      0.00      0.00      0.00      0.00      0.00      0.00
04:50:26         0.00      0.00      0.00      0.00      0.00      0.00      0.00      0.00      0.00      0.00      0.00
04:50:36         0.00      0.00      0.00      0.00      0.00      0.00      0.00      0.00      0.00      0.00      0.00
04:50:46         0.00      0.00      0.00      0.00      0.00      0.00      0.00      0.00      0.00      0.00      0.00
04:50:56         0.00      0.00      0.00      0.00      0.00      0.00      0.00      0.00      0.00      0.00      0.00
04:51:06         0.00      0.00      0.00      0.00      0.00      0.00      0.00      0.00      0.00      0.00      0.00
04:51:16         0.00      0.00      0.00      0.00      0.00      0.00      0.00      0.00      0.00      0.00      0.00
04:51:26         0.00      0.00      0.00      0.00      0.00      0.00      0.00      0.00      0.00      0.00      0.00
04:51:36         0.00      0.00      0.00      0.00      0.00      0.00      0.00      0.00      0.00      0.00      0.00
04:51:46         0.00      0.00      0.00      0.00      0.00      0.00      0.00      0.00      0.00      0.00      0.00
04:51:56         0.00      0.00      0.00      0.00      0.00      0.00      0.00      0.00      0.00      0.00      0.00
04:52:06         0.00      0.00      0.00      0.00      0.00      0.00      0.00      0.00      0.00      0.00      0.00
04:52:16         0.00      0.00      0.00      0.00      0.00      0.00      0.00      0.00      0.00      0.00      0.00
04:52:26         0.00      0.00      0.00      0.00      0.00      0.00      0.00      0.00      0.00      0.00      0.00
04:52:36         0.00      0.00      0.00      0.00      0.00      0.00      0.00      0.00      0.00      0.00      0.00
04:52:46         0.00      0.00      0.00      0.00      0.00      0.00      0.00      0.00      0.00      0.00      0.00
04:52:56         0.00      0.00      0.00      0.00      0.00      0.00      0.00      0.00      0.00      0.00      0.00
04:53:06         0.00      0.00      0.00      0.00      0.00      0.00      0.00      0.00      0.00      0.00      0.00
04:53:16         0.00      0.00      0.00      0.00      0.00      0.00      0.00      0.00      0.00      0.00      0.00
04:53:26         0.00      0.00      0.00      0.00      0.00      0.00      0.00      0.00      0.00      0.00      0.00
04:53:36         0.00      0.00      0.00      0.00      0.00      0.00      0.00      0.00      0.00      0.00      0.00
04:53:46         0.00      0.00      0.00      0.00      0.00      0.00      0.00      0.00      0.00      0.00      0.00
04:53:56         0.00      0.00      0.00      0.00      0.00      0.00      0.00      0.00      0.00      0.00      0.00
04:54:06         0.00      0.00      0.00      0.00      0.00      0.00      0.00      0.00      0.00      0.00      0.00
04:54:16         0.00      0.00      0.00      0.00      0.00      0.00      0.00      0.00      0.00      0.00      0.00
04:54:26         0.00      0.00      0.00      0.00      0.00      0.00      0.00      0.00      0.00      0.00      0.00
04:54:36         0.00      0.00      0.00      0.00      0.00      0.00      0.00      0.00      0.00      0.00      0.00
04:54:46         0.00      0.00      0.00      0.00      0.00      0.00      0.00      0.00      0.00      0.00      0.00
04:54:56         0.00      0.00      0.00      0.00      0.00      0.00      0.00      0.00      0.00      0.00      0.00
04:55:06         0.00      0.00      0.00      0.00      0.00      0.00      0.00      0.00      0.00      0.00      0.00
04:55:16         0.00      0.00      0.00      0.00      0.00      0.00      0.00      0.00      0.00      0.00      0.00
04:55:26         0.00      0.00      0.00      0.00      0.00      0.00      0.00      0.00      0.00      0.00      0.00
04:55:36         0.00      0.00      0.00      0.00      0.00      0.00      0.00      0.00      0.00      0.00      0.00
04:55:46         0.00      0.00      0.00      0.00      0.00      0.00      0.00      0.00      0.00      0.00      0.00
04:55:56         0.00      0.00      0.00      0.00      0.00      0.00      0.00      0.00      0.00      0.00      0.00
04:56:06         0.00      0.00      0.00      0.00      0.00      0.00      0.00      0.00      0.00      0.00      0.00
04:56:16         0.00      0.00      0.00      0.00      0.00      0.00      0.00      0.00      0.00      0.00      0.00
04:56:26         0.00      0.00      0.00      0.00      0.00      0.00      0.00      0.00      0.00      0.00      0.00
04:56:36         0.00      0.00      0.00      0.00      0.00      0.00      0.00      0.00      0.00      0.00      0.00
04:56:46         0.00      0.00      0.00      0.00      0.00      0.00      0.00      0.00      0.00      0.00      0.00
04:56:56         0.00      0.00      0.00      0.00      0.00      0.00      0.00      0.00      0.00      0.00      0.00
04:57:06         0.00      0.00      0.00      0.00      0.00      0.00      0.00      0.00      0.00      0.00      0.00
04:57:16         0.00      0.00      0.00      0.00      0.00      0.00      0.00      0.00      0.00      0.00      0.00
04:57:26         0.00      0.00      0.00      0.00      0.00      0.00      0.00      0.00      0.00      0.00      0.00
04:57:36         0.00      0.00      0.00      0.00      0.00      0.00      0.00      0.00      0.00      0.00      0.00
04:57:46         0.00      0.00      0.00      0.00      0.00      0.00      0.00      0.00      0.00      0.00      0.00
04:57:56         0.00      0.00      0.00      0.00      0.00      0.00      0.00      0.00      0.00      0.00      0.00
04:58:06         0.00      0.00      0.00      0.00      0.00      0.00      0.00      0.00      0.00      0.00      0.00
04:58:16         0.00      0.00      0.00      0.00      0.00      0.00      0.00      0.00      0.00      0.00      0.00
04:58:26         0.00      0.00      0.00      0.00      0.00      0.00      0.00      0.00      0.00      0.00      0.00
04:58:36         0.00      0.00      0.00      0.00      0.00      0.00      0.00      0.00      0.00      0.00      0.00
04:58:46         0.00      0.00      0.00      0.00      0.00      0.00      0.00      0.00      0.00      0.00      0.00
04:58:56         0.00      0.00      0.00      0.00      0.00      0.00      0.00      0.00      0.00      0.00      0.00
04:59:06         0.00      0.00      0.00      0.00      0.00      0.00      0.00      0.00      0.00      0.00      0.00
04:59:16         0.00      0.00      0.00      0.00      0.00      0.00      0.00      0.00      0.00      0.00      0.00
04:59:26         0.00      0.00      0.00      0.00      0.00      0.00      0.00      0.00      0.00      0.00      0.00
04:59:36         0.00      0.00      0.00      0.00      0.00      0.00      0.00      0.00      0.00      0.00      0.00
04:59:46         0.00      0.00      0.00      0.00      0.00      0.00      0.00      0.00      0.00      0.00      0.00
04:59:56         0.00      0.00      0.00      0.00      0.00      0.00      0.00      0.00      0.00      0.00      0.00
05:00:06         0.00      0.00      0.00      0.00      0.00      0.00      0.00      0.00      0.00      0.00      0.00
05:00:16         0.00      0.00      0.00      0.00      0.00      0.00      0.00      0.00      0.00      0.00      0.00
05:00:26         0.00      0.00      0.00      0.00      0.00      0.00      0.00      0.00      0.00      0.00      0.00
05:00:36         0.00      0.00      0.00      0.00      0.00      0.00      0.00      0.00      0.00      0.00      0.00
05:00:46         0.00      0.00      0.00      0.00      0.00      0.00      0.00      0.00      0.00      0.00      0.00
05:00:56         0.00      0.00      0.00      0.00      0.00      0.00      0.00      0.00      0.00      0.00      0.00
05:01:06         0.00      0.00      0.00      0.00      0.00      0.00      0.00      0.00      0.00      0.00      0.00
05:01:16         0.00      0.00      0.00      0.00      0.00      0.00      0.00      0.00      0.00      0.00      0.00
05:01:26         0.00      0.00      0.00      0.00      0.00      0.00      0.00      0.00      0.00      0.00      0.00
05:01:36         0.00      0.00      0.00      0.00      0.00      0.00      0.00      0.00      0.00      0.00      0.00
05:01:46         0.00      0.00      0.00      0.00      0.00      0.00      0.00      0.00      0.00      0.00      0.00
05:01:56         0.00      0.00      0.00      0.00      0.00      0.00      0.00      0.00      0.00      0.00      0.00
05:02:06         0.00      0.00      0.00      0.00      0.00      0.00      0.00      0.00      0.00      0.00      0.00
05:02:16         0.00      0.00      0.00      0.00      0.00      0.00      0.00      0.00      0.00      0.00      0.00
05:02:26         0.00      0.00      0.00      0.00      0.00      0.00      0.00      0.00      0.00      0.00      0.00
05:02:36         0.00      0.00      0.00      0.00      0.00      0.00      0.00      0.00      0.00      0.00      0.00
05:02:46         0.00      0.00      0.00      0.00      0.00      0.00      0.00      0.00      0.00      0.00      0.00
05:02:56         0.00      0.00      0.00      0.00      0.00      0.00      0.00      0.00      0.00      0.00      0.00
05:03:06         0.00      0.00      0.00      0.00      0.00      0.00      0.00      0.00      0.00      0.00      0.00
05:03:16         0.00      0.00      0.00      0.00      0.00      0.00      0.00      0.00      0.00      0.00      0.00
05:03:26         0.00      0.00      0.00      0.00      0.00      0.00      0.00      0.00      0.00      0.00      0.00
05:03:36         0.00      0.00      0.00      0.00      0.00      0.00      0.00      0.00      0.00      0.00      0.00
05:03:46         0.00      0.00      0.00      0.00      0.00      0.00      0.00      0.00      0.00      0.00      0.00
05:03:56         0.00      0.00      0.00      0.00      0.00      0.00      0.00      0.00      0.00      0.00      0.00
05:04:06         0.00      0.00      0.00      0.00      0.00      0.00      0.00      0.00      0.00      0.00      0.00
05:04:16         0.00      0.00      0.00      0.00      0.00      0.00      0.00      0.00      0.00      0.00      0.00
05:04:26         0.00      0.00      0.00      0.00      0.00      0.00      0.00      0.00      0.00      0.00      0.00
05:04:36         0.00      0.00      0.00      0.00      0.00      0.00      0.00      0.00      0.00      0.00      0.00
05:04:46         0.00      0.00      0.00      0.00      0.00      0.00      0.00      0.00      0.00      0.00      0.00
05:04:56         0.00      0.00      0.00      0.00      0.00      0.00      0.00      0.00      0.00      0.00      0.00
05:05:06         0.00      0.00      0.00      0.00      0.00      0.00      0.00      0.00      0.00      0.00      0.00
05:05:16         0.00      0.00      0.00      0.00      0.00      0.00      0.00      0.00      0.00      0.00      0.00
05:05:26         0.00      0.00      0.00      0.00      0.00      0.00      0.00      0.00      0.00      0.00      0.00
05:05:36         0.00      0.00      0.00      0.00      0.00      0.00      0.00      0.00      0.00      0.00      0.00
05:05:46         0.00      0.00      0.00      0.00      0.00      0.00      0.00      0.00      0.00      0.00      0.00
05:05:56         0.00      0.00      0.00      0.00      0.00      0.00      0.00      0.00      0.00      0.00      0.00
05:06:06         0.00      0.00      0.00      0.00      0.00      0.00      0.00      0.00      0.00      0.00      0.00
05:06:16         0.00      0.00      0.00      0.00      0.00      0.00      0.00      0.00      0.00      0.00      0.00
05:06:26         0.00      0.00      0.00      0.00      0.00      0.00      0.00      0.00      0.00      0.00      0.00
05:06:36         0.00      0.00      0.00      0.00      0.00      0.00      0.00      0.00      0.00      0.00      0.00
05:06:46         0.00      0.00      0.00      0.00      0.00      0.00      0.00      0.00      0.00      0.00      0.00
05:06:56         0.00      0.00      0.00      0.00      0.00      0.00      0.00      0.00      0.00      0.00      0.00
05:07:06         0.00      0.00      0.00      0.00      0.00      0.00      0.00      0.00      0.00      0.00      0.00
05:07:16         0.00      0.00      0.00      0.00      0.00      0.00      0.00      0.00      0.00      0.00      0.00
05:07:26         0.00      0.00      0.00      0.00      0.00      0.00      0.00      0.00      0.00      0.00      0.00
05:07:36         0.00      0.00      0.00      0.00      0.00      0.00      0.00      0.00      0.00      0.00      0.00
05:07:46         0.00      0.00      0.00      0.00      0.00      0.00      0.00      0.00      0.00      0.00      0.00
05:07:56         0.00      0.00      0.00      0.00      0.00      0.00      0.00      0.00      0.00      0.00      0.00
05:08:06         0.00      0.00      0.00      0.00      0.00      0.00      0.00      0.00      0.00      0.00      0.00
05:08:16         0.00      0.00      0.00      0.00      0.00      0.00      0.00      0.00      0.00      0.00      0.00
05:08:26         0.00      0.00      0.00      0.00      0.00      0.00      0.00      0.00      0.00      0.00      0.00
05:08:36         0.00      0.00      0.00      0.00      0.00      0.00      0.00      0.00      0.00      0.00      0.00
05:08:46         0.00      0.00      0.00      0.00      0.00      0.00      0.00      0.00      0.00      0.00      0.00
05:08:56         0.00      0.00      0.00      0.00      0.00      0.00      0.00      0.00      0.00      0.00      0.00
05:09:06         0.00      0.00      0.00      0.00      0.00      0.00      0.00      0.00      0.00      0.00      0.00
05:09:16         0.00      0.00      0.00      0.00      0.00      0.00      0.00      0.00      0.00      0.00      0.00
05:09:26         0.00      0.00      0.00      0.00      0.00      0.00      0.00      0.00      0.00      0.00      0.00
05:09:36         0.00      0.00      0.00      0.00      0.00      0.00      0.00      0.00      0.00      0.00      0.00
05:09:46         0.00      0.00      0.00      0.00      0.00      0.00      0.00      0.00      0.00      0.00      0.00
05:09:56         0.00      0.00      0.00      0.00      0.00      0.00      0.00      0.00      0.00      0.00      0.00
05:10:06         0.00      0.00      0.00      0.00      0.00      0.00      0.00      0.00      0.00      0.00      0.00
05:10:16         0.00      0.00      0.00      0.00      0.00      0.00      0.00      0.00      0.00      0.00      0.00
05:10:26         0.00      0.00      0.00      0.00      0.00      0.00      0.00      0.00      0.00      0.00      0.00
05:10:36         0.00      0.00      0.00      0.00      0.00      0.00      0.00      0.00      0.00      0.00      0.00
05:10:46         0.00      0.00      0.00      0.00      0.00      0.00      0.00      0.00      0.00      0.00      0.00
05:10:56         0.00      0.00      0.00      0.00      0.00      0.00      0.00      0.00      0.00      0.00      0.00
05:11:06         0.00      0.00      0.00      0.00      0.00      0.00      0.00      0.00      0.00      0.00      0.00
05:11:16         0.00      0.00      0.00      0.00      0.00      0.00      0.00      0.00      0.00      0.00      0.00
05:11:26         0.00      0.00      0.00      0.00      0.00      0.00      0.00      0.00      0.00      0.00      0.00
05:11:36         0.00      0.00      0.00      0.00      0.00      0.00      0.00      0.00      0.00      0.00      0.00
05:11:46         0.00      0.00      0.00      0.00      0.00      0.00      0.00      0.00      0.00      0.00      0.00
05:11:56         0.00      0.00      0.00      0.00      0.00      0.00      0.00      0.00      0.00      0.00      0.00
05:12:06         0.00      0.00      0.00      0.00      0.00      0.00      0.00      0.00      0.00      0.00      0.00
05:12:16         0.00      0.00      0.00      0.00      0.00      0.00      0.00      0.00      0.00      0.00      0.00
05:12:26         0.00      0.00      0.00      0.00      0.00      0.00      0.00      0.00      0.00      0.00      0.00
05:12:36         0.00      0.00      0.00      0.00      0.00      0.00      0.00      0.00      0.00      0.00      0.00
05:12:46         0.00      0.00      0.00      0.00      0.00      0.00      0.00      0.00      0.00      0.00      0.00
05:12:56         0.00      0.00      0.00      0.00      0.00      0.00      0.00      0.00      0.00      0.00      0.00
05:13:06         0.00      0.00      0.00      0.00      0.00      0.00      0.00      0.00      0.00      0.00      0.00
05:13:16         0.00      0.00      0.00      0.00      0.00      0.00      0.00      0.00      0.00      0.00      0.00
05:13:26         0.00      0.00      0.00      0.00      0.00      0.00      0.00      0.00      0.00      0.00      0.00
05:13:36         0.00      0.00      0.00      0.00      0.00      0.00      0.00      0.00      0.00      0.00      0.00
05:13:46         0.00      0.00      0.00      0.00      0.00      0.00      0.00      0.00      0.00      0.00      0.00
05:13:56         0.00      0.00      0.00      0.00      0.00      0.00      0.00      0.00      0.00      0.00      0.00
05:14:06         0.00      0.00      0.00      0.00      0.00      0.00      0.00      0.00      0.00      0.00      0.00
05:14:16         0.00      0.00      0.00      0.00      0.00      0.00      0.00      0.00      0.00      0.00      0.00
05:14:26         0.00      0.00      0.00      0.00      0.00      0.00      0.00      0.00      0.00      0.00      0.00
05:14:36         0.00      0.00      0.00      0.00      0.00      0.00      0.00      0.00      0.00      0.00      0.00
05:14:46         0.00      0.00      0.00      0.00      0.00      0.00      0.00      0.00      0.00      0.00      0.00
05:14:56         0.00      0.00      0.00      0.00      0.00      0.00      0.00      0.00      0.00      0.00      0.00
05:15:06         0.00      0.00      0.00      0.00      0.00      0.00      0.00      0.00      0.00      0.00      0.00
05:15:16         0.00      0.00      0.00      0.00      0.00      0.00      0.00      0.00      0.00      0.00      0.00
05:15:26         0.00      0.00      0.00      0.00      0.00      0.00      0.00      0.00      0.00      0.00      0.00
05:15:36         0.00      0.00      0.00      0.00      0.00      0.00      0.00      0.00      0.00      0.00      0.00
05:15:46         0.00      0.00      0.00      0.00      0.00      0.00      0.00      0.00      0.00      0.00      0.00
05:15:56         0.00      0.00      0.00      0.00      0.00      0.00      0.00      0.00      0.00      0.00      0.00
05:16:06         0.00      0.00      0.00      0.00      0.00      0.00      0.00      0.00      0.00      0.00      0.00
05:16:16         0.00      0.00      0.00      0.00      0.00      0.00      0.00      0.00      0.00      0.00      0.00
05:16:26         0.00      0.00      0.00      0.00      0.00      0.00      0.00      0.00      0.00      0.00      0.00
05:16:36         0.00      0.00      0.00      0.00      0.00      0.00      0.00      0.00      0.00      0.00      0.00
05:16:46         0.00      0.00      0.00      0.00      0.00      0.00      0.00      0.00      0.00      0.00      0.00
05:16:56         0.00      0.00      0.00      0.00      0.00      0.00      0.00      0.00      0.00      0.00      0.00
05:17:06         0.00      0.00      0.00      0.00      0.00      0.00      0.00      0.00      0.00      0.00      0.00
05:17:16         0.00      0.00      0.00      0.00      0.00      0.00      0.00      0.00      0.00      0.00      0.00
05:17:26         0.00      0.00      0.00      0.00      0.00      0.00      0.00      0.00      0.00      0.00      0.00
05:17:36         0.00      0.00      0.00      0.00      0.00      0.00      0.00      0.00      0.00      0.00      0.00
05:17:46         0.00      0.00      0.00      0.00      0.00      0.00      0.00      0.00      0.00      0.00      0.00
05:17:56         0.00      0.00      0.00      0.00      0.00      0.00      0.00      0.00      0.00      0.00      0.00
05:18:06         0.00      0.00      0.00      0.00      0.00      0.00      0.00      0.00      0.00      0.00      0.00
05:18:16         0.00      0.00      0.00      0.00      0.00      0.00      0.00      0.00      0.00      0.00      0.00
05:18:26         0.00      0.00      0.00      0.00      0.00      0.00      0.00      0.00      0.00      0.00      0.00
05:18:36         0.00      0.00      0.00      0.00      0.00      0.00      0.00      0.00      0.00      0.00      0.00
05:18:46         0.00      0.00      0.00      0.00      0.00      0.00      0.00      0.00      0.00      0.00      0.00
05:18:56         0.00      0.00      0.00      0.00      0.00      0.00      0.00      0.00      0.00      0.00      0.00
05:19:06         0.00      0.00      0.00      0.00      0.00      0.00      0.00      0.00      0.00      0.00      0.00
05:19:16         0.00      0.00      0.00      0.00      0.00      0.00      0.00      0.00      0.00      0.00      0.00
05:19:26         0.00      0.00      0.00      0.00      0.00      0.00      0.00      0.00      0.00      0.00      0.00
05:19:36         0.00      0.00      0.00      0.00      0.00      0.00      0.00      0.00      0.00      0.00      0.00
05:19:46         0.00      0.00      0.00      0.00      0.00      0.00      0.00      0.00      0.00      0.00      0.00
05:19:56         0.00      0.00      0.00      0.00      0.00      0.00      0.00      0.00      0.00      0.00      0.00
05:20:06         0.00      0.00      0.00      0.00      0.00      0.00      0.00      0.00      0.00      0.00      0.00
05:20:16         0.00      0.00      0.00      0.00      0.00      0.00      0.00      0.00      0.00      0.00      0.00
05:20:26         0.00      0.00      0.00      0.00      0.00      0.00      0.00      0.00      0.00      0.00      0.00
05:20:36         0.00      0.00      0.00      0.00      0.00      0.00      0.00      0.00      0.00      0.00      0.00
05:20:46         0.00      0.00      0.00      0.00      0.00      0.00      0.00      0.00      0.00      0.00      0.00
05:20:56         0.00      0.00      0.00      0.00      0.00      0.00      0.00      0.00      0.00      0.00      0.00
05:21:06         0.00      0.00      0.00      0.00      0.00      0.00      0.00      0.00      0.00      0.00      0.00
05:21:16         0.00      0.00      0.00      0.00      0.00      0.00      0.00      0.00      0.00      0.00      0.00
05:21:26         0.00      0.00      0.00      0.00      0.00      0.00      0.00      0.00      0.00      0.00      0.00
05:21:36         0.00      0.00      0.00      0.00      0.00      0.00      0.00      0.00      0.00      0.00      0.00
05:21:46         0.00      0.00      0.00      0.00      0.00      0.00      0.00      0.00      0.00      0.00      0.00
05:21:56         0.00      0.00      0.00      0.00      0.00      0.00      0.00      0.00      0.00      0.00      0.00
05:22:06         0.00      0.00      0.00      0.00      0.00      0.00      0.00      0.00      0.00      0.00      0.00
05:22:16         0.00      0.00      0.00      0.00      0.00      0.00      0.00      0.00      0.00      0.00      0.00
05:22:26         0.00      0.00      0.00      0.00      0.00      0.00      0.00      0.00      0.00      0.00      0.00
05:22:36         0.00      0.00      0.00      0.00      0.00      0.00      0.00      0.00      0.00      0.00      0.00
05:22:46         0.00      0.00      0.00      0.00      0.00      0.00      0.00      0.00      0.00      0.00      0.00
05:22:56         0.00      0.00      0.00      0.00      0.00      0.00      0.00      0.00      0.00      0.00      0.00
05:23:06         0.00      0.00      0.00      0.00      0.00      0.00      0.00      0.00      0.00      0.00      0.00
05:23:16         0.00      0.00      0.00      0.00      0.00      0.00      0.00      0.00      0.00      0.00      0.00
05:23:26         0.00      0.00      0.00      0.00      0.00      0.00      0.00      0.00      0.00      0.00      0.00
05:23:36         0.00      0.00      0.00      0.00      0.00      0.00      0.00      0.00      0.00      0.00      0.00
05:23:46         0.00      0.00      0.00      0.00      0.00      0.00      0.00      0.00      0.00      0.00      0.00
05:23:56         0.00      0.00      0.00      0.00      0.00      0.00      0.00      0.00      0.00      0.00      0.00
05:24:06         0.00      0.00      0.00      0.00      0.00      0.00      0.00      0.00      0.00      0.00      0.00
05:24:16         0.00      0.00      0.00      0.00      0.00      0.00      0.00      0.00      0.00      0.00      0.00
05:24:26         0.00      0.00      0.00      0.00      0.00      0.00      0.00      0.00      0.00      0.00      0.00
05:24:36         0.00      0.00      0.00      0.00      0.00      0.00      0.00      0.00      0.00      0.00      0.00
05:24:46         0.00      0.00      0.00      0.00      0.00      0.00      0.00      0.00      0.00      0.00      0.00
05:24:56         0.00      0.00      0.00      0.00      0.00      0.00      0.00      0.00      0.00      0.00      0.00
05:25:06         0.00      0.00      0.00      0.00      0.00      0.00      0.00      0.00      0.00      0.00      0.00
05:25:16         0.00      0.00      0.00      0.00      0.00      0.00      0.00      0.00      0.00      0.00      0.00
05:25:26         0.00      0.00      0.00      0.00      0.00      0.00      0.00      0.00      0.00      0.00      0.00
05:25:36         0.00      0.00      0.00      0.00      0.00      0.00      0.00      0.00      0.00      0.00      0.00
05:25:46         0.00      0.00      0.00      0.00      0.00      0.00      0.00      0.00      0.00      0.00      0.00
05:25:56         0.00      0.00      0.00      0.00      0.00      0.00      0.00      0.00      0.00      0.00      0.00
05:26:06         0.00      0.00      0.00      0.00      0.00      0.00      0.00      0.00      0.00      0.00      0.00
05:26:16         0.00      0.00      0.00      0.00      0.00      0.00      0.00      0.00      0.00      0.00      0.00
05:26:26         0.00      0.00      0.00      0.00      0.00      0.00      0.00      0.00      0.00      0.00      0.00
05:26:36         0.00      0.00      0.00      0.00      0.00      0.00      0.00      0.00      0.00      0.00      0.00
05:26:46         0.00      0.00      0.00      0.00      0.00      0.00      0.00      0.00      0.00      0.00      0.00
05:26:56         0.00      0.00      0.00      0.00      0.00      0.00      0.00      0.00      0.00      0.00      0.00
05:27:06         0.00      0.00      0.00      0.00      0.00      0.00      0.00      0.00      0.00      0.00      0.00
05:27:16         0.00      0.00      0.00      0.00      0.00      0.00      0.00      0.00      0.00      0.00      0.00
05:27:26         0.00      0.00      0.00      0.00      0.00      0.00      0.00      0.00      0.00      0.00      0.00
05:27:36         0.00      0.00      0.00      0.00      0.00      0.00      0.00      0.00      0.00      0.00      0.00
05:27:46         0.00      0.00      0.00      0.00      0.00      0.00      0.00      0.00      0.00      0.00      0.00
05:27:56         0.00      0.00      0.00      0.00      0.00      0.00      0.00      0.00      0.00      0.00      0.00
05:28:06         0.00      0.00      0.00      0.00      0.00      0.00      0.00      0.00      0.00      0.00      0.00
Average:         0.00      0.00      0.00      0.00      0.00      0.00      0.00      0.00      0.00      0.00      0.00

04:48:06      idgm6/s   odgm6/s noport6/s idgmer6/s
04:48:16         0.00      0.00      0.00      0.00
04:48:26         0.00      0.00      0.00      0.00
04:48:36         0.00      0.00      0.00      0.00
04:48:46         0.00      0.00      0.00      0.00
04:48:56         0.00      0.00      0.00      0.00
04:49:06         0.00      0.00      0.00      0.00
04:49:16         0.00      0.00      0.00      0.00
04:49:26         0.00      0.00      0.00      0.00
04:49:36         0.00      0.00      0.00      0.00
04:49:46         0.00      0.00      0.00      0.00
04:49:56         0.00      0.00      0.00      0.00
04:50:06         0.00      0.00      0.00      0.00
04:50:16         0.00      0.00      0.00      0.00
04:50:26         0.00      0.00      0.00      0.00
04:50:36         0.00      0.00      0.00      0.00
04:50:46         0.00      0.00      0.00      0.00
04:50:56         0.00      0.00      0.00      0.00
04:51:06         0.00      0.00      0.00      0.00
04:51:16         0.00      0.00      0.00      0.00
04:51:26         0.00      0.00      0.00      0.00
04:51:36         0.00      0.00      0.00      0.00
04:51:46         0.00      0.00      0.00      0.00
04:51:56         0.00      0.00      0.00      0.00
04:52:06         0.00      0.00      0.00      0.00
04:52:16         0.00      0.00      0.00      0.00
04:52:26         0.00      0.00      0.00      0.00
04:52:36         0.00      0.00      0.00      0.00
04:52:46         0.00      0.00      0.00      0.00
04:52:56         0.00      0.00      0.00      0.00
04:53:06         0.00      0.00      0.00      0.00
04:53:16         0.00      0.00      0.00      0.00
04:53:26         0.00      0.00      0.00      0.00
04:53:36         0.00      0.00      0.00      0.00
04:53:46         0.00      0.00      0.00      0.00
04:53:56         0.00      0.00      0.00      0.00
04:54:06         0.00      0.00      0.00      0.00
04:54:16         0.00      0.00      0.00      0.00
04:54:26         0.00      0.00      0.00      0.00
04:54:36         0.00      0.00      0.00      0.00
04:54:46         0.00      0.00      0.00      0.00
04:54:56         0.00      0.00      0.00      0.00
04:55:06         0.00      0.00      0.00      0.00
04:55:16         0.00      0.00      0.00      0.00
04:55:26         0.00      0.00      0.00      0.00
04:55:36         0.00      0.00      0.00      0.00
04:55:46         0.00      0.00      0.00      0.00
04:55:56         0.00      0.00      0.00      0.00
04:56:06         0.00      0.00      0.00      0.00
04:56:16         0.00      0.00      0.00      0.00
04:56:26         0.00      0.00      0.00      0.00
04:56:36         0.00      0.00      0.00      0.00
04:56:46         0.00      0.00      0.00      0.00
04:56:56         0.00      0.00      0.00      0.00
04:57:06         0.00      0.00      0.00      0.00
04:57:16         0.00      0.00      0.00      0.00
04:57:26         0.00      0.00      0.00      0.00
04:57:36         0.00      0.00      0.00      0.00
04:57:46         0.00      0.00      0.00      0.00
04:57:56         0.00      0.00      0.00      0.00
04:58:06         0.00      0.00      0.00      0.00
04:58:16         0.00      0.00      0.00      0.00
04:58:26         0.00      0.00      0.00      0.00
04:58:36         0.00      0.00      0.00      0.00
04:58:46         0.00      0.00      0.00      0.00
04:58:56         0.00      0.00      0.00      0.00
04:59:06         0.00      0.00      0.00      0.00
04:59:16         0.00      0.00      0.00      0.00
04:59:26         0.00      0.00      0.00      0.00
04:59:36         0.00      0.00      0.00      0.00
04:59:46         0.00      0.00      0.00      0.00
04:59:56         0.00      0.00      0.00      0.00
05:00:06         0.00      0.00      0.00      0.00
05:00:16         0.00      0.00      0.00      0.00
05:00:26         0.00      0.00      0.00      0.00
05:00:36         0.00      0.00      0.00      0.00
05:00:46         0.00      0.00      0.00      0.00
05:00:56         0.00      0.00      0.00      0.00
05:01:06         0.00      0.00      0.00      0.00
05:01:16         0.00      0.00      0.00      0.00
05:01:26         0.00      0.00      0.00      0.00
05:01:36         0.00      0.00      0.00      0.00
05:01:46         0.00      0.00      0.00      0.00
05:01:56         0.00      0.00      0.00      0.00
05:02:06         0.00      0.00      0.00      0.00
05:02:16         0.00      0.00      0.00      0.00
05:02:26         0.00      0.00      0.00      0.00
05:02:36         0.00      0.00      0.00      0.00
05:02:46         0.00      0.00      0.00      0.00
05:02:56         0.00      0.00      0.00      0.00
05:03:06         0.00      0.00      0.00      0.00
05:03:16         0.00      0.00      0.00      0.00
05:03:26         0.00      0.00      0.00      0.00
05:03:36         0.00      0.00      0.00      0.00
05:03:46         0.00      0.00      0.00      0.00
05:03:56         0.00      0.00      0.00      0.00
05:04:06         0.00      0.00      0.00      0.00
05:04:16         0.00      0.00      0.00      0.00
05:04:26         0.00      0.00      0.00      0.00
05:04:36         0.00      0.00      0.00      0.00
05:04:46         0.00      0.00      0.00      0.00
05:04:56         0.00      0.00      0.00      0.00
05:05:06         0.00      0.00      0.00      0.00
05:05:16         0.00      0.00      0.00      0.00
05:05:26         0.00      0.00      0.00      0.00
05:05:36         0.00      0.00      0.00      0.00
05:05:46         0.00      0.00      0.00      0.00
05:05:56         0.00      0.00      0.00      0.00
05:06:06         0.00      0.00      0.00      0.00
05:06:16         0.00      0.00      0.00      0.00
05:06:26         0.00      0.00      0.00      0.00
05:06:36         0.00      0.00      0.00      0.00
05:06:46         0.00      0.00      0.00      0.00
05:06:56         0.00      0.00      0.00      0.00
05:07:06         0.00      0.00      0.00      0.00
05:07:16         0.00      0.00      0.00      0.00
05:07:26         0.00      0.00      0.00      0.00
05:07:36         0.00      0.00      0.00      0.00
05:07:46         0.00      0.00      0.00      0.00
05:07:56         0.00      0.00      0.00      0.00
05:08:06         0.00      0.00      0.00      0.00
05:08:16         0.00      0.00      0.00      0.00
05:08:26         0.00      0.00      0.00      0.00
05:08:36         0.00      0.00      0.00      0.00
05:08:46         0.00      0.00      0.00      0.00
05:08:56         0.00      0.00      0.00      0.00
05:09:06         0.00      0.00      0.00      0.00
05:09:16         0.00      0.00      0.00      0.00
05:09:26         0.00      0.00      0.00      0.00
05:09:36         0.00      0.00      0.00      0.00
05:09:46         0.00      0.00      0.00      0.00
05:09:56         0.00      0.00      0.00      0.00
05:10:06         0.00      0.00      0.00      0.00
05:10:16         0.00      0.00      0.00      0.00
05:10:26         0.00      0.00      0.00      0.00
05:10:36         0.00      0.00      0.00      0.00
05:10:46         0.00      0.00      0.00      0.00
05:10:56         0.00      0.00      0.00      0.00
05:11:06         0.00      0.00      0.00      0.00
05:11:16         0.00      0.00      0.00      0.00
05:11:26         0.00      0.00      0.00      0.00
05:11:36         0.00      0.00      0.00      0.00
05:11:46         0.00      0.00      0.00      0.00
05:11:56         0.00      0.00      0.00      0.00
05:12:06         0.00      0.00      0.00      0.00
05:12:16         0.00      0.00      0.00      0.00
05:12:26         0.00      0.00      0.00      0.00
05:12:36         0.00      0.00      0.00      0.00
05:12:46         0.00      0.00      0.00      0.00
05:12:56         0.00      0.00      0.00      0.00
05:13:06         0.00      0.00      0.00      0.00
05:13:16         0.00      0.00      0.00      0.00
05:13:26         0.00      0.00      0.00      0.00
05:13:36         0.00      0.00      0.00      0.00
05:13:46         0.00      0.00      0.00      0.00
05:13:56         0.00      0.00      0.00      0.00
05:14:06         0.00      0.00      0.00      0.00
05:14:16         0.00      0.00      0.00      0.00
05:14:26         0.00      0.00      0.00      0.00
05:14:36         0.00      0.00      0.00      0.00
05:14:46         0.00      0.00      0.00      0.00
05:14:56         0.00      0.00      0.00      0.00
05:15:06         0.00      0.00      0.00      0.00
05:15:16         0.00      0.00      0.00      0.00
05:15:26         0.00      0.00      0.00      0.00
05:15:36         0.00      0.00      0.00      0.00
05:15:46         0.00      0.00      0.00      0.00
05:15:56         0.00      0.00      0.00      0.00
05:16:06         0.00      0.00      0.00      0.00
05:16:16         0.00      0.00      0.00      0.00
05:16:26         0.00      0.00      0.00      0.00
05:16:36         0.00      0.00      0.00      0.00
05:16:46         0.00      0.00      0.00      0.00
05:16:56         0.00      0.00      0.00      0.00
05:17:06         0.00      0.00      0.00      0.00
05:17:16         0.00      0.00      0.00      0.00
05:17:26         0.00      0.00      0.00      0.00
05:17:36         0.00      0.00      0.00      0.00
05:17:46         0.00      0.00      0.00      0.00
05:17:56         0.00      0.00      0.00      0.00
05:18:06         0.00      0.00      0.00      0.00
05:18:16         0.00      0.00      0.00      0.00
05:18:26         0.00      0.00      0.00      0.00
05:18:36         0.00      0.00      0.00      0.00
05:18:46         0.00      0.00      0.00      0.00
05:18:56         0.00      0.00      0.00      0.00
05:19:06         0.00      0.00      0.00      0.00
05:19:16         0.00      0.00      0.00      0.00
05:19:26         0.00      0.00      0.00      0.00
05:19:36         0.00      0.00      0.00      0.00
05:19:46         0.00      0.00      0.00      0.00
05:19:56         0.00      0.00      0.00      0.00
05:20:06         0.00      0.00      0.00      0.00
05:20:16         0.00      0.00      0.00      0.00
05:20:26         0.00      0.00      0.00      0.00
05:20:36         0.00      0.00      0.00      0.00
05:20:46         0.00      0.00      0.00      0.00
05:20:56         0.00      0.00      0.00      0.00
05:21:06         0.00      0.00      0.00      0.00
05:21:16         0.00      0.00      0.00      0.00
05:21:26         0.00      0.00      0.00      0.00
05:21:36         0.00      0.00      0.00      0.00
05:21:46         0.00      0.00      0.00      0.00
05:21:56         0.00      0.00      0.00      0.00
05:22:06         0.00      0.00      0.00      0.00
05:22:16         0.00      0.00      0.00      0.00
05:22:26         0.00      0.00      0.00      0.00
05:22:36         0.00      0.00      0.00      0.00
05:22:46         0.00      0.00      0.00      0.00
05:22:56         0.00      0.00      0.00      0.00
05:23:06         0.00      0.00      0.00      0.00
05:23:16         0.00      0.00      0.00      0.00
05:23:26         0.00      0.00      0.00      0.00
05:23:36         0.00      0.00      0.00      0.00
05:23:46         0.00      0.00      0.00      0.00
05:23:56         0.00      0.00      0.00      0.00
05:24:06         0.00      0.00      0.00      0.00
05:24:16         0.00      0.00      0.00      0.00
05:24:26         0.00      0.00      0.00      0.00
05:24:36         0.00      0.00      0.00      0.00
05:24:46         0.00      0.00      0.00      0.00
05:24:56         0.00      0.00      0.00      0.00
05:25:06         0.00      0.00      0.00      0.00
05:25:16         0.00      0.00      0.00      0.00
05:25:26         0.00      0.00      0.00      0.00
05:25:36         0.00      0.00      0.00      0.00
05:25:46         0.00      0.00      0.00      0.00
05:25:56         0.00      0.00      0.00      0.00
05:26:06         0.00      0.00      0.00      0.00
05:26:16         0.00      0.00      0.00      0.00
05:26:26         0.00      0.00      0.00      0.00
05:26:36         0.00      0.00      0.00      0.00
05:26:46         0.00      0.00      0.00      0.00
05:26:56         0.00      0.00      0.00      0.00
05:27:06         0.00      0.00      0.00      0.00
05:27:16         0.00      0.00      0.00      0.00
05:27:26         0.00      0.00      0.00      0.00
05:27:36         0.00      0.00      0.00      0.00
05:27:46         0.00      0.00      0.00      0.00
05:27:56         0.00      0.00      0.00      0.00
05:28:06         0.00      0.00      0.00      0.00
Average:         0.00      0.00      0.00      0.00

04:48:06        CPU   total/s   dropd/s squeezd/s  rx_rps/s flw_lim/s   blg_len
04:48:16        all      1.10      0.00      0.00      0.00      0.00         0
04:48:26        all      0.90      0.00      0.00      0.00      0.00         0
04:48:36        all      1.00      0.00      0.00      0.00      0.00         0
04:48:46        all      1.30      0.00      0.00      0.00      0.00         0
04:48:56        all      1.20      0.00      0.00      0.00      0.00         0
04:49:06        all      0.90      0.00      0.00      0.00      0.00         0
04:49:16        all      1.60      0.00      0.00      0.00      0.00         0
04:49:26        all      1.60      0.00      0.00      0.00      0.00         0
04:49:36        all      1.10      0.00      0.00      0.00      0.00         0
04:49:46        all      0.80      0.00      0.00      0.00      0.00         0
04:49:56        all      1.10      0.00      0.00      0.00      0.00         0
04:50:06        all      2.10      0.00      0.00      0.00      0.00         0
04:50:16        all      1.40      0.00      0.00      0.00      0.00         0
04:50:26        all      0.80      0.00      0.00      0.00      0.00         0
04:50:36        all      0.60      0.00      0.00      0.00      0.00         0
04:50:46        all      1.00      0.00      0.00      0.00      0.00         0
04:50:56        all      0.90      0.00      0.00      0.00      0.00         0
04:51:06        all      1.20      0.00      0.00      0.00      0.00         0
04:51:16        all      0.90      0.00      0.00      0.00      0.00         0
04:51:26        all      0.90      0.00      0.00      0.00      0.00         0
04:51:36        all      1.10      0.00      0.00      0.00      0.00         0
04:51:46        all      1.10      0.00      0.10      0.00      0.00         0
04:51:56        all      0.80      0.00      0.00      0.00      0.00         0
04:52:06        all      0.90      0.00      0.00      0.00      0.00         0
04:52:16        all      1.10      0.00      0.00      0.00      0.00         0
04:52:26        all      0.80      0.00      0.00      0.00      0.00         0
04:52:36        all      0.90      0.00      0.00      0.00      0.00         0
04:52:46        all      1.10      0.00      0.00      0.00      0.00         0
04:52:56        all      0.80      0.00      0.00      0.00      0.00         0
04:53:06        all      0.90      0.00      0.00      0.00      0.00         0
04:53:16        all      1.20      0.00      0.10      0.00      0.00         0
04:53:26        all      1.10      0.00      0.00      0.00      0.00         0
04:53:36        all      0.70      0.00      0.00      0.00      0.00         0
04:53:46        all      1.00      0.00      0.00      0.00      0.00         0
04:53:56        all      4.60      0.00      0.10      0.00      0.00         0
04:54:06        all     34.10      0.00      1.50      0.00      0.00         0
04:54:16        all      1.00      0.00      0.00      0.00      0.00         0
04:54:26        all      1.10      0.00      0.00      0.00      0.00         0
04:54:36        all      0.90      0.00      0.00      0.00      0.00         0
04:54:46        all      1.10      0.00      0.00      0.00      0.00         0
04:54:56        all      0.80      0.00      0.00      0.00      0.00         0
04:55:06        all      1.20      0.00      0.00      0.00      0.00         0
04:55:16        all      0.90      0.00      0.00      0.00      0.00         0
04:55:26        all      1.10      0.00      0.00      0.00      0.00         0
04:55:36        all      0.90      0.00      0.10      0.00      0.00         0
04:55:46        all      0.90      0.00      0.00      0.00      0.00         0
04:55:56        all      0.90      0.00      0.00      0.00      0.00         0
04:56:06        all      1.00      0.00      0.00      0.00      0.00         0
04:56:16        all      1.30      0.00      0.00      0.00      0.00         0
04:56:26        all      1.10      0.00      0.00      0.00      0.00         0
04:56:36        all      0.70      0.00      0.00      0.00      0.00         0
04:56:46        all      0.80      0.00      0.00      0.00      0.00         0
04:56:56        all      0.90      0.00      0.00      0.00      0.00         0
04:57:06        all      1.30      0.00      0.00      0.00      0.00         0
04:57:16        all      0.70      0.00      0.00      0.00      0.00         0
04:57:26        all      1.10      0.00      0.00      0.00      0.00         0
04:57:36        all      1.10      0.00      0.00      0.00      0.00         0
04:57:46        all      0.90      0.00      0.00      0.00      0.00         0
04:57:56        all      1.00      0.00      0.10      0.00      0.00         0
04:58:06        all      0.90      0.00      0.00      0.00      0.00         0
04:58:16        all      1.00      0.00      0.00      0.00      0.00         0
04:58:26        all      1.10      0.00      0.00      0.00      0.00         0
04:58:36        all      0.90      0.00      0.00      0.00      0.00         0
04:58:46        all      1.10      0.00      0.00      0.00      0.00         0
04:58:56        all      0.80      0.00      0.00      0.00      0.00         0
04:59:06        all      1.00      0.00      0.00      0.00      0.00         0
04:59:16        all     10.50      0.00      0.00      0.00      0.00         0
04:59:26        all      1.00      0.00      0.00      0.00      0.00         0
04:59:36        all     81.02      0.00      0.00      0.00      0.00         0
04:59:46        all     32.20      0.00      0.00      0.00      0.00         0
04:59:56        all     25.40      0.00      0.00      0.00      0.00         0
05:00:06        all     11.60      0.00      0.00      0.00      0.00         0
05:00:16        all     32.10      0.00      0.10      0.00      0.00         0
05:00:26        all     25.40      0.00      0.00      0.00      0.00         0
05:00:36        all      0.70      0.00      0.00      0.00      0.00         0
05:00:46        all     24.30      0.00      0.60      0.00      0.00         0
05:00:56        all      1.00      0.00      0.00      0.00      0.00         0
05:01:06        all      1.60      0.00      0.00      0.00      0.00         0
05:01:16        all      1.20      0.00      0.00      0.00      0.00         0
05:01:26        all      0.90      0.00      0.00      0.00      0.00         0
05:01:36        all      0.90      0.00      0.00      0.00      0.00         0
05:01:46        all      0.90      0.00      0.00      0.00      0.00         0
05:01:56        all      0.70      0.00      0.00      0.00      0.00         0
05:02:06        all      1.20      0.00      0.00      0.00      0.00         0
05:02:16        all      1.00      0.00      0.00      0.00      0.00         0
05:02:26        all      0.80      0.00      0.00      0.00      0.00         0
05:02:36        all      0.90      0.00      0.00      0.00      0.00         0
05:02:46        all      1.00      0.00      0.00      0.00      0.00         0
05:02:56        all      1.00      0.00      0.00      0.00      0.00         0
05:03:06        all      1.10      0.00      0.00      0.00      0.00         0
05:03:16        all      0.80      0.00      0.00      0.00      0.00         0
05:03:26        all      0.90      0.00      0.00      0.00      0.00         0
05:03:36        all      0.90      0.00      0.00      0.00      0.00         0
05:03:46        all      1.10      0.00      0.00      0.00      0.00         0
05:03:56        all      0.80      0.00      0.00      0.00      0.00         0
05:04:06        all      1.30      0.00      0.10      0.00      0.00         0
05:04:16        all      1.20      0.00      0.00      0.00      0.00         0
05:04:26        all      0.90      0.00      0.00      0.00      0.00         0
05:04:36        all      0.90      0.00      0.00      0.00      0.00         0
05:04:46        all      0.90      0.00      0.00      0.00      0.00         0
05:04:56        all      0.90      0.00      0.00      0.00      0.00         0
05:05:06        all      0.90      0.00      0.00      0.00      0.00         0
05:05:16        all      1.00      0.00      0.00      0.00      0.00         0
05:05:26        all      1.10      0.00      0.10      0.00      0.00         0
05:05:36        all      0.90      0.00      0.00      0.00      0.00         0
05:05:46        all      1.30      0.00      0.00      0.00      0.00         0
05:05:56        all      0.70      0.00      0.00      0.00      0.00         0
05:06:06        all      1.10      0.00      0.00      0.00      0.00         0
05:06:16        all      9.60      0.00      0.00      0.00      0.00         0
05:06:26        all      0.90      0.00      0.00      0.00      0.00         0
05:06:36        all     83.20      0.00      0.00      0.00      0.00         0
05:06:46        all     31.00      0.00      0.00      0.00      0.00         0
05:06:56        all     24.50      0.00      0.00      0.00      0.00         0
05:07:06        all     13.40      0.00      0.00      0.00      0.00         0
05:07:16        all     31.20      0.00      0.00      0.00      0.00         0
05:07:26        all     24.50      0.00      0.00      0.00      0.00         0
05:07:36        all      0.90      0.00      0.00      0.00      0.00         0
05:07:46        all      0.90      0.00      0.00      0.00      0.00         0
05:07:56        all      0.90      0.00      0.00      0.00      0.00         0
05:08:06        all      0.80      0.00      0.00      0.00      0.00         0
05:08:16        all      1.20      0.00      0.00      0.00      0.00         0
05:08:26        all      6.80      0.00      0.10      0.00      0.00         0
05:08:36        all      1.80      0.00      0.00      0.00      0.00         0
05:08:46        all      1.50      0.00      0.00      0.00      0.00         0
05:08:56        all      0.90      0.00      0.00      0.00      0.00         0
05:09:06        all      0.90      0.00      0.00      0.00      0.00         0
05:09:16        all      1.00      0.00      0.00      0.00      0.00         0
05:09:26        all      1.00      0.00      0.00      0.00      0.00         0
05:09:36        all      0.80      0.00      0.00      0.00      0.00         0
05:09:46        all      0.90      0.00      0.00      0.00      0.00         0
05:09:56        all      1.00      0.00      0.00      0.00      0.00         0
05:10:06        all      0.80      0.00      0.00      0.00      0.00         0
05:10:16        all      1.90      0.00      0.00      0.00      0.00         0
05:10:26        all      1.40      0.00      0.00      0.00      0.00         0
05:10:36        all      1.70      0.00      0.00      0.00      0.00         0
05:10:46        all      1.30      0.00      0.10      0.00      0.00         0
05:10:56        all      0.80      0.00      0.00      0.00      0.00         0
05:11:06        all      1.00      0.00      0.00      0.00      0.00         0
05:11:16        all      0.90      0.00      0.00      0.00      0.00         0
05:11:26        all      1.20      0.00      0.00      0.00      0.00         0
05:11:36        all      1.70      0.00      0.00      0.00      0.00         0
05:11:46        all      1.20      0.00      0.00      0.00      0.00         0
05:11:56        all      0.90      0.00      0.00      0.00      0.00         0
05:12:06        all      1.60      0.00      0.00      0.00      0.00         0
05:12:16        all      1.30      0.00      0.00      0.00      0.00         0
05:12:26        all      1.20      0.00      0.00      0.00      0.00         0
05:12:36        all      0.90      0.00      0.00      0.00      0.00         0
05:12:46        all      0.90      0.00      0.00      0.00      0.00         0
05:12:56        all      1.00      0.00      0.10      0.00      0.00         0
05:13:06        all      1.10      0.00      0.00      0.00      0.00         0
05:13:16        all     10.40      0.00      0.00      0.00      0.00         0
05:13:26        all      1.10      0.00      0.00      0.00      0.00         0
05:13:36        all     82.60      0.00      0.00      0.00      0.00         0
05:13:46        all     31.40      0.00      0.00      0.00      0.00         0
05:13:56        all     24.70      0.00      0.00      0.00      0.00         0
05:14:06        all     13.20      0.00      0.10      0.00      0.00         0
05:14:16        all     37.70      0.00      0.10      0.00      0.00         0
05:14:26        all     22.20      0.00      0.10      0.00      0.00         0
05:14:36        all      0.90      0.00      0.00      0.00      0.00         0
05:14:46        all      1.10      0.00      0.00      0.00      0.00         0
05:14:56        all      0.90      0.00      0.00      0.00      0.00         0
05:15:06        all      1.00      0.00      0.00      0.00      0.00         0
05:15:16        all      0.90      0.00      0.00      0.00      0.00         0
05:15:26        all      8.30      0.00      0.20      0.00      0.00         0
05:15:36        all      1.00      0.00      0.00      0.00      0.00         0
05:15:46        all      0.90      0.00      0.00      0.00      0.00         0
05:15:56        all      1.00      0.00      0.00      0.00      0.00         0
05:16:06        all      1.20      0.00      0.00      0.00      0.00         0
05:16:16        all      1.10      0.00      0.00      0.00      0.00         0
05:16:26        all      0.90      0.00      0.00      0.00      0.00         0
05:16:36        all      0.90      0.00      0.00      0.00      0.00         0
05:16:46        all      0.90      0.00      0.00      0.00      0.00         0
05:16:56        all      0.80      0.00      0.00      0.00      0.00         0
05:17:06        all      1.20      0.00      0.00      0.00      0.00         0
05:17:16        all      1.00      0.00      0.00      0.00      0.00         0
05:17:26        all      0.90      0.00      0.00      0.00      0.00         0
05:17:36        all      2.20      0.00      0.00      0.00      0.00         0
05:17:46        all      1.40      0.00      0.00      0.00      0.00         0
05:17:56        all      1.00      0.00      0.00      0.00      0.00         0
05:18:06        all      1.60      0.00      0.00      0.00      0.00         0
05:18:16        all      1.00      0.00      0.00      0.00      0.00         0
05:18:26        all      0.90      0.00      0.00      0.00      0.00         0
05:18:36        all      0.80      0.00      0.00      0.00      0.00         0
05:18:46        all      1.10      0.00      0.00      0.00      0.00         0
05:18:56        all      1.10      0.00      0.00      0.00      0.00         0
05:19:06        all      0.80      0.00      0.00      0.00      0.00         0
05:19:16        all      2.00      0.00      0.00      0.00      0.00         0
05:19:26        all      1.30      0.00      0.00      0.00      0.00         0
05:19:36        all     11.20      0.00      0.00      0.00      0.00         0
05:19:46        all      1.30      0.00      0.00      0.00      0.00         0
05:19:56        all     72.70      0.00      0.20      0.00      0.00         0
05:20:06        all     31.10      0.00      0.00      0.00      0.00         0
05:20:16        all     31.00      0.00      0.00      0.00      0.00         0
05:20:26        all      7.50      0.00      0.00      0.00      0.00         0
05:20:36        all     30.90      0.00      0.00      0.00      0.00         0
05:20:46        all     30.90      0.00      0.00      0.00      0.00         0
05:20:56        all      4.80      0.00      0.00      0.00      0.00         0
05:21:06        all      1.10      0.00      0.00      0.00      0.00         0
05:21:16        all      0.90      0.00      0.00      0.00      0.00         0
05:21:26        all      0.90      0.00      0.00      0.00      0.00         0
05:21:36        all     18.90      0.00      0.30      0.00      0.00         0
05:21:46        all      1.50      0.00      0.00      0.00      0.00         0
05:21:56        all      1.60      0.00      0.00      0.00      0.00         0
05:22:06        all      1.10      0.00      0.00      0.00      0.00         0
05:22:16        all      1.20      0.00      0.00      0.00      0.00         0
05:22:26        all      1.30      0.00      0.00      0.00      0.00         0
05:22:36        all      0.80      0.00      0.10      0.00      0.00         0
05:22:46        all      0.90      0.00      0.00      0.00      0.00         0
05:22:56        all      0.90      0.00      0.00      0.00      0.00         0
05:23:06        all      1.10      0.00      0.00      0.00      0.00         0
05:23:16        all      1.00      0.00      0.00      0.00      0.00         0
05:23:26        all      1.00      0.00      0.00      0.00      0.00         0
05:23:36        all      0.80      0.00      0.00      0.00      0.00         0
05:23:46        all      1.00      0.00      0.00      0.00      0.00         0
05:23:56        all      1.10      0.00      0.00      0.00      0.00         0
05:24:06        all      1.00      0.00      0.00      0.00      0.00         0
05:24:16        all      1.00      0.00      0.00      0.00      0.00         0
05:24:26        all      1.00      0.00      0.00      0.00      0.00         0
05:24:36        all      0.90      0.00      0.00      0.00      0.00         0
05:24:46        all      1.30      0.00      0.00      0.00      0.00         0
05:24:56        all      0.80      0.00      0.00      0.00      0.00         0
05:25:06        all      0.90      0.00      0.00      0.00      0.00         0
05:25:16        all      0.90      0.00      0.00      0.00      0.00         0
05:25:26        all      1.00      0.00      0.00      0.00      0.00         0
05:25:36        all      1.00      0.00      0.00      0.00      0.00         0
05:25:46        all      1.10      0.00      0.00      0.00      0.00         0
05:25:56        all      0.80      0.00      0.00      0.00      0.00         0
05:26:06        all      0.80      0.00      0.00      0.00      0.00         0
05:26:16        all     10.10      0.00      0.00      0.00      0.00         0
05:26:26        all      1.10      0.00      0.00      0.00      0.00         0
05:26:36        all     83.50      0.00      0.00      0.00      0.00         0
05:26:46        all     31.20      0.00      0.00      0.00      0.00         0
05:26:56        all     23.90      0.00      0.00      0.00      0.00         0
05:27:06        all     14.00      0.00      0.00      0.00      0.00         0
05:27:16        all     31.10      0.00      0.10      0.00      0.00         0
05:27:26        all     24.10      0.00      0.00      0.00      0.00         0
05:27:36        all      1.10      0.00      0.00      0.00      0.00         0
05:27:46        all      1.10      0.00      0.00      0.00      0.00         0
05:27:56        all      0.80      0.00      0.10      0.00      0.00         0
05:28:06        all      0.80      0.00      0.00      0.00      0.00         0
Average:        all      5.83      0.00      0.02      0.00      0.00         0
